Phone timestamp;sensor timestamp [ns];timestamp [ms];ecg [uV]
2026-06-17T01:06:17.723;599630059061536896;0.000000;0
2026-06-17T01:06:17.730;599630059069229204;7.692308;0
2026-06-17T01:06:17.738;599630059076921511;15.384615;0
2026-06-17T01:06:17.746;599630059084613819;23.076923;0
2026-06-17T01:06:17.753;599630059092306127;30.769231;1
2026-06-17T01:06:17.761;599630059099998434;38.461538;1
2026-06-17T01:06:17.769;599630059107690742;46.153846;1
2026-06-17T01:06:17.776;599630059115383050;53.846154;1
2026-06-17T01:06:17.784;599630059123075358;61.538462;1
2026-06-17T01:06:17.792;599630059130767665;69.230769;1
2026-06-17T01:06:17.799;599630059138459973;76.923077;1
2026-06-17T01:06:17.807;599630059146152281;84.615385;2
2026-06-17T01:06:17.815;599630059153844588;92.307692;2
2026-06-17T01:06:17.823;599630059161536896;100.000000;2
2026-06-17T01:06:17.830;599630059169229204;107.692308;2
2026-06-17T01:06:17.838;599630059176921511;115.384615;2
2026-06-17T01:06:17.846;599630059184613819;123.076923;2
2026-06-17T01:06:17.853;599630059192306127;130.769231;2
2026-06-17T01:06:17.861;599630059199998434;138.461538;3
2026-06-17T01:06:17.869;599630059207690742;146.153846;3
2026-06-17T01:06:17.876;599630059215383050;153.846154;3
2026-06-17T01:06:17.884;599630059223075358;161.538462;4
2026-06-17T01:06:17.892;599630059230767665;169.230769;5
2026-06-17T01:06:17.899;599630059238459973;176.923077;7
2026-06-17T01:06:17.907;599630059246152281;184.615385;11
2026-06-17T01:06:17.915;599630059253844588;192.307692;18
2026-06-17T01:06:17.923;599630059261536896;200.000000;29
2026-06-17T01:06:17.930;599630059269229204;207.692308;43
2026-06-17T01:06:17.938;599630059276921511;215.384615;59
2026-06-17T01:06:17.946;599630059284613819;223.076923;76
2026-06-17T01:06:17.953;599630059292306127;230.769231;88
2026-06-17T01:06:17.961;599630059299998434;238.461538;94
2026-06-17T01:06:17.969;599630059307690742;246.153846;92
2026-06-17T01:06:17.976;599630059315383050;253.846154;82
2026-06-17T01:06:17.984;599630059323075358;261.538462;67
2026-06-17T01:06:17.992;599630059330767665;269.230769;50
2026-06-17T01:06:17.999;599630059338459973;276.923077;35
2026-06-17T01:06:18.007;599630059346152281;284.615385;23
2026-06-17T01:06:18.015;599630059353844588;292.307692;15
2026-06-17T01:06:18.023;599630059361536896;300.000000;11
2026-06-17T01:06:18.030;599630059369229204;307.692308;8
2026-06-17T01:06:18.038;599630059376921511;315.384615;7
2026-06-17T01:06:18.046;599630059384613819;323.076923;6
2026-06-17T01:06:18.053;599630059392306127;330.769231;6
2026-06-17T01:06:18.061;599630059399998434;338.461538;6
2026-06-17T01:06:18.069;599630059407690742;346.153846;6
2026-06-17T01:06:18.076;599630059415383050;353.846154;6
2026-06-17T01:06:18.084;599630059423075358;361.538462;-1
2026-06-17T01:06:18.092;599630059430767665;369.230769;-28
2026-06-17T01:06:18.099;599630059438459973;376.923077;-15
2026-06-17T01:06:18.107;599630059446152281;384.615385;266
2026-06-17T01:06:18.115;599630059453844588;392.307692;826
2026-06-17T01:06:18.123;599630059461536896;400.000000;1135
2026-06-17T01:06:18.130;599630059469229204;407.692308;796
2026-06-17T01:06:18.138;599630059476921511;415.384615;202
2026-06-17T01:06:18.146;599630059484613819;423.076923;-139
2026-06-17T01:06:18.153;599630059492306127;430.769231;-183
2026-06-17T01:06:18.161;599630059499998434;438.461538;-100
2026-06-17T01:06:18.169;599630059507690742;446.153846;-28
2026-06-17T01:06:18.176;599630059515383050;453.846154;1
2026-06-17T01:06:18.184;599630059523075358;461.538462;8
2026-06-17T01:06:18.192;599630059530767665;469.230769;9
2026-06-17T01:06:18.199;599630059538459973;476.923077;10
2026-06-17T01:06:18.207;599630059546152281;484.615385;11
2026-06-17T01:06:18.215;599630059553844588;492.307692;13
2026-06-17T01:06:18.223;599630059561536896;500.000000;16
2026-06-17T01:06:18.230;599630059569229204;507.692308;20
2026-06-17T01:06:18.238;599630059576921511;515.384615;26
2026-06-17T01:06:18.246;599630059584613819;523.076923;34
2026-06-17T01:06:18.253;599630059592306127;530.769231;45
2026-06-17T01:06:18.261;599630059599998434;538.461538;59
2026-06-17T01:06:18.269;599630059607690742;546.153846;77
2026-06-17T01:06:18.276;599630059615383050;553.846154;97
2026-06-17T01:06:18.284;599630059623075358;561.538462;121
2026-06-17T01:06:18.292;599630059630767665;569.230769;147
2026-06-17T01:06:18.299;599630059638459973;576.923077;174
2026-06-17T01:06:18.307;599630059646152281;584.615385;200
2026-06-17T01:06:18.315;599630059653844588;592.307692;225
2026-06-17T01:06:18.323;599630059661536896;600.000000;245
2026-06-17T01:06:18.330;599630059669229204;607.692308;260
2026-06-17T01:06:18.338;599630059676921511;615.384615;269
2026-06-17T01:06:18.346;599630059684613819;623.076923;269
2026-06-17T01:06:18.353;599630059692306127;630.769231;263
2026-06-17T01:06:18.361;599630059699998434;638.461538;249
2026-06-17T01:06:18.369;599630059707690742;646.153846;230
2026-06-17T01:06:18.376;599630059715383050;653.846154;206
2026-06-17T01:06:18.384;599630059723075358;661.538462;180
2026-06-17T01:06:18.392;599630059730767665;669.230769;153
2026-06-17T01:06:18.399;599630059738459973;676.923077;127
2026-06-17T01:06:18.407;599630059746152281;684.615385;103
2026-06-17T01:06:18.415;599630059753844588;692.307692;82
2026-06-17T01:06:18.423;599630059761536896;700.000000;64
2026-06-17T01:06:18.430;599630059769229204;707.692308;50
2026-06-17T01:06:18.438;599630059776921511;715.384615;38
2026-06-17T01:06:18.446;599630059784613819;723.076923;30
2026-06-17T01:06:18.453;599630059792306127;730.769231;24
2026-06-17T01:06:18.461;599630059799998434;738.461538;19
2026-06-17T01:06:18.469;599630059807690742;746.153846;16
2026-06-17T01:06:18.476;599630059815383050;753.846154;14
2026-06-17T01:06:18.484;599630059823075358;761.538462;13
2026-06-17T01:06:18.492;599630059830767665;769.230769;12
2026-06-17T01:06:18.499;599630059838459973;776.923077;12
2026-06-17T01:06:18.507;599630059846152281;784.615385;12
2026-06-17T01:06:18.515;599630059853844588;792.307692;12
2026-06-17T01:06:18.523;599630059861536896;800.000000;11
2026-06-17T01:06:18.530;599630059869229204;807.692308;12
2026-06-17T01:06:18.538;599630059876921511;815.384615;12
2026-06-17T01:06:18.546;599630059884613819;823.076923;12
2026-06-17T01:06:18.553;599630059892306127;830.769231;12
2026-06-17T01:06:18.561;599630059899998434;838.461538;12
2026-06-17T01:06:18.569;599630059907690742;846.153846;12
2026-06-17T01:06:18.576;599630059915383050;853.846154;12
2026-06-17T01:06:18.584;599630059923075358;861.538462;12
2026-06-17T01:06:18.592;599630059930767665;869.230769;12
2026-06-17T01:06:18.599;599630059938459973;876.923077;12
2026-06-17T01:06:18.607;599630059946152281;884.615385;12
2026-06-17T01:06:18.615;599630059953844588;892.307692;12
2026-06-17T01:06:18.623;599630059961536896;900.000000;12
2026-06-17T01:06:18.630;599630059969229204;907.692308;12
2026-06-17T01:06:18.638;599630059976921511;915.384615;12
2026-06-17T01:06:18.646;599630059984613819;923.076923;12
2026-06-17T01:06:18.653;599630059992306127;930.769231;12
2026-06-17T01:06:18.661;599630059999998434;938.461538;12
2026-06-17T01:06:18.669;599630060007690742;946.153846;12
2026-06-17T01:06:18.676;599630060015383050;953.846154;12
2026-06-17T01:06:18.684;599630060023075358;961.538462;12
2026-06-17T01:06:18.692;599630060030767665;969.230769;12
2026-06-17T01:06:18.699;599630060038459973;976.923077;12
2026-06-17T01:06:18.707;599630060046152281;984.615385;12
2026-06-17T01:06:18.715;599630060053844588;992.307692;12
2026-06-17T01:06:18.723;599630060061536896;1000.000000;12
2026-06-17T01:06:18.730;599630060069229204;1007.692308;12
2026-06-17T01:06:18.738;599630060076921511;1015.384615;12
2026-06-17T01:06:18.746;599630060084613819;1023.076923;12
2026-06-17T01:06:18.753;599630060092306127;1030.769231;12
2026-06-17T01:06:18.761;599630060099998434;1038.461538;12
2026-06-17T01:06:18.769;599630060107690742;1046.153846;12
2026-06-17T01:06:18.776;599630060115383050;1053.846154;12
2026-06-17T01:06:18.784;599630060123075358;1061.538462;12
2026-06-17T01:06:18.792;599630060130767665;1069.230769;12
2026-06-17T01:06:18.799;599630060138459973;1076.923077;12
2026-06-17T01:06:18.807;599630060146152281;1084.615385;12
2026-06-17T01:06:18.815;599630060153844588;1092.307692;12
2026-06-17T01:06:18.823;599630060161536896;1100.000000;12
2026-06-17T01:06:18.830;599630060169229204;1107.692308;12
2026-06-17T01:06:18.838;599630060176921511;1115.384615;12
2026-06-17T01:06:18.846;599630060184613819;1123.076923;12
2026-06-17T01:06:18.853;599630060192306127;1130.769231;12
2026-06-17T01:06:18.861;599630060199998434;1138.461538;12
2026-06-17T01:06:18.869;599630060207690742;1146.153846;12
2026-06-17T01:06:18.876;599630060215383050;1153.846154;12
2026-06-17T01:06:18.884;599630060223075358;1161.538462;12
2026-06-17T01:06:18.892;599630060230767665;1169.230769;13
2026-06-17T01:06:18.899;599630060238459973;1176.923077;15
2026-06-17T01:06:18.907;599630060246152281;1184.615385;19
2026-06-17T01:06:18.915;599630060253844588;1192.307692;26
2026-06-17T01:06:18.923;599630060261536896;1200.000000;36
2026-06-17T01:06:18.930;599630060269229204;1207.692308;50
2026-06-17T01:06:18.938;599630060276921511;1215.384615;67
2026-06-17T01:06:18.946;599630060284613819;1223.076923;83
2026-06-17T01:06:18.953;599630060292306127;1230.769231;95
2026-06-17T01:06:18.961;599630060299998434;1238.461538;101
2026-06-17T01:06:18.969;599630060307690742;1246.153846;98
2026-06-17T01:06:18.976;599630060315383050;1253.846154;88
2026-06-17T01:06:18.984;599630060323075358;1261.538462;73
2026-06-17T01:06:18.992;599630060330767665;1269.230769;56
2026-06-17T01:06:18.999;599630060338459973;1276.923077;41
2026-06-17T01:06:19.007;599630060346152281;1284.615385;29
2026-06-17T01:06:19.015;599630060353844588;1292.307692;21
2026-06-17T01:06:19.023;599630060361536896;1300.000000;16
2026-06-17T01:06:19.030;599630060369229204;1307.692308;13
2026-06-17T01:06:19.038;599630060376921511;1315.384615;12
2026-06-17T01:06:19.046;599630060384613819;1323.076923;11
2026-06-17T01:06:19.053;599630060392306127;1330.769231;11
2026-06-17T01:06:19.061;599630060399998434;1338.461538;10
2026-06-17T01:06:19.069;599630060407690742;1346.153846;10
2026-06-17T01:06:19.076;599630060415383050;1353.846154;10
2026-06-17T01:06:19.084;599630060423075358;1361.538462;3
2026-06-17T01:06:19.092;599630060430767665;1369.230769;-24
2026-06-17T01:06:19.099;599630060438459973;1376.923077;-12
2026-06-17T01:06:19.107;599630060446152281;1384.615385;269
2026-06-17T01:06:19.115;599630060453844588;1392.307692;829
2026-06-17T01:06:19.123;599630060461536896;1400.000000;1137
2026-06-17T01:06:19.130;599630060469229204;1407.692308;798
2026-06-17T01:06:19.138;599630060476921511;1415.384615;205
2026-06-17T01:06:19.146;599630060484613819;1423.076923;-137
2026-06-17T01:06:19.153;599630060492306127;1430.769231;-181
2026-06-17T01:06:19.161;599630060499998434;1438.461538;-99
2026-06-17T01:06:19.169;599630060507690742;1446.153846;-27
2026-06-17T01:06:19.176;599630060515383050;1453.846154;2
2026-06-17T01:06:19.184;599630060523075358;1461.538462;9
2026-06-17T01:06:19.192;599630060530767665;1469.230769;10
2026-06-17T01:06:19.199;599630060538459973;1476.923077;10
2026-06-17T01:06:19.207;599630060546152281;1484.615385;12
2026-06-17T01:06:19.215;599630060553844588;1492.307692;13
2026-06-17T01:06:19.223;599630060561536896;1500.000000;16
2026-06-17T01:06:19.230;599630060569229204;1507.692308;20
2026-06-17T01:06:19.238;599630060576921511;1515.384615;26
2026-06-17T01:06:19.246;599630060584613819;1523.076923;34
2026-06-17T01:06:19.253;599630060592306127;1530.769231;44
2026-06-17T01:06:19.261;599630060599998434;1538.461538;58
2026-06-17T01:06:19.269;599630060607690742;1546.153846;75
2026-06-17T01:06:19.276;599630060615383050;1553.846154;96
2026-06-17T01:06:19.284;599630060623075358;1561.538462;119
2026-06-17T01:06:19.292;599630060630767665;1569.230769;145
2026-06-17T01:06:19.299;599630060638459973;1576.923077;172
2026-06-17T01:06:19.307;599630060646152281;1584.615385;198
2026-06-17T01:06:19.315;599630060653844588;1592.307692;222
2026-06-17T01:06:19.323;599630060661536896;1600.000000;243
2026-06-17T01:06:19.330;599630060669229204;1607.692308;257
2026-06-17T01:06:19.338;599630060676921511;1615.384615;265
2026-06-17T01:06:19.346;599630060684613819;1623.076923;266
2026-06-17T01:06:19.353;599630060692306127;1630.769231;259
2026-06-17T01:06:19.361;599630060699998434;1638.461538;245
2026-06-17T01:06:19.369;599630060707690742;1646.153846;226
2026-06-17T01:06:19.376;599630060715383050;1653.846154;202
2026-06-17T01:06:19.384;599630060723075358;1661.538462;176
2026-06-17T01:06:19.392;599630060730767665;1669.230769;149
2026-06-17T01:06:19.399;599630060738459973;1676.923077;123
2026-06-17T01:06:19.407;599630060746152281;1684.615385;98
2026-06-17T01:06:19.415;599630060753844588;1692.307692;77
2026-06-17T01:06:19.423;599630060761536896;1700.000000;59
2026-06-17T01:06:19.430;599630060769229204;1707.692308;44
2026-06-17T01:06:19.438;599630060776921511;1715.384615;33
2026-06-17T01:06:19.446;599630060784613819;1723.076923;24
2026-06-17T01:06:19.453;599630060792306127;1730.769231;17
2026-06-17T01:06:19.461;599630060799998434;1738.461538;13
2026-06-17T01:06:19.469;599630060807690742;1746.153846;10
2026-06-17T01:06:19.476;599630060815383050;1753.846154;8
2026-06-17T01:06:19.484;599630060823075358;1761.538462;6
2026-06-17T01:06:19.492;599630060830767665;1769.230769;5
2026-06-17T01:06:19.499;599630060838459973;1776.923077;5
2026-06-17T01:06:19.507;599630060846152281;1784.615385;4
2026-06-17T01:06:19.515;599630060853844588;1792.307692;4
2026-06-17T01:06:19.523;599630060861536896;1800.000000;4
2026-06-17T01:06:19.530;599630060869229204;1807.692308;4
2026-06-17T01:06:19.538;599630060876921511;1815.384615;3
2026-06-17T01:06:19.546;599630060884613819;1823.076923;3
2026-06-17T01:06:19.553;599630060892306127;1830.769231;3
2026-06-17T01:06:19.561;599630060899998434;1838.461538;3
2026-06-17T01:06:19.569;599630060907690742;1846.153846;3
2026-06-17T01:06:19.576;599630060915383050;1853.846154;3
2026-06-17T01:06:19.584;599630060923075358;1861.538462;3
2026-06-17T01:06:19.592;599630060930767665;1869.230769;2
2026-06-17T01:06:19.599;599630060938459973;1876.923077;2
2026-06-17T01:06:19.607;599630060946152281;1884.615385;2
2026-06-17T01:06:19.615;599630060953844588;1892.307692;2
2026-06-17T01:06:19.623;599630060961536896;1900.000000;2
2026-06-17T01:06:19.630;599630060969229204;1907.692308;2
2026-06-17T01:06:19.638;599630060976921511;1915.384615;2
2026-06-17T01:06:19.646;599630060984613819;1923.076923;1
2026-06-17T01:06:19.653;599630060992306127;1930.769231;1
2026-06-17T01:06:19.661;599630060999998434;1938.461538;1
2026-06-17T01:06:19.669;599630061007690742;1946.153846;1
2026-06-17T01:06:19.676;599630061015383050;1953.846154;1
2026-06-17T01:06:19.684;599630061023075358;1961.538462;1
2026-06-17T01:06:19.692;599630061030767665;1969.230769;1
2026-06-17T01:06:19.699;599630061038459973;1976.923077;0
2026-06-17T01:06:19.707;599630061046152281;1984.615385;0
2026-06-17T01:06:19.715;599630061053844588;1992.307692;0
2026-06-17T01:06:19.723;599630061061536896;2000.000000;0
2026-06-17T01:06:19.730;599630061069229204;2007.692308;0
2026-06-17T01:06:19.738;599630061076921511;2015.384615;0
2026-06-17T01:06:19.746;599630061084613819;2023.076923;0
2026-06-17T01:06:19.753;599630061092306127;2030.769231;-1
2026-06-17T01:06:19.761;599630061099998434;2038.461538;-1
2026-06-17T01:06:19.769;599630061107690742;2046.153846;-1
2026-06-17T01:06:19.776;599630061115383050;2053.846154;-1
2026-06-17T01:06:19.784;599630061123075358;2061.538462;-1
2026-06-17T01:06:19.792;599630061130767665;2069.230769;-1
2026-06-17T01:06:19.799;599630061138459973;2076.923077;-1
2026-06-17T01:06:19.807;599630061146152281;2084.615385;-2
2026-06-17T01:06:19.815;599630061153844588;2092.307692;-2
2026-06-17T01:06:19.823;599630061161536896;2100.000000;-2
2026-06-17T01:06:19.830;599630061169229204;2107.692308;-2
2026-06-17T01:06:19.838;599630061176921511;2115.384615;-2
2026-06-17T01:06:19.846;599630061184613819;2123.076923;-2
2026-06-17T01:06:19.853;599630061192306127;2130.769231;-2
2026-06-17T01:06:19.861;599630061199998434;2138.461538;-3
2026-06-17T01:06:19.869;599630061207690742;2146.153846;-3
2026-06-17T01:06:19.876;599630061215383050;2153.846154;-3
2026-06-17T01:06:19.884;599630061223075358;2161.538462;-3
2026-06-17T01:06:19.892;599630061230767665;2169.230769;-3
2026-06-17T01:06:19.899;599630061238459973;2176.923077;-3
2026-06-17T01:06:19.907;599630061246152281;2184.615385;-3
2026-06-17T01:06:19.915;599630061253844588;2192.307692;-3
2026-06-17T01:06:19.923;599630061261536896;2200.000000;-3
2026-06-17T01:06:19.930;599630061269229204;2207.692308;-2
2026-06-17T01:06:19.938;599630061276921511;2215.384615;-1
2026-06-17T01:06:19.946;599630061284613819;2223.076923;3
2026-06-17T01:06:19.953;599630061292306127;2230.769231;9
2026-06-17T01:06:19.961;599630061299998434;2238.461538;19
2026-06-17T01:06:19.969;599630061307690742;2246.153846;32
2026-06-17T01:06:19.976;599630061315383050;2253.846154;48
2026-06-17T01:06:19.984;599630061323075358;2261.538462;64
2026-06-17T01:06:19.992;599630061330767665;2269.230769;77
2026-06-17T01:06:19.999;599630061338459973;2276.923077;84
2026-06-17T01:06:20.007;599630061346152281;2284.615385;83
2026-06-17T01:06:20.015;599630061353844588;2292.307692;74
2026-06-17T01:06:20.023;599630061361536896;2300.000000;59
2026-06-17T01:06:20.030;599630061369229204;2307.692308;43
2026-06-17T01:06:20.038;599630061376921511;2315.384615;27
2026-06-17T01:06:20.046;599630061384613819;2323.076923;14
2026-06-17T01:06:20.053;599630061392306127;2330.769231;5
2026-06-17T01:06:20.061;599630061399998434;2338.461538;0
2026-06-17T01:06:20.069;599630061407690742;2346.153846;-4
2026-06-17T01:06:20.076;599630061415383050;2353.846154;-5
2026-06-17T01:06:20.084;599630061423075358;2361.538462;-6
2026-06-17T01:06:20.092;599630061430767665;2369.230769;-6
2026-06-17T01:06:20.099;599630061438459973;2376.923077;-7
2026-06-17T01:06:20.107;599630061446152281;2384.615385;-7
2026-06-17T01:06:20.115;599630061453844588;2392.307692;-7
2026-06-17T01:06:20.123;599630061461536896;2400.000000;-12
2026-06-17T01:06:20.130;599630061469229204;2407.692308;-36
2026-06-17T01:06:20.138;599630061476921511;2415.384615;-43
2026-06-17T01:06:20.146;599630061484613819;2423.076923;180
2026-06-17T01:06:20.153;599630061492306127;2430.769231;719
2026-06-17T01:06:20.161;599630061499998434;2438.461538;1113
2026-06-17T01:06:20.169;599630061507690742;2446.153846;871
2026-06-17T01:06:20.176;599630061515383050;2453.846154;275
2026-06-17T01:06:20.184;599630061523075358;2461.538462;-122
2026-06-17T01:06:20.192;599630061530767665;2469.230769;-205
2026-06-17T01:06:20.199;599630061538459973;2476.923077;-131
2026-06-17T01:06:20.207;599630061546152281;2484.615385;-53
2026-06-17T01:06:20.215;599630061553844588;2492.307692;-18
2026-06-17T01:06:20.223;599630061561536896;2500.000000;-9
2026-06-17T01:06:20.230;599630061569229204;2507.692308;-8
2026-06-17T01:06:20.238;599630061576921511;2515.384615;-7
2026-06-17T01:06:20.246;599630061584613819;2523.076923;-6
2026-06-17T01:06:20.253;599630061592306127;2530.769231;-5
2026-06-17T01:06:20.261;599630061599998434;2538.461538;-2
2026-06-17T01:06:20.269;599630061607690742;2546.153846;2
2026-06-17T01:06:20.276;599630061615383050;2553.846154;7
2026-06-17T01:06:20.284;599630061623075358;2561.538462;15
2026-06-17T01:06:20.292;599630061630767665;2569.230769;25
2026-06-17T01:06:20.299;599630061638459973;2576.923077;38
2026-06-17T01:06:20.307;599630061646152281;2584.615385;55
2026-06-17T01:06:20.315;599630061653844588;2592.307692;75
2026-06-17T01:06:20.323;599630061661536896;2600.000000;98
2026-06-17T01:06:20.330;599630061669229204;2607.692308;123
2026-06-17T01:06:20.338;599630061676921511;2615.384615;150
2026-06-17T01:06:20.346;599630061684613819;2623.076923;177
2026-06-17T01:06:20.353;599630061692306127;2630.769231;201
2026-06-17T01:06:20.361;599630061699998434;2638.461538;222
2026-06-17T01:06:20.369;599630061707690742;2646.153846;238
2026-06-17T01:06:20.376;599630061715383050;2653.846154;248
2026-06-17T01:06:20.384;599630061723075358;2661.538462;249
2026-06-17T01:06:20.392;599630061730767665;2669.230769;244
2026-06-17T01:06:20.399;599630061738459973;2676.923077;231
2026-06-17T01:06:20.407;599630061746152281;2684.615385;213
2026-06-17T01:06:20.415;599630061753844588;2692.307692;189
2026-06-17T01:06:20.423;599630061761536896;2700.000000;163
2026-06-17T01:06:20.430;599630061769229204;2707.692308;137
2026-06-17T01:06:20.438;599630061776921511;2715.384615;110
2026-06-17T01:06:20.446;599630061784613819;2723.076923;86
2026-06-17T01:06:20.453;599630061792306127;2730.769231;64
2026-06-17T01:06:20.461;599630061799998434;2738.461538;45
2026-06-17T01:06:20.469;599630061807690742;2746.153846;30
2026-06-17T01:06:20.476;599630061815383050;2753.846154;18
2026-06-17T01:06:20.484;599630061823075358;2761.538462;9
2026-06-17T01:06:20.492;599630061830767665;2769.230769;2
2026-06-17T01:06:20.499;599630061838459973;2776.923077;-3
2026-06-17T01:06:20.507;599630061846152281;2784.615385;-6
2026-06-17T01:06:20.515;599630061853844588;2792.307692;-8
2026-06-17T01:06:20.523;599630061861536896;2800.000000;-9
2026-06-17T01:06:20.530;599630061869229204;2807.692308;-10
2026-06-17T01:06:20.538;599630061876921511;2815.384615;-11
2026-06-17T01:06:20.546;599630061884613819;2823.076923;-11
2026-06-17T01:06:20.553;599630061892306127;2830.769231;-11
2026-06-17T01:06:20.561;599630061899998434;2838.461538;-12
2026-06-17T01:06:20.569;599630061907690742;2846.153846;-12
2026-06-17T01:06:20.576;599630061915383050;2853.846154;-12
2026-06-17T01:06:20.584;599630061923075358;2861.538462;-12
2026-06-17T01:06:20.592;599630061930767665;2869.230769;-12
2026-06-17T01:06:20.599;599630061938459973;2876.923077;-12
2026-06-17T01:06:20.607;599630061946152281;2884.615385;-12
2026-06-17T01:06:20.615;599630061953844588;2892.307692;-12
2026-06-17T01:06:20.623;599630061961536896;2900.000000;-12
2026-06-17T01:06:20.630;599630061969229204;2907.692308;-12
2026-06-17T01:06:20.638;599630061976921511;2915.384615;-12
2026-06-17T01:06:20.646;599630061984613819;2923.076923;-12
2026-06-17T01:06:20.653;599630061992306127;2930.769231;-12
2026-06-17T01:06:20.661;599630061999998434;2938.461538;-12
2026-06-17T01:06:20.669;599630062007690742;2946.153846;-12
2026-06-17T01:06:20.676;599630062015383050;2953.846154;-12
2026-06-17T01:06:20.684;599630062023075358;2961.538462;-12
2026-06-17T01:06:20.692;599630062030767665;2969.230769;-12
2026-06-17T01:06:20.699;599630062038459973;2976.923077;-12
2026-06-17T01:06:20.707;599630062046152281;2984.615385;-12
2026-06-17T01:06:20.715;599630062053844588;2992.307692;-12
2026-06-17T01:06:20.723;599630062061536896;3000.000000;-12
2026-06-17T01:06:20.730;599630062069229204;3007.692308;-12
2026-06-17T01:06:20.738;599630062076921511;3015.384615;-12
2026-06-17T01:06:20.746;599630062084613819;3023.076923;-12
2026-06-17T01:06:20.753;599630062092306127;3030.769231;-12
2026-06-17T01:06:20.761;599630062099998434;3038.461538;-12
2026-06-17T01:06:20.769;599630062107690742;3046.153846;-12
2026-06-17T01:06:20.776;599630062115383050;3053.846154;-12
2026-06-17T01:06:20.784;599630062123075358;3061.538462;-12
2026-06-17T01:06:20.792;599630062130767665;3069.230769;-12
2026-06-17T01:06:20.799;599630062138459973;3076.923077;-12
2026-06-17T01:06:20.807;599630062146152281;3084.615385;-12
2026-06-17T01:06:20.815;599630062153844588;3092.307692;-12
2026-06-17T01:06:20.823;599630062161536896;3100.000000;-12
2026-06-17T01:06:20.830;599630062169229204;3107.692308;-12
2026-06-17T01:06:20.838;599630062176921511;3115.384615;-12
2026-06-17T01:06:20.846;599630062184613819;3123.076923;-12
2026-06-17T01:06:20.853;599630062192306127;3130.769231;-12
2026-06-17T01:06:20.861;599630062199998434;3138.461538;-12
2026-06-17T01:06:20.869;599630062207690742;3146.153846;-12
2026-06-17T01:06:20.876;599630062215383050;3153.846154;-12
2026-06-17T01:06:20.884;599630062223075358;3161.538462;-12
2026-06-17T01:06:20.892;599630062230767665;3169.230769;-12
2026-06-17T01:06:20.899;599630062238459973;3176.923077;-12
2026-06-17T01:06:20.907;599630062246152281;3184.615385;-11
2026-06-17T01:06:20.915;599630062253844588;3192.307692;-11
2026-06-17T01:06:20.923;599630062261536896;3200.000000;-11
2026-06-17T01:06:20.930;599630062269229204;3207.692308;-11
2026-06-17T01:06:20.938;599630062276921511;3215.384615;-11
2026-06-17T01:06:20.946;599630062284613819;3223.076923;-10
2026-06-17T01:06:20.953;599630062292306127;3230.769231;-8
2026-06-17T01:06:20.961;599630062299998434;3238.461538;-4
2026-06-17T01:06:20.969;599630062307690742;3246.153846;3
2026-06-17T01:06:20.976;599630062315383050;3253.846154;14
2026-06-17T01:06:20.984;599630062323075358;3261.538462;28
2026-06-17T01:06:20.992;599630062330767665;3269.230769;44
2026-06-17T01:06:20.999;599630062338459973;3276.923077;60
2026-06-17T01:06:21.007;599630062346152281;3284.615385;73
2026-06-17T01:06:21.015;599630062353844588;3292.307692;79
2026-06-17T01:06:21.023;599630062361536896;3300.000000;77
2026-06-17T01:06:21.030;599630062369229204;3307.692308;67
2026-06-17T01:06:21.038;599630062376921511;3315.384615;52
2026-06-17T01:06:21.046;599630062384613819;3323.076923;35
2026-06-17T01:06:21.053;599630062392306127;3330.769231;20
2026-06-17T01:06:21.061;599630062399998434;3338.461538;8
2026-06-17T01:06:21.069;599630062407690742;3346.153846;0
2026-06-17T01:06:21.076;599630062415383050;3353.846154;-5
2026-06-17T01:06:21.084;599630062423075358;3361.538462;-8
2026-06-17T01:06:21.092;599630062430767665;3369.230769;-9
2026-06-17T01:06:21.099;599630062438459973;3376.923077;-10
2026-06-17T01:06:21.107;599630062446152281;3384.615385;-10
2026-06-17T01:06:21.115;599630062453844588;3392.307692;-10
2026-06-17T01:06:21.123;599630062461536896;3400.000000;-10
2026-06-17T01:06:21.130;599630062469229204;3407.692308;-10
2026-06-17T01:06:21.138;599630062476921511;3415.384615;-16
2026-06-17T01:06:21.146;599630062484613819;3423.076923;-43
2026-06-17T01:06:21.153;599630062492306127;3430.769231;-34
2026-06-17T01:06:21.161;599630062499998434;3438.461538;238
2026-06-17T01:06:21.169;599630062507690742;3446.153846;796
2026-06-17T01:06:21.176;599630062515383050;3453.846154;1119
2026-06-17T01:06:21.184;599630062523075358;3461.538462;794
2026-06-17T01:06:21.192;599630062530767665;3469.230769;199
2026-06-17T01:06:21.199;599630062538459973;3476.923077;-151
2026-06-17T01:06:21.207;599630062546152281;3484.615385;-200
2026-06-17T01:06:21.215;599630062553844588;3492.307692;-119
2026-06-17T01:06:21.223;599630062561536896;3500.000000;-46
2026-06-17T01:06:21.230;599630062569229204;3507.692308;-16
2026-06-17T01:06:21.238;599630062576921511;3515.384615;-9
2026-06-17T01:06:21.246;599630062584613819;3523.076923;-7
2026-06-17T01:06:21.253;599630062592306127;3530.769231;-6
2026-06-17T01:06:21.261;599630062599998434;3538.461538;-5
2026-06-17T01:06:21.269;599630062607690742;3546.153846;-3
2026-06-17T01:06:21.276;599630062615383050;3553.846154;0
2026-06-17T01:06:21.284;599630062623075358;3561.538462;4
2026-06-17T01:06:21.292;599630062630767665;3569.230769;10
2026-06-17T01:06:21.299;599630062638459973;3576.923077;18
2026-06-17T01:06:21.307;599630062646152281;3584.615385;29
2026-06-17T01:06:21.315;599630062653844588;3592.307692;43
2026-06-17T01:06:21.323;599630062661536896;3600.000000;60
2026-06-17T01:06:21.330;599630062669229204;3607.692308;81
2026-06-17T01:06:21.338;599630062676921511;3615.384615;104
2026-06-17T01:06:21.346;599630062684613819;3623.076923;130
2026-06-17T01:06:21.353;599630062692306127;3630.769231;157
2026-06-17T01:06:21.361;599630062699998434;3638.461538;184
2026-06-17T01:06:21.369;599630062707690742;3646.153846;208
2026-06-17T01:06:21.376;599630062715383050;3653.846154;229
2026-06-17T01:06:21.384;599630062723075358;3661.538462;244
2026-06-17T01:06:21.392;599630062730767665;3669.230769;253
2026-06-17T01:06:21.399;599630062738459973;3676.923077;254
2026-06-17T01:06:21.407;599630062746152281;3684.615385;247
2026-06-17T01:06:21.415;599630062753844588;3692.307692;234
2026-06-17T01:06:21.423;599630062761536896;3700.000000;215
2026-06-17T01:06:21.430;599630062769229204;3707.692308;191
2026-06-17T01:06:21.438;599630062776921511;3715.384615;165
2026-06-17T01:06:21.446;599630062784613819;3723.076923;139
2026-06-17T01:06:21.453;599630062792306127;3730.769231;113
2026-06-17T01:06:21.461;599630062799998434;3738.461538;89
2026-06-17T01:06:21.469;599630062807690742;3746.153846;67
2026-06-17T01:06:21.476;599630062815383050;3753.846154;49
2026-06-17T01:06:21.484;599630062823075358;3761.538462;35
2026-06-17T01:06:21.492;599630062830767665;3769.230769;23
2026-06-17T01:06:21.499;599630062838459973;3776.923077;15
2026-06-17T01:06:21.507;599630062846152281;3784.615385;9
2026-06-17T01:06:21.515;599630062853844588;3792.307692;4
2026-06-17T01:06:21.523;599630062861536896;3800.000000;1
2026-06-17T01:06:21.530;599630062869229204;3807.692308;0
2026-06-17T01:06:21.538;599630062876921511;3815.384615;-2
2026-06-17T01:06:21.546;599630062884613819;3823.076923;-2
2026-06-17T01:06:21.553;599630062892306127;3830.769231;-3
2026-06-17T01:06:21.561;599630062899998434;3838.461538;-3
2026-06-17T01:06:21.569;599630062907690742;3846.153846;-3
2026-06-17T01:06:21.576;599630062915383050;3853.846154;-3
2026-06-17T01:06:21.584;599630062923075358;3861.538462;-3
2026-06-17T01:06:21.592;599630062930767665;3869.230769;-2
2026-06-17T01:06:21.599;599630062938459973;3876.923077;-2
2026-06-17T01:06:21.607;599630062946152281;3884.615385;-2
2026-06-17T01:06:21.615;599630062953844588;3892.307692;-2
2026-06-17T01:06:21.623;599630062961536896;3900.000000;-2
2026-06-17T01:06:21.630;599630062969229204;3907.692308;-2
2026-06-17T01:06:21.638;599630062976921511;3915.384615;-2
2026-06-17T01:06:21.646;599630062984613819;3923.076923;-1
2026-06-17T01:06:21.653;599630062992306127;3930.769231;-1
2026-06-17T01:06:21.661;599630062999998434;3938.461538;-1
2026-06-17T01:06:21.669;599630063007690742;3946.153846;-1
2026-06-17T01:06:21.676;599630063015383050;3953.846154;-1
2026-06-17T01:06:21.684;599630063023075358;3961.538462;-1
2026-06-17T01:06:21.692;599630063030767665;3969.230769;-1
2026-06-17T01:06:21.699;599630063038459973;3976.923077;0
2026-06-17T01:06:21.707;599630063046152281;3984.615385;0
2026-06-17T01:06:21.715;599630063053844588;3992.307692;0
2026-06-17T01:06:21.723;599630063061536896;4000.000000;0
2026-06-17T01:06:21.730;599630063069229204;4007.692308;0
2026-06-17T01:06:21.738;599630063076921511;4015.384615;0
2026-06-17T01:06:21.746;599630063084613819;4023.076923;0
2026-06-17T01:06:21.753;599630063092306127;4030.769231;1
2026-06-17T01:06:21.761;599630063099998434;4038.461538;1
2026-06-17T01:06:21.769;599630063107690742;4046.153846;1
2026-06-17T01:06:21.776;599630063115383050;4053.846154;1
2026-06-17T01:06:21.784;599630063123075358;4061.538462;1
2026-06-17T01:06:21.792;599630063130767665;4069.230769;1
2026-06-17T01:06:21.799;599630063138459973;4076.923077;1
2026-06-17T01:06:21.807;599630063146152281;4084.615385;2
2026-06-17T01:06:21.815;599630063153844588;4092.307692;2
2026-06-17T01:06:21.823;599630063161536896;4100.000000;2
2026-06-17T01:06:21.830;599630063169229204;4107.692308;2
2026-06-17T01:06:21.838;599630063176921511;4115.384615;2
2026-06-17T01:06:21.846;599630063184613819;4123.076923;2
2026-06-17T01:06:21.853;599630063192306127;4130.769231;2
2026-06-17T01:06:21.861;599630063199998434;4138.461538;3
2026-06-17T01:06:21.869;599630063207690742;4146.153846;3
2026-06-17T01:06:21.876;599630063215383050;4153.846154;3
2026-06-17T01:06:21.884;599630063223075358;4161.538462;3
2026-06-17T01:06:21.892;599630063230767665;4169.230769;3
2026-06-17T01:06:21.899;599630063238459973;4176.923077;4
2026-06-17T01:06:21.907;599630063246152281;4184.615385;4
2026-06-17T01:06:21.915;599630063253844588;4192.307692;6
2026-06-17T01:06:21.923;599630063261536896;4200.000000;9
2026-06-17T01:06:21.930;599630063269229204;4207.692308;14
2026-06-17T01:06:21.938;599630063276921511;4215.384615;22
2026-06-17T01:06:21.946;599630063284613819;4223.076923;34
2026-06-17T01:06:21.953;599630063292306127;4230.769231;49
2026-06-17T01:06:21.961;599630063299998434;4238.461538;66
2026-06-17T01:06:21.969;599630063307690742;4246.153846;81
2026-06-17T01:06:21.976;599630063315383050;4253.846154;92
2026-06-17T01:06:21.984;599630063323075358;4261.538462;95
2026-06-17T01:06:21.992;599630063330767665;4269.230769;89
2026-06-17T01:06:21.999;599630063338459973;4276.923077;77
2026-06-17T01:06:22.007;599630063346152281;4284.615385;61
2026-06-17T01:06:22.015;599630063353844588;4292.307692;45
2026-06-17T01:06:22.023;599630063361536896;4300.000000;31
2026-06-17T01:06:22.030;599630063369229204;4307.692308;21
2026-06-17T01:06:22.038;599630063376921511;4315.384615;14
2026-06-17T01:06:22.046;599630063384613819;4323.076923;10
2026-06-17T01:06:22.053;599630063392306127;4330.769231;8
2026-06-17T01:06:22.061;599630063399998434;4338.461538;7
2026-06-17T01:06:22.069;599630063407690742;4346.153846;6
2026-06-17T01:06:22.076;599630063415383050;4353.846154;6
2026-06-17T01:06:22.084;599630063423075358;4361.538462;6
2026-06-17T01:06:22.092;599630063430767665;4369.230769;7
2026-06-17T01:06:22.099;599630063438459973;4376.923077;5
2026-06-17T01:06:22.107;599630063446152281;4384.615385;-7
2026-06-17T01:06:22.115;599630063453844588;4392.307692;-37
2026-06-17T01:06:22.123;599630063461536896;4400.000000;42
2026-06-17T01:06:22.130;599630063469229204;4407.692308;449
2026-06-17T01:06:22.138;599630063476921511;4415.384615;999
2026-06-17T01:06:22.146;599630063484613819;4423.076923;1084
2026-06-17T01:06:22.153;599630063492306127;4430.769231;581
2026-06-17T01:06:22.161;599630063499998434;4438.461538;42
2026-06-17T01:06:22.169;599630063507690742;4446.153846;-180
2026-06-17T01:06:22.176;599630063515383050;4453.846154;-159
2026-06-17T01:06:22.184;599630063523075358;4461.538462;-70
2026-06-17T01:06:22.192;599630063530767665;4469.230769;-14
2026-06-17T01:06:22.199;599630063538459973;4476.923077;5
2026-06-17T01:06:22.207;599630063546152281;4484.615385;9
2026-06-17T01:06:22.215;599630063553844588;4492.307692;10
2026-06-17T01:06:22.223;599630063561536896;4500.000000;10
2026-06-17T01:06:22.230;599630063569229204;4507.692308;12
2026-06-17T01:06:22.238;599630063576921511;4515.384615;14
2026-06-17T01:06:22.246;599630063584613819;4523.076923;17
2026-06-17T01:06:22.253;599630063592306127;4530.769231;22
2026-06-17T01:06:22.261;599630063599998434;4538.461538;29
2026-06-17T01:06:22.269;599630063607690742;4546.153846;38
2026-06-17T01:06:22.276;599630063615383050;4553.846154;50
2026-06-17T01:06:22.284;599630063623075358;4561.538462;65
2026-06-17T01:06:22.292;599630063630767665;4569.230769;84
2026-06-17T01:06:22.299;599630063638459973;4576.923077;106
2026-06-17T01:06:22.307;599630063646152281;4584.615385;130
2026-06-17T01:06:22.315;599630063653844588;4592.307692;157
2026-06-17T01:06:22.323;599630063661536896;4600.000000;184
2026-06-17T01:06:22.330;599630063669229204;4607.692308;210
2026-06-17T01:06:22.338;599630063676921511;4615.384615;233
2026-06-17T01:06:22.346;599630063684613819;4623.076923;251
2026-06-17T01:06:22.353;599630063692306127;4630.769231;264
2026-06-17T01:06:22.361;599630063699998434;4638.461538;270
2026-06-17T01:06:22.369;599630063707690742;4646.153846;268
2026-06-17T01:06:22.376;599630063715383050;4653.846154;259
2026-06-17T01:06:22.384;599630063723075358;4661.538462;243
2026-06-17T01:06:22.392;599630063730767665;4669.230769;222
2026-06-17T01:06:22.399;599630063738459973;4676.923077;197
2026-06-17T01:06:22.407;599630063746152281;4684.615385;171
2026-06-17T01:06:22.415;599630063753844588;4692.307692;144
2026-06-17T01:06:22.423;599630063761536896;4700.000000;119
2026-06-17T01:06:22.430;599630063769229204;4707.692308;96
2026-06-17T01:06:22.438;599630063776921511;4715.384615;76
2026-06-17T01:06:22.446;599630063784613819;4723.076923;59
2026-06-17T01:06:22.453;599630063792306127;4730.769231;46
2026-06-17T01:06:22.461;599630063799998434;4738.461538;35
2026-06-17T01:06:22.469;599630063807690742;4746.153846;27
2026-06-17T01:06:22.476;599630063815383050;4753.846154;22
2026-06-17T01:06:22.484;599630063823075358;4761.538462;18
2026-06-17T01:06:22.492;599630063830767665;4769.230769;16
2026-06-17T01:06:22.499;599630063838459973;4776.923077;14
2026-06-17T01:06:22.507;599630063846152281;4784.615385;13
2026-06-17T01:06:22.515;599630063853844588;4792.307692;12
2026-06-17T01:06:22.523;599630063861536896;4800.000000;12
2026-06-17T01:06:22.530;599630063869229204;4807.692308;12
2026-06-17T01:06:22.538;599630063876921511;4815.384615;12
2026-06-17T01:06:22.546;599630063884613819;4823.076923;12
2026-06-17T01:06:22.553;599630063892306127;4830.769231;12
2026-06-17T01:06:22.561;599630063899998434;4838.461538;12
2026-06-17T01:06:22.569;599630063907690742;4846.153846;12
2026-06-17T01:06:22.576;599630063915383050;4853.846154;12
2026-06-17T01:06:22.584;599630063923075358;4861.538462;12
2026-06-17T01:06:22.592;599630063930767665;4869.230769;12
2026-06-17T01:06:22.599;599630063938459973;4876.923077;12
2026-06-17T01:06:22.607;599630063946152281;4884.615385;12
2026-06-17T01:06:22.615;599630063953844588;4892.307692;12
2026-06-17T01:06:22.623;599630063961536896;4900.000000;12
2026-06-17T01:06:22.630;599630063969229204;4907.692308;12
2026-06-17T01:06:22.638;599630063976921511;4915.384615;12
2026-06-17T01:06:22.646;599630063984613819;4923.076923;12
2026-06-17T01:06:22.653;599630063992306127;4930.769231;12
2026-06-17T01:06:22.661;599630063999998434;4938.461538;12
2026-06-17T01:06:22.669;599630064007690742;4946.153846;12
2026-06-17T01:06:22.676;599630064015383050;4953.846154;12
2026-06-17T01:06:22.684;599630064023075358;4961.538462;12
2026-06-17T01:06:22.692;599630064030767665;4969.230769;12
2026-06-17T01:06:22.699;599630064038459973;4976.923077;12
2026-06-17T01:06:22.707;599630064046152281;4984.615385;12
2026-06-17T01:06:22.715;599630064053844588;4992.307692;12
2026-06-17T01:06:22.723;599630064061536896;5000.000000;12
2026-06-17T01:06:22.730;599630064069229204;5007.692308;12
2026-06-17T01:06:22.738;599630064076921511;5015.384615;12
2026-06-17T01:06:22.746;599630064084613819;5023.076923;12
2026-06-17T01:06:22.753;599630064092306127;5030.769231;12
2026-06-17T01:06:22.761;599630064099998434;5038.461538;12
2026-06-17T01:06:22.769;599630064107690742;5046.153846;12
2026-06-17T01:06:22.776;599630064115383050;5053.846154;12
2026-06-17T01:06:22.784;599630064123075358;5061.538462;12
2026-06-17T01:06:22.792;599630064130767665;5069.230769;12
2026-06-17T01:06:22.799;599630064138459973;5076.923077;12
2026-06-17T01:06:22.807;599630064146152281;5084.615385;12
2026-06-17T01:06:22.815;599630064153844588;5092.307692;12
2026-06-17T01:06:22.823;599630064161536896;5100.000000;12
2026-06-17T01:06:22.830;599630064169229204;5107.692308;12
2026-06-17T01:06:22.838;599630064176921511;5115.384615;12
2026-06-17T01:06:22.846;599630064184613819;5123.076923;12
2026-06-17T01:06:22.853;599630064192306127;5130.769231;12
2026-06-17T01:06:22.861;599630064199998434;5138.461538;12
2026-06-17T01:06:22.869;599630064207690742;5146.153846;12
2026-06-17T01:06:22.876;599630064215383050;5153.846154;12
2026-06-17T01:06:22.884;599630064223075358;5161.538462;13
2026-06-17T01:06:22.892;599630064230767665;5169.230769;14
2026-06-17T01:06:22.899;599630064238459973;5176.923077;17
2026-06-17T01:06:22.907;599630064246152281;5184.615385;22
2026-06-17T01:06:22.915;599630064253844588;5192.307692;31
2026-06-17T01:06:22.923;599630064261536896;5200.000000;43
2026-06-17T01:06:22.930;599630064269229204;5207.692308;59
2026-06-17T01:06:22.938;599630064276921511;5215.384615;76
2026-06-17T01:06:22.946;599630064284613819;5223.076923;90
2026-06-17T01:06:22.953;599630064292306127;5230.769231;99
2026-06-17T01:06:22.961;599630064299998434;5238.461538;101
2026-06-17T01:06:22.969;599630064307690742;5246.153846;94
2026-06-17T01:06:22.976;599630064315383050;5253.846154;81
2026-06-17T01:06:22.984;599630064323075358;5261.538462;64
2026-06-17T01:06:22.992;599630064330767665;5269.230769;48
2026-06-17T01:06:22.999;599630064338459973;5276.923077;34
2026-06-17T01:06:23.007;599630064346152281;5284.615385;24
2026-06-17T01:06:23.015;599630064353844588;5292.307692;18
2026-06-17T01:06:23.023;599630064361536896;5300.000000;14
2026-06-17T01:06:23.030;599630064369229204;5307.692308;12
2026-06-17T01:06:23.038;599630064376921511;5315.384615;11
2026-06-17T01:06:23.046;599630064384613819;5323.076923;11
2026-06-17T01:06:23.053;599630064392306127;5330.769231;10
2026-06-17T01:06:23.061;599630064399998434;5338.461538;10
2026-06-17T01:06:23.069;599630064407690742;5346.153846;10
2026-06-17T01:06:23.076;599630064415383050;5353.846154;8
2026-06-17T01:06:23.084;599630064423075358;5361.538462;-9
2026-06-17T01:06:23.092;599630064430767665;5369.230769;-35
2026-06-17T01:06:23.099;599630064438459973;5376.923077;89
2026-06-17T01:06:23.107;599630064446152281;5384.615385;553
2026-06-17T01:06:23.115;599630064453844588;5392.307692;1065
2026-06-17T01:06:23.123;599630064461536896;5400.000000;1030
2026-06-17T01:06:23.130;599630064469229204;5407.692308;475
2026-06-17T01:06:23.138;599630064476921511;5415.384615;-19
2026-06-17T01:06:23.146;599630064484613819;5423.076923;-187
2026-06-17T01:06:23.153;599630064492306127;5430.769231;-142
2026-06-17T01:06:23.161;599630064499998434;5438.461538;-55
2026-06-17T01:06:23.169;599630064507690742;5446.153846;-7
2026-06-17T01:06:23.176;599630064515383050;5453.846154;7
2026-06-17T01:06:23.184;599630064523075358;5461.538462;9
2026-06-17T01:06:23.192;599630064530767665;5469.230769;10
2026-06-17T01:06:23.199;599630064538459973;5476.923077;11
2026-06-17T01:06:23.207;599630064546152281;5484.615385;12
2026-06-17T01:06:23.215;599630064553844588;5492.307692;15
2026-06-17T01:06:23.223;599630064561536896;5500.000000;18
2026-06-17T01:06:23.230;599630064569229204;5507.692308;23
2026-06-17T01:06:23.238;599630064576921511;5515.384615;30
2026-06-17T01:06:23.246;599630064584613819;5523.076923;39
2026-06-17T01:06:23.253;599630064592306127;5530.769231;51
2026-06-17T01:06:23.261;599630064599998434;5538.461538;67
2026-06-17T01:06:23.269;599630064607690742;5546.153846;86
2026-06-17T01:06:23.276;599630064615383050;5553.846154;108
2026-06-17T01:06:23.284;599630064623075358;5561.538462;133
2026-06-17T01:06:23.292;599630064630767665;5569.230769;159
2026-06-17T01:06:23.299;599630064638459973;5576.923077;186
2026-06-17T01:06:23.307;599630064646152281;5584.615385;211
2026-06-17T01:06:23.315;599630064653844588;5592.307692;234
2026-06-17T01:06:23.323;599630064661536896;5600.000000;251
2026-06-17T01:06:23.330;599630064669229204;5607.692308;263
2026-06-17T01:06:23.338;599630064676921511;5615.384615;267
2026-06-17T01:06:23.346;599630064684613819;5623.076923;263
2026-06-17T01:06:23.353;599630064692306127;5630.769231;253
2026-06-17T01:06:23.361;599630064699998434;5638.461538;236
2026-06-17T01:06:23.369;599630064707690742;5646.153846;214
2026-06-17T01:06:23.376;599630064715383050;5653.846154;189
2026-06-17T01:06:23.384;599630064723075358;5661.538462;162
2026-06-17T01:06:23.392;599630064730767665;5669.230769;135
2026-06-17T01:06:23.399;599630064738459973;5676.923077;110
2026-06-17T01:06:23.407;599630064746152281;5684.615385;87
2026-06-17T01:06:23.415;599630064753844588;5692.307692;67
2026-06-17T01:06:23.423;599630064761536896;5700.000000;51
2026-06-17T01:06:23.430;599630064769229204;5707.692308;38
2026-06-17T01:06:23.438;599630064776921511;5715.384615;28
2026-06-17T01:06:23.446;599630064784613819;5723.076923;20
2026-06-17T01:06:23.453;599630064792306127;5730.769231;15
2026-06-17T01:06:23.461;599630064799998434;5738.461538;11
2026-06-17T01:06:23.469;599630064807690742;5746.153846;9
2026-06-17T01:06:23.476;599630064815383050;5753.846154;7
2026-06-17T01:06:23.484;599630064823075358;5761.538462;6
2026-06-17T01:06:23.492;599630064830767665;5769.230769;5
2026-06-17T01:06:23.499;599630064838459973;5776.923077;5
2026-06-17T01:06:23.507;599630064846152281;5784.615385;4
2026-06-17T01:06:23.515;599630064853844588;5792.307692;4
2026-06-17T01:06:23.523;599630064861536896;5800.000000;4
2026-06-17T01:06:23.530;599630064869229204;5807.692308;4
2026-06-17T01:06:23.538;599630064876921511;5815.384615;3
2026-06-17T01:06:23.546;599630064884613819;5823.076923;3
2026-06-17T01:06:23.553;599630064892306127;5830.769231;3
2026-06-17T01:06:23.561;599630064899998434;5838.461538;3
2026-06-17T01:06:23.569;599630064907690742;5846.153846;3
2026-06-17T01:06:23.576;599630064915383050;5853.846154;3
2026-06-17T01:06:23.584;599630064923075358;5861.538462;3
2026-06-17T01:06:23.592;599630064930767665;5869.230769;2
2026-06-17T01:06:23.599;599630064938459973;5876.923077;2
2026-06-17T01:06:23.607;599630064946152281;5884.615385;2
2026-06-17T01:06:23.615;599630064953844588;5892.307692;2
2026-06-17T01:06:23.623;599630064961536896;5900.000000;2
2026-06-17T01:06:23.630;599630064969229204;5907.692308;2
2026-06-17T01:06:23.638;599630064976921511;5915.384615;2
2026-06-17T01:06:23.646;599630064984613819;5923.076923;1
2026-06-17T01:06:23.653;599630064992306127;5930.769231;1
2026-06-17T01:06:23.661;599630064999998434;5938.461538;1
2026-06-17T01:06:23.669;599630065007690742;5946.153846;1
2026-06-17T01:06:23.676;599630065015383050;5953.846154;1
2026-06-17T01:06:23.684;599630065023075358;5961.538462;1
2026-06-17T01:06:23.692;599630065030767665;5969.230769;1
2026-06-17T01:06:23.699;599630065038459973;5976.923077;0
2026-06-17T01:06:23.707;599630065046152281;5984.615385;0
2026-06-17T01:06:23.715;599630065053844588;5992.307692;0
2026-06-17T01:06:23.723;599630065061536896;6000.000000;0
2026-06-17T01:06:23.730;599630065069229204;6007.692308;0
2026-06-17T01:06:23.738;599630065076921511;6015.384615;0
2026-06-17T01:06:23.746;599630065084613819;6023.076923;0
2026-06-17T01:06:23.753;599630065092306127;6030.769231;-1
2026-06-17T01:06:23.761;599630065099998434;6038.461538;-1
2026-06-17T01:06:23.769;599630065107690742;6046.153846;-1
2026-06-17T01:06:23.776;599630065115383050;6053.846154;-1
2026-06-17T01:06:23.784;599630065123075358;6061.538462;-1
2026-06-17T01:06:23.792;599630065130767665;6069.230769;-1
2026-06-17T01:06:23.799;599630065138459973;6076.923077;-1
2026-06-17T01:06:23.807;599630065146152281;6084.615385;-2
2026-06-17T01:06:23.815;599630065153844588;6092.307692;-2
2026-06-17T01:06:23.823;599630065161536896;6100.000000;-2
2026-06-17T01:06:23.830;599630065169229204;6107.692308;-2
2026-06-17T01:06:23.838;599630065176921511;6115.384615;-2
2026-06-17T01:06:23.846;599630065184613819;6123.076923;-2
2026-06-17T01:06:23.853;599630065192306127;6130.769231;-2
2026-06-17T01:06:23.861;599630065199998434;6138.461538;-3
2026-06-17T01:06:23.869;599630065207690742;6146.153846;-3
2026-06-17T01:06:23.876;599630065215383050;6153.846154;-3
2026-06-17T01:06:23.884;599630065223075358;6161.538462;-3
2026-06-17T01:06:23.892;599630065230767665;6169.230769;-3
2026-06-17T01:06:23.899;599630065238459973;6176.923077;-3
2026-06-17T01:06:23.907;599630065246152281;6184.615385;-3
2026-06-17T01:06:23.915;599630065253844588;6192.307692;-2
2026-06-17T01:06:23.923;599630065261536896;6200.000000;0
2026-06-17T01:06:23.930;599630065269229204;6207.692308;4
2026-06-17T01:06:23.938;599630065276921511;6215.384615;10
2026-06-17T01:06:23.946;599630065284613819;6223.076923;21
2026-06-17T01:06:23.953;599630065292306127;6230.769231;34
2026-06-17T01:06:23.961;599630065299998434;6238.461538;51
2026-06-17T01:06:23.969;599630065307690742;6246.153846;67
2026-06-17T01:06:23.976;599630065315383050;6253.846154;79
2026-06-17T01:06:23.984;599630065323075358;6261.538462;85
2026-06-17T01:06:23.992;599630065330767665;6269.230769;83
2026-06-17T01:06:23.999;599630065338459973;6276.923077;72
2026-06-17T01:06:24.007;599630065346152281;6284.615385;57
2026-06-17T01:06:24.015;599630065353844588;6292.307692;41
2026-06-17T01:06:24.023;599630065361536896;6300.000000;25
2026-06-17T01:06:24.030;599630065369229204;6307.692308;13
2026-06-17T01:06:24.038;599630065376921511;6315.384615;5
2026-06-17T01:06:24.046;599630065384613819;6323.076923;-1
2026-06-17T01:06:24.053;599630065392306127;6330.769231;-4
2026-06-17T01:06:24.061;599630065399998434;6338.461538;-5
2026-06-17T01:06:24.069;599630065407690742;6346.153846;-6
2026-06-17T01:06:24.076;599630065415383050;6353.846154;-6
2026-06-17T01:06:24.084;599630065423075358;6361.538462;-6
2026-06-17T01:06:24.092;599630065430767665;6369.230769;-7
2026-06-17T01:06:24.099;599630065438459973;6376.923077;-7
2026-06-17T01:06:24.107;599630065446152281;6384.615385;-13
2026-06-17T01:06:24.115;599630065453844588;6392.307692;-40
2026-06-17T01:06:24.123;599630065461536896;6400.000000;-31
2026-06-17T01:06:24.130;599630065469229204;6407.692308;241
2026-06-17T01:06:24.138;599630065476921511;6415.384615;799
2026-06-17T01:06:24.146;599630065484613819;6423.076923;1121
2026-06-17T01:06:24.153;599630065492306127;6430.769231;795
2026-06-17T01:06:24.161;599630065499998434;6438.461538;200
2026-06-17T01:06:24.169;599630065507690742;6446.153846;-150
2026-06-17T01:06:24.176;599630065515383050;6453.846154;-199
2026-06-17T01:06:24.184;599630065523075358;6461.538462;-118
2026-06-17T01:06:24.192;599630065530767665;6469.230769;-45
2026-06-17T01:06:24.199;599630065538459973;6476.923077;-16
2026-06-17T01:06:24.207;599630065546152281;6484.615385;-9
2026-06-17T01:06:24.215;599630065553844588;6492.307692;-8
2026-06-17T01:06:24.223;599630065561536896;6500.000000;-7
2026-06-17T01:06:24.230;599630065569229204;6507.692308;-6
2026-06-17T01:06:24.238;599630065576921511;6515.384615;-4
2026-06-17T01:06:24.246;599630065584613819;6523.076923;-1
2026-06-17T01:06:24.253;599630065592306127;6530.769231;3
2026-06-17T01:06:24.261;599630065599998434;6538.461538;8
2026-06-17T01:06:24.269;599630065607690742;6546.153846;16
2026-06-17T01:06:24.276;599630065615383050;6553.846154;27
2026-06-17T01:06:24.284;599630065623075358;6561.538462;41
2026-06-17T01:06:24.292;599630065630767665;6569.230769;58
2026-06-17T01:06:24.299;599630065638459973;6576.923077;78
2026-06-17T01:06:24.307;599630065646152281;6584.615385;102
2026-06-17T01:06:24.315;599630065653844588;6592.307692;127
2026-06-17T01:06:24.323;599630065661536896;6600.000000;154
2026-06-17T01:06:24.330;599630065669229204;6607.692308;180
2026-06-17T01:06:24.338;599630065676921511;6615.384615;205
2026-06-17T01:06:24.346;599630065684613819;6623.076923;225
2026-06-17T01:06:24.353;599630065692306127;6630.769231;240
2026-06-17T01:06:24.361;599630065699998434;6638.461538;248
2026-06-17T01:06:24.369;599630065707690742;6646.153846;249
2026-06-17T01:06:24.376;599630065715383050;6653.846154;243
2026-06-17T01:06:24.384;599630065723075358;6661.538462;229
2026-06-17T01:06:24.392;599630065730767665;6669.230769;210
2026-06-17T01:06:24.399;599630065738459973;6676.923077;186
2026-06-17T01:06:24.407;599630065746152281;6684.615385;160
2026-06-17T01:06:24.415;599630065753844588;6692.307692;133
2026-06-17T01:06:44.423;599630085761536896;26700.000000;101
2026-06-17T01:06:44.430;599630085769229204;26707.692308;127
2026-06-17T01:06:44.438;599630085776921511;26715.384615;154
2026-06-17T01:06:44.446;599630085784613819;26723.076923;180
2026-06-17T01:06:44.453;599630085792306127;26730.769231;204
2026-06-17T01:06:44.461;599630085799998434;26738.461538;225
2026-06-17T01:06:44.469;599630085807690742;26746.153846;239
2026-06-17T01:06:44.476;599630085815383050;26753.846154;248
2026-06-17T01:06:44.484;599630085823075358;26761.538462;248
2026-06-17T01:06:44.492;599630085830767665;26769.230769;241
2026-06-17T01:06:44.499;599630085838459973;26776.923077;228
2026-06-17T01:06:44.507;599630085846152281;26784.615385;208
2026-06-17T01:06:44.515;599630085853844588;26792.307692;185
2026-06-17T01:06:44.523;599630085861536896;26800.000000;158
2026-06-17T01:06:44.530;599630085869229204;26807.692308;131
2026-06-17T01:06:44.538;599630085876921511;26815.384615;105
2026-06-17T01:06:44.546;599630085884613819;26823.076923;81
2026-06-17T01:06:44.553;599630085892306127;26830.769231;60
2026-06-17T01:06:44.561;599630085899998434;26838.461538;42
2026-06-17T01:06:44.569;599630085907690742;26846.153846;27
2026-06-17T01:06:44.576;599630085915383050;26853.846154;16
2026-06-17T01:06:44.584;599630085923075358;26861.538462;7
2026-06-17T01:06:44.592;599630085930767665;26869.230769;1
2026-06-17T01:06:44.599;599630085938459973;26876.923077;-4
2026-06-17T01:06:44.607;599630085946152281;26884.615385;-7
2026-06-17T01:06:44.615;599630085953844588;26892.307692;-9
2026-06-17T01:06:44.623;599630085961536896;26900.000000;-10
2026-06-17T01:06:44.630;599630085969229204;26907.692308;-11
2026-06-17T01:06:44.638;599630085976921511;26915.384615;-11
2026-06-17T01:06:44.646;599630085984613819;26923.076923;-12
2026-06-17T01:06:44.653;599630085992306127;26930.769231;-12
2026-06-17T01:06:44.661;599630085999998434;26938.461538;-12
2026-06-17T01:06:44.669;599630086007690742;26946.153846;-12
2026-06-17T01:06:44.676;599630086015383050;26953.846154;-12
2026-06-17T01:06:44.684;599630086023075358;26961.538462;-12
2026-06-17T01:06:44.692;599630086030767665;26969.230769;-12
2026-06-17T01:06:44.699;599630086038459973;26976.923077;-12
2026-06-17T01:06:44.707;599630086046152281;26984.615385;-12
2026-06-17T01:06:44.715;599630086053844588;26992.307692;-12
2026-06-17T01:06:44.723;599630086061536896;27000.000000;-12
2026-06-17T01:06:44.730;599630086069229204;27007.692308;-12
2026-06-17T01:06:44.738;599630086076921511;27015.384615;-12
2026-06-17T01:06:44.746;599630086084613819;27023.076923;-12
2026-06-17T01:06:44.753;599630086092306127;27030.769231;-12
2026-06-17T01:06:44.761;599630086099998434;27038.461538;-12
2026-06-17T01:06:44.769;599630086107690742;27046.153846;-12
2026-06-17T01:06:44.776;599630086115383050;27053.846154;-12
2026-06-17T01:06:44.784;599630086123075358;27061.538462;-12
2026-06-17T01:06:44.792;599630086130767665;27069.230769;-12
2026-06-17T01:06:44.799;599630086138459973;27076.923077;-12
2026-06-17T01:06:44.807;599630086146152281;27084.615385;-12
2026-06-17T01:06:44.815;599630086153844588;27092.307692;-12
2026-06-17T01:06:44.823;599630086161536896;27100.000000;-12
2026-06-17T01:06:44.830;599630086169229204;27107.692308;-12
2026-06-17T01:06:44.838;599630086176921511;27115.384615;-12
2026-06-17T01:06:44.846;599630086184613819;27123.076923;-12
2026-06-17T01:06:44.853;599630086192306127;27130.769231;-12
2026-06-17T01:06:44.861;599630086199998434;27138.461538;-12
2026-06-17T01:06:44.869;599630086207690742;27146.153846;-12
2026-06-17T01:06:44.876;599630086215383050;27153.846154;-12
2026-06-17T01:06:44.884;599630086223075358;27161.538462;-12
2026-06-17T01:06:44.892;599630086230767665;27169.230769;-12
2026-06-17T01:06:44.899;599630086238459973;27176.923077;-12
2026-06-17T01:06:44.907;599630086246152281;27184.615385;-11
2026-06-17T01:06:44.915;599630086253844588;27192.307692;-11
2026-06-17T01:06:44.923;599630086261536896;27200.000000;-11
2026-06-17T01:06:44.930;599630086269229204;27207.692308;-11
2026-06-17T01:06:44.938;599630086276921511;27215.384615;-11
2026-06-17T01:06:44.946;599630086284613819;27223.076923;-11
2026-06-17T01:06:44.953;599630086292306127;27230.769231;-11
2026-06-17T01:06:44.961;599630086299998434;27238.461538;-11
2026-06-17T01:06:44.969;599630086307690742;27246.153846;-11
2026-06-17T01:06:44.976;599630086315383050;27253.846154;-11
2026-06-17T01:06:44.984;599630086323075358;27261.538462;-11
2026-06-17T01:06:44.992;599630086330767665;27269.230769;-10
2026-06-17T01:06:44.999;599630086338459973;27276.923077;-9
2026-06-17T01:06:45.007;599630086346152281;27284.615385;-7
2026-06-17T01:06:45.015;599630086353844588;27292.307692;-2
2026-06-17T01:06:45.023;599630086361536896;27300.000000;5
2026-06-17T01:06:45.030;599630086369229204;27307.692308;16
2026-06-17T01:06:45.038;599630086376921511;27315.384615;31
2026-06-17T01:06:45.046;599630086384613819;27323.076923;48
2026-06-17T01:06:45.053;599630086392306127;27330.769231;63
2026-06-17T01:06:45.061;599630086399998434;27338.461538;75
2026-06-17T01:06:45.069;599630086407690742;27346.153846;80
2026-06-17T01:06:45.076;599630086415383050;27353.846154;76
2026-06-17T01:06:45.084;599630086423075358;27361.538462;65
2026-06-17T01:06:45.092;599630086430767665;27369.230769;49
2026-06-17T01:06:45.099;599630086438459973;27376.923077;33
2026-06-17T01:06:45.107;599630086446152281;27384.615385;18
2026-06-17T01:06:45.115;599630086453844588;27392.307692;7
2026-06-17T01:06:45.123;599630086461536896;27400.000000;-1
2026-06-17T01:06:45.130;599630086469229204;27407.692308;-5
2026-06-17T01:06:45.138;599630086476921511;27415.384615;-8
2026-06-17T01:06:45.146;599630086484613819;27423.076923;-9
2026-06-17T01:06:45.153;599630086492306127;27430.769231;-9
2026-06-17T01:06:45.161;599630086499998434;27438.461538;-9
2026-06-17T01:06:45.169;599630086507690742;27446.153846;-9
2026-06-17T01:06:45.176;599630086515383050;27453.846154;-9
2026-06-17T01:06:45.184;599630086523075358;27461.538462;-10
2026-06-17T01:06:45.192;599630086530767665;27469.230769;-18
2026-06-17T01:06:45.199;599630086538459973;27476.923077;-48
2026-06-17T01:06:45.207;599630086546152281;27484.615385;-11
2026-06-17T01:06:45.215;599630086553844588;27492.307692;327
2026-06-17T01:06:45.223;599630086561536896;27500.000000;892
2026-06-17T01:06:45.230;599630086569229204;27507.692308;1108
2026-06-17T01:06:45.238;599630086576921511;27515.384615;688
2026-06-17T01:06:45.246;599630086584613819;27523.076923;111
2026-06-17T01:06:45.253;599630086592306127;27530.769231;-177
2026-06-17T01:06:45.261;599630086599998434;27538.461538;-189
2026-06-17T01:06:45.269;599630086607690742;27546.153846;-102
2026-06-17T01:06:45.276;599630086615383050;27553.846154;-37
2026-06-17T01:06:45.284;599630086623075358;27561.538462;-13
2026-06-17T01:06:45.292;599630086630767665;27569.230769;-8
2026-06-17T01:06:45.299;599630086638459973;27576.923077;-6
2026-06-17T01:06:45.307;599630086646152281;27584.615385;-5
2026-06-17T01:06:45.315;599630086653844588;27592.307692;-4
2026-06-17T01:06:45.323;599630086661536896;27600.000000;-2
2026-06-17T01:06:45.330;599630086669229204;27607.692308;1
2026-06-17T01:06:45.338;599630086676921511;27615.384615;6
2026-06-17T01:06:45.346;599630086684613819;27623.076923;12
2026-06-17T01:06:45.353;599630086692306127;27630.769231;20
2026-06-17T01:06:45.361;599630086699998434;27638.461538;32
2026-06-17T01:06:45.369;599630086707690742;27646.153846;46
2026-06-17T01:06:45.376;599630086715383050;27653.846154;64
2026-06-17T01:06:45.384;599630086723075358;27661.538462;86
2026-06-17T01:06:45.392;599630086730767665;27669.230769;110
2026-06-17T01:06:45.399;599630086738459973;27676.923077;136
2026-06-17T01:06:45.407;599630086746152281;27684.615385;163
2026-06-17T01:06:45.415;599630086753844588;27692.307692;189
2026-06-17T01:06:45.423;599630086761536896;27700.000000;213
2026-06-17T01:06:45.430;599630086769229204;27707.692308;233
2026-06-17T01:06:45.438;599630086776921511;27715.384615;247
2026-06-17T01:06:45.446;599630086784613819;27723.076923;254
2026-06-17T01:06:45.453;599630086792306127;27730.769231;254
2026-06-17T01:06:45.461;599630086799998434;27738.461538;246
2026-06-17T01:06:45.469;599630086807690742;27746.153846;232
2026-06-17T01:06:45.476;599630086815383050;27753.846154;212
2026-06-17T01:06:45.484;599630086823075358;27761.538462;188
2026-06-17T01:06:45.492;599630086830767665;27769.230769;161
2026-06-17T01:06:45.499;599630086838459973;27776.923077;135
2026-06-17T01:06:45.507;599630086846152281;27784.615385;109
2026-06-17T01:06:45.515;599630086853844588;27792.307692;85
2026-06-17T01:06:45.523;599630086861536896;27800.000000;65
2026-06-17T01:06:45.530;599630086869229204;27807.692308;47
2026-06-17T01:06:45.538;599630086876921511;27815.384615;34
2026-06-17T01:06:45.546;599630086884613819;27823.076923;23
2026-06-17T01:06:45.553;599630086892306127;27830.769231;15
2026-06-17T01:06:45.561;599630086899998434;27838.461538;9
2026-06-17T01:06:45.569;599630086907690742;27846.153846;5
2026-06-17T01:06:45.576;599630086915383050;27853.846154;2
2026-06-17T01:06:45.584;599630086923075358;27861.538462;0
2026-06-17T01:06:45.592;599630086930767665;27869.230769;-1
2026-06-17T01:06:45.599;599630086938459973;27876.923077;-1
2026-06-17T01:06:45.607;599630086946152281;27884.615385;-2
2026-06-17T01:06:45.615;599630086953844588;27892.307692;-2
2026-06-17T01:06:45.623;599630086961536896;27900.000000;-2
2026-06-17T01:06:45.630;599630086969229204;27907.692308;-2
2026-06-17T01:06:45.638;599630086976921511;27915.384615;-2
2026-06-17T01:06:45.646;599630086984613819;27923.076923;-1
2026-06-17T01:06:45.653;599630086992306127;27930.769231;-1
2026-06-17T01:06:45.661;599630086999998434;27938.461538;-1
2026-06-17T01:06:45.669;599630087007690742;27946.153846;-1
2026-06-17T01:06:45.676;599630087015383050;27953.846154;-1
2026-06-17T01:06:45.684;599630087023075358;27961.538462;-1
2026-06-17T01:06:45.692;599630087030767665;27969.230769;-1
2026-06-17T01:06:45.699;599630087038459973;27976.923077;0
2026-06-17T01:06:45.707;599630087046152281;27984.615385;0
2026-06-17T01:06:45.715;599630087053844588;27992.307692;0
2026-06-17T01:06:45.723;599630087061536896;28000.000000;0
2026-06-17T01:06:45.730;599630087069229204;28007.692308;0
2026-06-17T01:06:45.738;599630087076921511;28015.384615;0
2026-06-17T01:06:45.746;599630087084613819;28023.076923;0
2026-06-17T01:06:45.753;599630087092306127;28030.769231;1
2026-06-17T01:06:45.761;599630087099998434;28038.461538;1
2026-06-17T01:06:45.769;599630087107690742;28046.153846;1
2026-06-17T01:06:45.776;599630087115383050;28053.846154;1
2026-06-17T01:06:45.784;599630087123075358;28061.538462;1
2026-06-17T01:06:45.792;599630087130767665;28069.230769;1
2026-06-17T01:06:45.799;599630087138459973;28076.923077;1
2026-06-17T01:06:45.807;599630087146152281;28084.615385;2
2026-06-17T01:06:45.815;599630087153844588;28092.307692;2
2026-06-17T01:06:45.823;599630087161536896;28100.000000;2
2026-06-17T01:06:45.830;599630087169229204;28107.692308;2
2026-06-17T01:06:45.838;599630087176921511;28115.384615;2
2026-06-17T01:06:45.846;599630087184613819;28123.076923;2
2026-06-17T01:06:45.853;599630087192306127;28130.769231;2
2026-06-17T01:06:45.861;599630087199998434;28138.461538;3
2026-06-17T01:06:45.869;599630087207690742;28146.153846;3
2026-06-17T01:06:45.876;599630087215383050;28153.846154;3
2026-06-17T01:06:45.884;599630087223075358;28161.538462;3
2026-06-17T01:06:45.892;599630087230767665;28169.230769;3
2026-06-17T01:06:45.899;599630087238459973;28176.923077;3
2026-06-17T01:06:45.907;599630087246152281;28184.615385;3
2026-06-17T01:06:45.915;599630087253844588;28192.307692;4
2026-06-17T01:06:45.923;599630087261536896;28200.000000;4
2026-06-17T01:06:45.930;599630087269229204;28207.692308;4
2026-06-17T01:06:45.938;599630087276921511;28215.384615;4
2026-06-17T01:06:45.946;599630087284613819;28223.076923;4
2026-06-17T01:06:45.953;599630087292306127;28230.769231;4
2026-06-17T01:06:45.961;599630087299998434;28238.461538;4
2026-06-17T01:06:45.969;599630087307690742;28246.153846;5
2026-06-17T01:06:45.976;599630087315383050;28253.846154;5
2026-06-17T01:06:45.984;599630087323075358;28261.538462;5
2026-06-17T01:06:45.992;599630087330767665;28269.230769;5
2026-06-17T01:06:45.999;599630087338459973;28276.923077;6
2026-06-17T01:06:46.007;599630087346152281;28284.615385;7
2026-06-17T01:06:46.015;599630087353844588;28292.307692;10
2026-06-17T01:06:46.023;599630087361536896;28300.000000;14
2026-06-17T01:06:46.030;599630087369229204;28307.692308;22
2026-06-17T01:06:46.038;599630087376921511;28315.384615;33
2026-06-17T01:06:46.046;599630087384613819;28323.076923;47
2026-06-17T01:06:46.053;599630087392306127;28330.769231;64
2026-06-17T01:06:46.061;599630087399998434;28338.461538;80
2026-06-17T01:06:46.069;599630087407690742;28346.153846;92
2026-06-17T01:06:46.076;599630087415383050;28353.846154;96
2026-06-17T01:06:46.084;599630087423075358;28361.538462;93
2026-06-17T01:06:46.092;599630087430767665;28369.230769;82
2026-06-17T01:06:46.099;599630087438459973;28376.923077;66
2026-06-17T01:06:46.107;599630087446152281;28384.615385;50
2026-06-17T01:06:46.115;599630087453844588;28392.307692;35
2026-06-17T01:06:46.123;599630087461536896;28400.000000;24
2026-06-17T01:06:46.130;599630087469229204;28407.692308;16
2026-06-17T01:06:46.138;599630087476921511;28415.384615;12
2026-06-17T01:06:46.146;599630087484613819;28423.076923;9
2026-06-17T01:06:46.153;599630087492306127;28430.769231;8
2026-06-17T01:06:46.161;599630087499998434;28438.461538;8
2026-06-17T01:06:46.169;599630087507690742;28446.153846;8
2026-06-17T01:06:46.176;599630087515383050;28453.846154;8
2026-06-17T01:06:46.184;599630087523075358;28461.538462;8
2026-06-17T01:06:46.192;599630087530767665;28469.230769;7
2026-06-17T01:06:46.199;599630087538459973;28476.923077;-2
2026-06-17T01:06:46.207;599630087546152281;28484.615385;-31
2026-06-17T01:06:46.215;599630087553844588;28492.307692;7
2026-06-17T01:06:46.223;599630087561536896;28500.000000;347
2026-06-17T01:06:46.230;599630087569229204;28507.692308;912
2026-06-17T01:06:46.238;599630087576921511;28515.384615;1124
2026-06-17T01:06:46.246;599630087584613819;28523.076923;701
2026-06-17T01:06:46.253;599630087592306127;28530.769231;126
2026-06-17T01:06:46.261;599630087599998434;28538.461538;-161
2026-06-17T01:06:46.269;599630087607690742;28546.153846;-172
2026-06-17T01:06:46.276;599630087615383050;28553.846154;-85
2026-06-17T01:06:46.284;599630087623075358;28561.538462;-20
2026-06-17T01:06:46.292;599630087630767665;28569.230769;4
2026-06-17T01:06:46.299;599630087638459973;28576.923077;9
2026-06-17T01:06:46.307;599630087646152281;28584.615385;11
2026-06-17T01:06:46.315;599630087653844588;28592.307692;11
2026-06-17T01:06:46.323;599630087661536896;28600.000000;13
2026-06-17T01:06:46.330;599630087669229204;28607.692308;15
2026-06-17T01:06:46.338;599630087676921511;28615.384615;18
2026-06-17T01:06:46.346;599630087684613819;28623.076923;22
2026-06-17T01:06:46.353;599630087692306127;28630.769231;29
2026-06-17T01:06:46.361;599630087699998434;28638.461538;37
2026-06-17T01:06:46.369;599630087707690742;28646.153846;49
2026-06-17T01:06:46.376;599630087715383050;28653.846154;63
2026-06-17T01:06:46.384;599630087723075358;28661.538462;81
2026-06-17T01:06:46.392;599630087730767665;28669.230769;102
2026-06-17T01:06:46.399;599630087738459973;28676.923077;126
2026-06-17T01:06:46.407;599630087746152281;28684.615385;152
2026-06-17T01:06:46.415;599630087753844588;28692.307692;179
2026-06-17T01:06:46.423;599630087761536896;28700.000000;206
2026-06-17T01:06:46.430;599630087769229204;28707.692308;229
2026-06-17T01:06:46.438;599630087776921511;28715.384615;249
2026-06-17T01:06:46.446;599630087784613819;28723.076923;263
2026-06-17T01:06:46.453;599630087792306127;28730.769231;270
2026-06-17T01:06:46.461;599630087799998434;28738.461538;270
2026-06-17T01:06:46.469;599630087807690742;28746.153846;262
2026-06-17T01:06:46.476;599630087815383050;28753.846154;247
2026-06-17T01:06:46.484;599630087823075358;28761.538462;227
2026-06-17T01:06:46.492;599630087830767665;28769.230769;203
2026-06-17T01:06:46.499;599630087838459973;28776.923077;177
2026-06-17T01:06:46.507;599630087846152281;28784.615385;150
2026-06-17T01:06:46.515;599630087853844588;28792.307692;124
2026-06-17T01:06:46.523;599630087861536896;28800.000000;101
2026-06-17T01:06:46.530;599630087869229204;28807.692308;80
2026-06-17T01:06:46.538;599630087876921511;28815.384615;62
2026-06-17T01:06:46.546;599630087884613819;28823.076923;48
2026-06-17T01:06:46.553;599630087892306127;28830.769231;38
2026-06-17T01:06:46.561;599630087899998434;28838.461538;29
2026-06-17T01:06:46.569;599630087907690742;28846.153846;23
2026-06-17T01:06:46.576;599630087915383050;28853.846154;19
2026-06-17T01:06:46.584;599630087923075358;28861.538462;16
2026-06-17T01:06:46.592;599630087930767665;28869.230769;15
2026-06-17T01:06:46.599;599630087938459973;28876.923077;13
2026-06-17T01:06:46.607;599630087946152281;28884.615385;13
2026-06-17T01:06:46.615;599630087953844588;28892.307692;12
2026-06-17T01:06:46.623;599630087961536896;28900.000000;12
2026-06-17T01:06:46.630;599630087969229204;28907.692308;12
2026-06-17T01:06:46.638;599630087976921511;28915.384615;12
2026-06-17T01:06:46.646;599630087984613819;28923.076923;12
2026-06-17T01:06:46.653;599630087992306127;28930.769231;12
2026-06-17T01:06:46.661;599630087999998434;28938.461538;12
2026-06-17T01:06:46.669;599630088007690742;28946.153846;12
2026-06-17T01:06:46.676;599630088015383050;28953.846154;12
2026-06-17T01:06:46.684;599630088023075358;28961.538462;12
2026-06-17T01:06:46.692;599630088030767665;28969.230769;12
2026-06-17T01:06:46.699;599630088038459973;28976.923077;12
2026-06-17T01:06:46.707;599630088046152281;28984.615385;12
2026-06-17T01:06:46.715;599630088053844588;28992.307692;12
2026-06-17T01:06:46.723;599630088061536896;29000.000000;12
2026-06-17T01:06:46.730;599630088069229204;29007.692308;12
2026-06-17T01:06:46.738;599630088076921511;29015.384615;12
2026-06-17T01:06:46.746;599630088084613819;29023.076923;12
2026-06-17T01:06:46.753;599630088092306127;29030.769231;12
2026-06-17T01:06:46.761;599630088099998434;29038.461538;12
2026-06-17T01:06:46.769;599630088107690742;29046.153846;12
2026-06-17T01:06:46.776;599630088115383050;29053.846154;12
2026-06-17T01:06:46.784;599630088123075358;29061.538462;12
2026-06-17T01:06:46.792;599630088130767665;29069.230769;12
2026-06-17T01:06:46.799;599630088138459973;29076.923077;12
2026-06-17T01:06:46.807;599630088146152281;29084.615385;12
2026-06-17T01:06:46.815;599630088153844588;29092.307692;12
2026-06-17T01:06:46.823;599630088161536896;29100.000000;12
2026-06-17T01:06:46.830;599630088169229204;29107.692308;12
2026-06-17T01:06:46.838;599630088176921511;29115.384615;12
2026-06-17T01:06:46.846;599630088184613819;29123.076923;12
2026-06-17T01:06:46.853;599630088192306127;29130.769231;12
2026-06-17T01:06:46.861;599630088199998434;29138.461538;12
2026-06-17T01:06:46.869;599630088207690742;29146.153846;12
2026-06-17T01:06:46.876;599630088215383050;29153.846154;12
2026-06-17T01:06:46.884;599630088223075358;29161.538462;12
2026-06-17T01:06:46.892;599630088230767665;29169.230769;12
2026-06-17T01:06:46.899;599630088238459973;29176.923077;12
2026-06-17T01:06:46.907;599630088246152281;29184.615385;11
2026-06-17T01:06:46.915;599630088253844588;29192.307692;11
2026-06-17T01:06:46.923;599630088261536896;29200.000000;11
2026-06-17T01:06:46.930;599630088269229204;29207.692308;11
2026-06-17T01:06:46.938;599630088276921511;29215.384615;11
2026-06-17T01:06:46.946;599630088284613819;29223.076923;11
2026-06-17T01:06:46.953;599630088292306127;29230.769231;11
2026-06-17T01:06:46.961;599630088299998434;29238.461538;11
2026-06-17T01:06:46.969;599630088307690742;29246.153846;11
2026-06-17T01:06:46.976;599630088315383050;29253.846154;11
2026-06-17T01:06:46.984;599630088323075358;29261.538462;11
2026-06-17T01:06:46.992;599630088330767665;29269.230769;11
2026-06-17T01:06:46.999;599630088338459973;29276.923077;11
2026-06-17T01:06:47.007;599630088346152281;29284.615385;11
2026-06-17T01:06:47.015;599630088353844588;29292.307692;11
2026-06-17T01:06:47.023;599630088361536896;29300.000000;11
2026-06-17T01:06:47.030;599630088369229204;29307.692308;11
2026-06-17T01:06:47.038;599630088376921511;29315.384615;11
2026-06-17T01:06:47.046;599630088384613819;29323.076923;11
2026-06-17T01:06:47.053;599630088392306127;29330.769231;12
2026-06-17T01:06:47.061;599630088399998434;29338.461538;14
2026-06-17T01:06:47.069;599630088407690742;29346.153846;18
2026-06-17T01:06:47.076;599630088415383050;29353.846154;25
2026-06-17T01:06:47.084;599630088423075358;29361.538462;35
2026-06-17T01:06:47.092;599630088430767665;29369.230769;49
2026-06-17T01:06:47.099;599630088438459973;29376.923077;66
2026-06-17T01:06:47.107;599630088446152281;29384.615385;82
2026-06-17T01:06:47.115;599630088453844588;29392.307692;94
2026-06-17T01:06:47.123;599630088461536896;29400.000000;100
2026-06-17T01:06:47.130;599630088469229204;29407.692308;97
2026-06-17T01:06:47.138;599630088476921511;29415.384615;86
2026-06-17T01:06:47.146;599630088484613819;29423.076923;71
2026-06-17T01:06:47.153;599630088492306127;29430.769231;54
2026-06-17T01:06:47.161;599630088499998434;29438.461538;39
2026-06-17T01:06:47.169;599630088507690742;29446.153846;27
2026-06-17T01:06:47.176;599630088515383050;29453.846154;19
2026-06-17T01:06:47.184;599630088523075358;29461.538462;14
2026-06-17T01:06:47.192;599630088530767665;29469.230769;11
2026-06-17T01:06:47.199;599630088538459973;29476.923077;10
2026-06-17T01:06:47.207;599630088546152281;29484.615385;9
2026-06-17T01:06:47.215;599630088553844588;29492.307692;9
2026-06-17T01:06:47.223;599630088561536896;29500.000000;9
2026-06-17T01:06:47.230;599630088569229204;29507.692308;8
2026-06-17T01:06:47.238;599630088576921511;29515.384615;8
2026-06-17T01:06:47.246;599630088584613819;29523.076923;1
2026-06-17T01:06:47.253;599630088592306127;29530.769231;-27
2026-06-17T01:06:47.261;599630088599998434;29538.461538;-12
2026-06-17T01:06:47.269;599630088607690742;29546.153846;275
2026-06-17T01:06:47.276;599630088615383050;29553.846154;837
2026-06-17T01:06:47.284;599630088623075358;29561.538462;1135
2026-06-17T01:06:47.292;599630088630767665;29569.230769;785
2026-06-17T01:06:47.299;599630088638459973;29576.923077;193
2026-06-17T01:06:47.307;599630088646152281;29584.615385;-142
2026-06-17T01:06:47.315;599630088653844588;29592.307692;-182
2026-06-17T01:06:47.323;599630088661536896;29600.000000;-99
2026-06-17T01:06:47.330;599630088669229204;29607.692308;-28
2026-06-17T01:06:47.338;599630088676921511;29615.384615;0
2026-06-17T01:06:47.346;599630088684613819;29623.076923;6
2026-06-17T01:06:47.353;599630088692306127;29630.769231;7
2026-06-17T01:06:47.361;599630088699998434;29638.461538;8
2026-06-17T01:06:47.369;599630088707690742;29646.153846;9
2026-06-17T01:06:47.376;599630088715383050;29653.846154;11
2026-06-17T01:06:47.384;599630088723075358;29661.538462;14
2026-06-17T01:06:47.392;599630088730767665;29669.230769;18
2026-06-17T01:06:47.399;599630088738459973;29676.923077;23
2026-06-17T01:06:47.407;599630088746152281;29684.615385;31
2026-06-17T01:06:47.415;599630088753844588;29692.307692;42
2026-06-17T01:06:47.423;599630088761536896;29700.000000;56
2026-06-17T01:06:47.430;599630088769229204;29707.692308;73
2026-06-17T01:06:47.438;599630088776921511;29715.384615;94
2026-06-17T01:06:47.446;599630088784613819;29723.076923;117
2026-06-17T01:06:47.453;599630088792306127;29730.769231;143
2026-06-17T01:06:47.461;599630088799998434;29738.461538;170
2026-06-17T01:06:47.469;599630088807690742;29746.153846;196
2026-06-17T01:06:47.476;599630088815383050;29753.846154;220
2026-06-17T01:06:47.484;599630088823075358;29761.538462;240
2026-06-17T01:06:47.492;599630088830767665;29769.230769;255
2026-06-17T01:06:47.499;599630088838459973;29776.923077;263
2026-06-17T01:06:47.507;599630088846152281;29784.615385;263
2026-06-17T01:06:47.515;599630088853844588;29792.307692;256
2026-06-17T01:06:47.523;599630088861536896;29800.000000;242
2026-06-17T01:06:47.530;599630088869229204;29807.692308;223
2026-06-17T01:06:47.538;599630088876921511;29815.384615;199
2026-06-17T01:06:47.546;599630088884613819;29823.076923;173
2026-06-17T01:06:47.553;599630088892306127;29830.769231;146
2026-06-17T01:06:47.561;599630088899998434;29838.461538;119
2026-06-17T01:06:47.569;599630088907690742;29846.153846;95
2026-06-17T01:06:47.576;599630088915383050;29853.846154;74
2026-06-17T01:06:47.584;599630088923075358;29861.538462;56
2026-06-17T01:06:47.592;599630088930767665;29869.230769;41
2026-06-17T01:06:47.599;599630088938459973;29876.923077;30
2026-06-17T01:06:47.607;599630088946152281;29884.615385;21
2026-06-17T01:06:47.615;599630088953844588;29892.307692;14
2026-06-17T01:06:47.623;599630088961536896;29900.000000;10
2026-06-17T01:06:47.630;599630088969229204;29907.692308;7
2026-06-17T01:06:47.638;599630088976921511;29915.384615;5
2026-06-17T01:06:47.646;599630088984613819;29923.076923;3
2026-06-17T01:06:47.653;599630088992306127;29930.769231;2
2026-06-17T01:06:47.661;599630088999998434;29938.461538;2
2026-06-17T01:06:47.669;599630089007690742;29946.153846;1
2026-06-17T01:06:47.676;599630089015383050;29953.846154;1
2026-06-17T01:06:47.684;599630089023075358;29961.538462;1
2026-06-17T01:06:47.692;599630089030767665;29969.230769;1
2026-06-17T01:06:47.699;599630089038459973;29976.923077;0
2026-06-17T01:06:47.707;599630089046152281;29984.615385;0
2026-06-17T01:06:47.715;599630089053844588;29992.307692;0
2026-06-17T01:06:47.723;599630089061536896;30000.000000;0
2026-06-17T01:06:47.730;599630089069229204;30007.692308;0
2026-06-17T01:06:47.738;599630089076921511;30015.384615;0
2026-06-17T01:06:47.746;599630089084613819;30023.076923;0
2026-06-17T01:06:47.753;599630089092306127;30030.769231;-1
2026-06-17T01:06:47.761;599630089099998434;30038.461538;-1
2026-06-17T01:06:47.769;599630089107690742;30046.153846;-1
2026-06-17T01:06:47.776;599630089115383050;30053.846154;-1
2026-06-17T01:06:47.784;599630089123075358;30061.538462;-1
2026-06-17T01:06:47.792;599630089130767665;30069.230769;-1
2026-06-17T01:06:47.799;599630089138459973;30076.923077;-1
2026-06-17T01:06:47.807;599630089146152281;30084.615385;-2
2026-06-17T01:06:47.815;599630089153844588;30092.307692;-2
2026-06-17T01:06:47.823;599630089161536896;30100.000000;-2
2026-06-17T01:06:47.830;599630089169229204;30107.692308;-2
2026-06-17T01:06:47.838;599630089176921511;30115.384615;-2
2026-06-17T01:06:47.846;599630089184613819;30123.076923;-2
2026-06-17T01:06:47.853;599630089192306127;30130.769231;-2
2026-06-17T01:06:47.861;599630089199998434;30138.461538;-3
2026-06-17T01:06:47.869;599630089207690742;30146.153846;-3
2026-06-17T01:06:47.876;599630089215383050;30153.846154;-3
2026-06-17T01:06:47.884;599630089223075358;30161.538462;-3
2026-06-17T01:06:47.892;599630089230767665;30169.230769;-3
2026-06-17T01:06:47.899;599630089238459973;30176.923077;-3
2026-06-17T01:06:47.907;599630089246152281;30184.615385;-3
2026-06-17T01:06:47.915;599630089253844588;30192.307692;-4
2026-06-17T01:06:47.923;599630089261536896;30200.000000;-4
2026-06-17T01:06:47.930;599630089269229204;30207.692308;-4
2026-06-17T01:06:47.938;599630089276921511;30215.384615;-4
2026-06-17T01:06:47.946;599630089284613819;30223.076923;-4
2026-06-17T01:06:47.953;599630089292306127;30230.769231;-4
2026-06-17T01:06:47.961;599630089299998434;30238.461538;-4
2026-06-17T01:06:47.969;599630089307690742;30246.153846;-5
2026-06-17T01:06:47.976;599630089315383050;30253.846154;-5
2026-06-17T01:06:47.984;599630089323075358;30261.538462;-5
2026-06-17T01:06:47.992;599630089330767665;30269.230769;-5
2026-06-17T01:06:47.999;599630089338459973;30276.923077;-5
2026-06-17T01:06:48.007;599630089346152281;30284.615385;-5
2026-06-17T01:06:48.015;599630089353844588;30292.307692;-5
2026-06-17T01:06:48.023;599630089361536896;30300.000000;-5
2026-06-17T01:06:48.030;599630089369229204;30307.692308;-6
2026-06-17T01:06:48.038;599630089376921511;30315.384615;-6
2026-06-17T01:06:48.046;599630089384613819;30323.076923;-6
2026-06-17T01:06:48.053;599630089392306127;30330.769231;-6
2026-06-17T01:06:48.061;599630089399998434;30338.461538;-6
2026-06-17T01:06:48.069;599630089407690742;30346.153846;-5
2026-06-17T01:06:48.076;599630089415383050;30353.846154;-4
2026-06-17T01:06:48.084;599630089423075358;30361.538462;-2
2026-06-17T01:06:48.092;599630089430767665;30369.230769;2
2026-06-17T01:06:48.099;599630089438459973;30376.923077;10
2026-06-17T01:06:48.107;599630089446152281;30384.615385;21
2026-06-17T01:06:48.115;599630089453844588;30392.307692;35
2026-06-17T01:06:48.123;599630089461536896;30400.000000;52
2026-06-17T01:06:48.130;599630089469229204;30407.692308;67
2026-06-17T01:06:48.138;599630089476921511;30415.384615;79
2026-06-17T01:06:48.146;599630089484613819;30423.076923;83
2026-06-17T01:06:48.153;599630089492306127;30430.769231;78
2026-06-17T01:06:48.161;599630089499998434;30438.461538;67
2026-06-17T01:06:48.169;599630089507690742;30446.153846;51
2026-06-17T01:06:48.176;599630089515383050;30453.846154;34
2026-06-17T01:06:48.184;599630089523075358;30461.538462;20
2026-06-17T01:06:48.192;599630089530767665;30469.230769;8
2026-06-17T01:06:48.199;599630089538459973;30476.923077;1
2026-06-17T01:06:48.207;599630089546152281;30484.615385;-4
2026-06-17T01:06:48.215;599630089553844588;30492.307692;-6
2026-06-17T01:06:48.223;599630089561536896;30500.000000;-8
2026-06-17T01:06:48.230;599630089569229204;30507.692308;-8
2026-06-17T01:06:48.238;599630089576921511;30515.384615;-9
2026-06-17T01:06:48.246;599630089584613819;30523.076923;-9
2026-06-17T01:06:48.253;599630089592306127;30530.769231;-9
2026-06-17T01:06:48.261;599630089599998434;30538.461538;-10
2026-06-17T01:06:48.269;599630089607690742;30546.153846;-19
2026-06-17T01:06:48.276;599630089615383050;30553.846154;-49
2026-06-17T01:06:48.284;599630089623075358;30561.538462;-5
2026-06-17T01:06:48.292;599630089630767665;30569.230769;346
2026-06-17T01:06:48.299;599630089638459973;30576.923077;910
2026-06-17T01:06:48.307;599630089646152281;30584.615385;1101
2026-06-17T01:06:48.315;599630089653844588;30592.307692;663
2026-06-17T01:06:48.323;599630089661536896;30600.000000;92
2026-06-17T01:06:48.330;599630089669229204;30607.692308;-183
2026-06-17T01:06:48.338;599630089676921511;30615.384615;-188
2026-06-17T01:06:48.346;599630089684613819;30623.076923;-101
2026-06-17T01:06:48.353;599630089692306127;30630.769231;-37
2026-06-17T01:06:48.361;599630089699998434;30638.461538;-15
2026-06-17T01:06:48.369;599630089707690742;30646.153846;-10
2026-06-17T01:06:48.376;599630089715383050;30653.846154;-9
2026-06-17T01:06:48.384;599630089723075358;30661.538462;-9
2026-06-17T01:06:48.392;599630089730767665;30669.230769;-7
2026-06-17T01:06:48.399;599630089738459973;30676.923077;-5
2026-06-17T01:06:48.407;599630089746152281;30684.615385;-2
2026-06-17T01:06:48.415;599630089753844588;30692.307692;2
2026-06-17T01:06:48.423;599630089761536896;30700.000000;8
2026-06-17T01:06:48.430;599630089769229204;30707.692308;17
2026-06-17T01:06:48.438;599630089776921511;30715.384615;28
2026-06-17T01:06:48.446;599630089784613819;30723.076923;43
2026-06-17T01:06:48.453;599630089792306127;30730.769231;60
2026-06-17T01:06:48.461;599630089799998434;30738.461538;82
2026-06-17T01:06:48.469;599630089807690742;30746.153846;106
2026-06-17T01:06:48.476;599630089815383050;30753.846154;132
2026-06-17T01:06:48.484;599630089823075358;30761.538462;158
2026-06-17T01:06:48.492;599630089830767665;30769.230769;185
2026-06-17T01:06:48.499;599630089838459973;30776.923077;208
2026-06-17T01:06:48.507;599630089846152281;30784.615385;228
2026-06-17T01:06:48.515;599630089853844588;30792.307692;241
2026-06-17T01:06:48.523;599630089861536896;30800.000000;248
2026-06-17T01:06:48.530;599630089869229204;30807.692308;247
2026-06-17T01:06:48.538;599630089876921511;30815.384615;239
2026-06-17T01:06:48.546;599630089884613819;30823.076923;224
2026-06-17T01:06:48.553;599630089892306127;30830.769231;204
2026-06-17T01:06:48.561;599630089899998434;30838.461538;179
2026-06-17T01:06:48.569;599630089907690742;30846.153846;153
2026-06-17T01:06:48.576;599630089915383050;30853.846154;126
2026-06-17T01:06:48.584;599630089923075358;30861.538462;100
2026-06-17T01:06:48.592;599630089930767665;30869.230769;77
2026-06-17T01:06:48.599;599630089938459973;30876.923077;56
2026-06-17T01:06:48.607;599630089946152281;30884.615385;39
2026-06-17T01:06:48.615;599630089953844588;30892.307692;25
2026-06-17T01:06:48.623;599630089961536896;30900.000000;14
2026-06-17T01:06:48.630;599630089969229204;30907.692308;6
2026-06-17T01:06:48.638;599630089976921511;30915.384615;0
2026-06-17T01:06:48.646;599630089984613819;30923.076923;-4
2026-06-17T01:06:48.653;599630089992306127;30930.769231;-7
2026-06-17T01:06:48.661;599630089999998434;30938.461538;-9
2026-06-17T01:06:48.669;599630090007690742;30946.153846;-10
2026-06-17T01:06:48.676;599630090015383050;30953.846154;-11
2026-06-17T01:06:48.684;599630090023075358;30961.538462;-11
2026-06-17T01:06:48.692;599630090030767665;30969.230769;-12
2026-06-17T01:06:48.699;599630090038459973;30976.923077;-12
2026-06-17T01:06:48.707;599630090046152281;30984.615385;-12
2026-06-17T01:06:48.715;599630090053844588;30992.307692;-12
2026-06-17T01:06:48.723;599630090061536896;31000.000000;-12
2026-06-17T01:06:48.730;599630090069229204;31007.692308;-12
2026-06-17T01:06:48.738;599630090076921511;31015.384615;-12
2026-06-17T01:06:48.746;599630090084613819;31023.076923;-12
2026-06-17T01:06:48.753;599630090092306127;31030.769231;-12
2026-06-17T01:06:48.761;599630090099998434;31038.461538;-12
2026-06-17T01:06:48.769;599630090107690742;31046.153846;-12
2026-06-17T01:06:48.776;599630090115383050;31053.846154;-12
2026-06-17T01:06:48.784;599630090123075358;31061.538462;-12
2026-06-17T01:06:48.792;599630090130767665;31069.230769;-12
2026-06-17T01:06:48.799;599630090138459973;31076.923077;-12
2026-06-17T01:06:48.807;599630090146152281;31084.615385;-12
2026-06-17T01:06:48.815;599630090153844588;31092.307692;-12
2026-06-17T01:06:48.823;599630090161536896;31100.000000;-12
2026-06-17T01:06:48.830;599630090169229204;31107.692308;-12
2026-06-17T01:06:48.838;599630090176921511;31115.384615;-12
2026-06-17T01:06:48.846;599630090184613819;31123.076923;-12
2026-06-17T01:06:48.853;599630090192306127;31130.769231;-12
2026-06-17T01:06:48.861;599630090199998434;31138.461538;-12
2026-06-17T01:06:48.869;599630090207690742;31146.153846;-12
2026-06-17T01:06:48.876;599630090215383050;31153.846154;-12
2026-06-17T01:06:48.884;599630090223075358;31161.538462;-12
2026-06-17T01:06:48.892;599630090230767665;31169.230769;-12
2026-06-17T01:06:48.899;599630090238459973;31176.923077;-12
2026-06-17T01:06:48.907;599630090246152281;31184.615385;-11
2026-06-17T01:06:48.915;599630090253844588;31192.307692;-11
2026-06-17T01:06:48.923;599630090261536896;31200.000000;-11
2026-06-17T01:06:48.930;599630090269229204;31207.692308;-11
2026-06-17T01:06:48.938;599630090276921511;31215.384615;-11
2026-06-17T01:06:48.946;599630090284613819;31223.076923;-11
2026-06-17T01:06:48.953;599630090292306127;31230.769231;-11
2026-06-17T01:06:48.961;599630090299998434;31238.461538;-11
2026-06-17T01:06:48.969;599630090307690742;31246.153846;-11
2026-06-17T01:06:48.976;599630090315383050;31253.846154;-11
2026-06-17T01:06:48.984;599630090323075358;31261.538462;-11
2026-06-17T01:06:48.992;599630090330767665;31269.230769;-11
2026-06-17T01:06:48.999;599630090338459973;31276.923077;-11
2026-06-17T01:06:49.007;599630090346152281;31284.615385;-11
2026-06-17T01:06:49.015;599630090353844588;31292.307692;-11
2026-06-17T01:06:49.023;599630090361536896;31300.000000;-11
2026-06-17T01:06:49.030;599630090369229204;31307.692308;-10
2026-06-17T01:06:49.038;599630090376921511;31315.384615;-10
2026-06-17T01:06:49.046;599630090384613819;31323.076923;-9
2026-06-17T01:06:49.053;599630090392306127;31330.769231;-8
2026-06-17T01:06:49.061;599630090399998434;31338.461538;-4
2026-06-17T01:06:49.069;599630090407690742;31346.153846;1
2026-06-17T01:06:49.076;599630090415383050;31353.846154;10
2026-06-17T01:06:49.084;599630090423075358;31361.538462;23
2026-06-17T01:06:49.092;599630090430767665;31369.230769;39
2026-06-17T01:06:49.099;599630090438459973;31376.923077;56
2026-06-17T01:06:49.107;599630090446152281;31384.615385;70
2026-06-17T01:06:49.115;599630090453844588;31392.307692;79
2026-06-17T01:06:49.123;599630090461536896;31400.000000;80
2026-06-17T01:06:49.130;599630090469229204;31407.692308;72
2026-06-17T01:06:49.138;599630090476921511;31415.384615;59
2026-06-17T01:06:49.146;599630090484613819;31423.076923;42
2026-06-17T01:06:49.153;599630090492306127;31430.769231;26
2026-06-17T01:06:49.161;599630090499998434;31438.461538;13
2026-06-17T01:06:49.169;599630090507690742;31446.153846;4
2026-06-17T01:06:49.176;599630090515383050;31453.846154;-2
2026-06-17T01:06:49.184;599630090523075358;31461.538462;-6
2026-06-17T01:06:49.192;599630090530767665;31469.230769;-8
2026-06-17T01:06:49.199;599630090538459973;31476.923077;-8
2026-06-17T01:06:49.207;599630090546152281;31484.615385;-9
2026-06-17T01:06:49.215;599630090553844588;31492.307692;-9
2026-06-17T01:06:49.223;599630090561536896;31500.000000;-8
2026-06-17T01:06:49.230;599630090569229204;31507.692308;-9
2026-06-17T01:06:49.238;599630090576921511;31515.384615;-11
2026-06-17T01:06:49.246;599630090584613819;31523.076923;-30
2026-06-17T01:06:49.253;599630090592306127;31530.769231;-52
2026-06-17T01:06:49.261;599630090599998434;31538.461538;102
2026-06-17T01:06:49.269;599630090607690742;31546.153846;594
2026-06-17T01:06:49.276;599630090615383050;31553.846154;1075
2026-06-17T01:06:49.284;599630090623075358;31561.538462;973
2026-06-17T01:06:49.292;599630090630767665;31569.230769;397
2026-06-17T01:06:49.299;599630090638459973;31576.923077;-67
2026-06-17T01:06:49.307;599630090646152281;31584.615385;-206
2026-06-17T01:06:49.315;599630090653844588;31592.307692;-150
2026-06-17T01:06:49.323;599630090661536896;31600.000000;-65
2026-06-17T01:06:49.330;599630090669229204;31607.692308;-21
2026-06-17T01:06:49.338;599630090676921511;31615.384615;-9
2026-06-17T01:06:49.346;599630090684613819;31623.076923;-6
2026-06-17T01:06:49.353;599630090692306127;31630.769231;-5
2026-06-17T01:06:49.361;599630090699998434;31638.461538;-4
2026-06-17T01:06:49.369;599630090707690742;31646.153846;-2
2026-06-17T01:06:49.376;599630090715383050;31653.846154;0
2026-06-17T01:06:49.384;599630090723075358;31661.538462;4
2026-06-17T01:06:49.392;599630090730767665;31669.230769;9
2026-06-17T01:06:49.399;599630090738459973;31676.923077;16
2026-06-17T01:06:49.407;599630090746152281;31684.615385;26
2026-06-17T01:06:49.415;599630090753844588;31692.307692;39
2026-06-17T01:06:49.423;599630090761536896;31700.000000;55
2026-06-17T01:06:49.430;599630090769229204;31707.692308;75
2026-06-17T01:06:49.438;599630090776921511;31715.384615;98
2026-06-17T01:06:49.446;599630090784613819;31723.076923;123
2026-06-17T01:06:49.453;599630090792306127;31730.769231;149
2026-06-17T01:06:49.461;599630090799998434;31738.461538;176
2026-06-17T01:06:49.469;599630090807690742;31746.153846;202
2026-06-17T01:06:49.476;599630090815383050;31753.846154;224
2026-06-17T01:06:49.484;599630090823075358;31761.538462;241
2026-06-17T01:06:49.492;599630090830767665;31769.230769;252
2026-06-17T01:06:49.499;599630090838459973;31776.923077;256
2026-06-17T01:06:49.507;599630090846152281;31784.615385;252
2026-06-17T01:06:49.515;599630090853844588;31792.307692;241
2026-06-17T01:06:49.523;599630090861536896;31800.000000;224
2026-06-17T01:06:49.530;599630090869229204;31807.692308;202
2026-06-17T01:06:49.538;599630090876921511;31815.384615;176
2026-06-17T01:06:49.546;599630090884613819;31823.076923;150
2026-06-17T01:06:49.553;599630090892306127;31830.769231;123
2026-06-17T01:06:49.561;599630090899998434;31838.461538;98
2026-06-17T01:06:49.569;599630090907690742;31846.153846;76
2026-06-17T01:06:49.576;599630090915383050;31853.846154;57
2026-06-17T01:06:49.584;599630090923075358;31861.538462;41
2026-06-17T01:06:49.592;599630090930767665;31869.230769;29
2026-06-17T01:06:49.599;599630090938459973;31876.923077;19
2026-06-17T01:06:49.607;599630090946152281;31884.615385;13
2026-06-17T01:06:49.615;599630090953844588;31892.307692;8
2026-06-17T01:06:49.623;599630090961536896;31900.000000;4
2026-06-17T01:06:49.630;599630090969229204;31907.692308;2
2026-06-17T01:06:49.638;599630090976921511;31915.384615;1
2026-06-17T01:06:49.646;599630090984613819;31923.076923;0
2026-06-17T01:06:49.653;599630090992306127;31930.769231;-1
2026-06-17T01:06:49.661;599630090999998434;31938.461538;-1
2026-06-17T01:06:49.669;599630091007690742;31946.153846;-1
2026-06-17T01:06:49.676;599630091015383050;31953.846154;-1
2026-06-17T01:06:49.684;599630091023075358;31961.538462;-1
2026-06-17T01:06:49.692;599630091030767665;31969.230769;-1
2026-06-17T01:06:49.699;599630091038459973;31976.923077;0
2026-06-17T01:06:49.707;599630091046152281;31984.615385;0
2026-06-17T01:06:49.715;599630091053844588;31992.307692;0
2026-06-17T01:06:49.723;599630091061536896;32000.000000;0
2026-06-17T01:06:49.730;599630091069229204;32007.692308;0
2026-06-17T01:06:49.738;599630091076921511;32015.384615;0
2026-06-17T01:06:49.746;599630091084613819;32023.076923;0
2026-06-17T01:06:49.753;599630091092306127;32030.769231;1
2026-06-17T01:06:49.761;599630091099998434;32038.461538;1
2026-06-17T01:06:49.769;599630091107690742;32046.153846;1
2026-06-17T01:06:49.776;599630091115383050;32053.846154;1
2026-06-17T01:06:49.784;599630091123075358;32061.538462;1
2026-06-17T01:06:49.792;599630091130767665;32069.230769;1
2026-06-17T01:06:49.799;599630091138459973;32076.923077;1
2026-06-17T01:06:49.807;599630091146152281;32084.615385;2
2026-06-17T01:06:49.815;599630091153844588;32092.307692;2
2026-06-17T01:06:49.823;599630091161536896;32100.000000;2
2026-06-17T01:06:49.830;599630091169229204;32107.692308;2
2026-06-17T01:06:49.838;599630091176921511;32115.384615;2
2026-06-17T01:06:49.846;599630091184613819;32123.076923;2
2026-06-17T01:06:49.853;599630091192306127;32130.769231;2
2026-06-17T01:06:49.861;599630091199998434;32138.461538;3
2026-06-17T01:06:49.869;599630091207690742;32146.153846;3
2026-06-17T01:06:49.876;599630091215383050;32153.846154;3
2026-06-17T01:06:49.884;599630091223075358;32161.538462;3
2026-06-17T01:06:49.892;599630091230767665;32169.230769;3
2026-06-17T01:06:49.899;599630091238459973;32176.923077;3
2026-06-17T01:06:49.907;599630091246152281;32184.615385;3
2026-06-17T01:06:49.915;599630091253844588;32192.307692;4
2026-06-17T01:06:49.923;599630091261536896;32200.000000;4
2026-06-17T01:06:49.930;599630091269229204;32207.692308;4
2026-06-17T01:06:49.938;599630091276921511;32215.384615;4
2026-06-17T01:06:49.946;599630091284613819;32223.076923;4
2026-06-17T01:06:49.953;599630091292306127;32230.769231;4
2026-06-17T01:06:49.961;599630091299998434;32238.461538;4
2026-06-17T01:06:49.969;599630091307690742;32246.153846;5
2026-06-17T01:06:49.976;599630091315383050;32253.846154;5
2026-06-17T01:06:49.984;599630091323075358;32261.538462;5
2026-06-17T01:06:49.992;599630091330767665;32269.230769;5
2026-06-17T01:06:49.999;599630091338459973;32276.923077;5
2026-06-17T01:06:50.007;599630091346152281;32284.615385;5
2026-06-17T01:06:50.015;599630091353844588;32292.307692;6
2026-06-17T01:06:50.023;599630091361536896;32300.000000;6
2026-06-17T01:06:50.030;599630091369229204;32307.692308;7
2026-06-17T01:06:50.038;599630091376921511;32315.384615;9
2026-06-17T01:06:50.046;599630091384613819;32323.076923;13
2026-06-17T01:06:50.053;599630091392306127;32330.769231;20
2026-06-17T01:06:50.061;599630091399998434;32338.461538;30
2026-06-17T01:06:50.069;599630091407690742;32346.153846;43
2026-06-17T01:06:50.076;599630091415383050;32353.846154;60
2026-06-17T01:06:50.084;599630091423075358;32361.538462;76
2026-06-17T01:06:50.092;599630091430767665;32369.230769;89
2026-06-17T01:06:50.099;599630091438459973;32376.923077;96
2026-06-17T01:06:50.107;599630091446152281;32384.615385;95
2026-06-17T01:06:50.115;599630091453844588;32392.307692;86
2026-06-17T01:06:50.123;599630091461536896;32400.000000;71
2026-06-17T01:06:50.130;599630091469229204;32407.692308;55
2026-06-17T01:06:50.138;599630091476921511;32415.384615;39
2026-06-17T01:06:50.146;599630091484613819;32423.076923;27
2026-06-17T01:06:50.153;599630091492306127;32430.769231;18
2026-06-17T01:06:50.161;599630091499998434;32438.461538;13
2026-06-17T01:06:50.169;599630091507690742;32446.153846;10
2026-06-17T01:06:50.176;599630091515383050;32453.846154;9
2026-06-17T01:06:50.184;599630091523075358;32461.538462;8
2026-06-17T01:06:50.192;599630091530767665;32469.230769;8
2026-06-17T01:06:50.199;599630091538459973;32476.923077;8
2026-06-17T01:06:50.207;599630091546152281;32484.615385;8
2026-06-17T01:06:50.215;599630091553844588;32492.307692;8
2026-06-17T01:06:50.223;599630091561536896;32500.000000;3
2026-06-17T01:06:50.230;599630091569229204;32507.692308;-21
2026-06-17T01:06:50.238;599630091576921511;32515.384615;-24
2026-06-17T01:06:50.246;599630091584613819;32523.076923;212
2026-06-17T01:06:50.253;599630091592306127;32530.769231;757
2026-06-17T01:06:50.261;599630091599998434;32538.461538;1133
2026-06-17T01:06:50.269;599630091607690742;32546.153846;868
2026-06-17T01:06:50.276;599630091615383050;32553.846154;271
2026-06-17T01:06:50.284;599630091623075358;32561.538462;-113
2026-06-17T01:06:50.292;599630091630767665;32569.230769;-186
2026-06-17T01:06:50.299;599630091638459973;32576.923077;-110
2026-06-17T01:06:50.307;599630091646152281;32584.615385;-33
2026-06-17T01:06:50.315;599630091653844588;32592.307692;1
2026-06-17T01:06:50.323;599630091661536896;32600.000000;9
2026-06-17T01:06:50.330;599630091669229204;32607.692308;11
2026-06-17T01:06:50.338;599630091676921511;32615.384615;11
2026-06-17T01:06:50.346;599630091684613819;32623.076923;13
2026-06-17T01:06:50.353;599630091692306127;32630.769231;14
2026-06-17T01:06:50.361;599630091699998434;32638.461538;17
2026-06-17T01:06:50.369;599630091707690742;32646.153846;21
2026-06-17T01:06:50.376;599630091715383050;32653.846154;27
2026-06-17T01:06:50.384;599630091723075358;32661.538462;35
2026-06-17T01:06:50.392;599630091730767665;32669.230769;45
2026-06-17T01:06:50.399;599630091738459973;32676.923077;59
2026-06-17T01:06:50.407;599630091746152281;32684.615385;76
2026-06-17T01:06:50.415;599630091753844588;32692.307692;96
2026-06-17T01:06:50.423;599630091761536896;32700.000000;119
2026-06-17T01:06:50.430;599630091769229204;32707.692308;145
2026-06-17T01:06:50.438;599630091776921511;32715.384615;172
2026-06-17T01:06:50.446;599630091784613819;32723.076923;199
2026-06-17T01:06:50.453;599630091792306127;32730.769231;223
2026-06-17T01:06:50.461;599630091799998434;32738.461538;244
2026-06-17T01:06:50.469;599630091807690742;32746.153846;260
2026-06-17T01:06:50.476;599630091815383050;32753.846154;269
2026-06-17T01:06:50.484;599630091823075358;32761.538462;271
2026-06-17T01:06:50.492;599630091830767665;32769.230769;265
2026-06-17T01:06:50.499;599630091838459973;32776.923077;252
2026-06-17T01:06:50.507;599630091846152281;32784.615385;234
2026-06-17T01:06:50.515;599630091853844588;32792.307692;210
2026-06-17T01:06:50.523;599630091861536896;32800.000000;185
2026-06-17T01:06:50.530;599630091869229204;32807.692308;158
2026-06-17T01:06:50.538;599630091876921511;32815.384615;131
2026-06-17T01:06:50.546;599630091884613819;32823.076923;107
2026-06-17T01:06:50.553;599630091892306127;32830.769231;86
2026-06-17T01:06:50.561;599630091899998434;32838.461538;67
2026-06-17T01:06:50.569;599630091907690742;32846.153846;52
2026-06-17T01:06:50.576;599630091915383050;32853.846154;40
2026-06-17T01:06:50.584;599630091923075358;32861.538462;32
2026-06-17T01:06:50.592;599630091930767665;32869.230769;25
2026-06-17T01:06:50.599;599630091938459973;32876.923077;20
2026-06-17T01:06:50.607;599630091946152281;32884.615385;17
2026-06-17T01:06:50.615;599630091953844588;32892.307692;15
2026-06-17T01:06:50.623;599630091961536896;32900.000000;14
2026-06-17T01:06:50.630;599630091969229204;32907.692308;13
2026-06-17T01:06:50.638;599630091976921511;32915.384615;13
2026-06-17T01:06:50.646;599630091984613819;32923.076923;12
2026-06-17T01:06:50.653;599630091992306127;32930.769231;12
2026-06-17T01:06:50.661;599630091999998434;32938.461538;12
2026-06-17T01:06:50.669;599630092007690742;32946.153846;12
2026-06-17T01:06:50.676;599630092015383050;32953.846154;12
2026-06-17T01:06:50.684;599630092023075358;32961.538462;12
2026-06-17T01:06:50.692;599630092030767665;32969.230769;12
2026-06-17T01:06:50.699;599630092038459973;32976.923077;12
2026-06-17T01:06:50.707;599630092046152281;32984.615385;12
2026-06-17T01:06:50.715;599630092053844588;32992.307692;12
2026-06-17T01:06:50.723;599630092061536896;33000.000000;12
2026-06-17T01:06:50.730;599630092069229204;33007.692308;12
2026-06-17T01:06:50.738;599630092076921511;33015.384615;12
2026-06-17T01:06:50.746;599630092084613819;33023.076923;12
2026-06-17T01:06:50.753;599630092092306127;33030.769231;12
2026-06-17T01:06:50.761;599630092099998434;33038.461538;12
2026-06-17T01:06:50.769;599630092107690742;33046.153846;12
2026-06-17T01:06:50.776;599630092115383050;33053.846154;12
2026-06-17T01:06:50.784;599630092123075358;33061.538462;12
2026-06-17T01:06:50.792;599630092130767665;33069.230769;12
2026-06-17T01:06:50.799;599630092138459973;33076.923077;12
2026-06-17T01:06:50.807;599630092146152281;33084.615385;12
2026-06-17T01:06:50.815;599630092153844588;33092.307692;12
2026-06-17T01:06:50.823;599630092161536896;33100.000000;12
2026-06-17T01:06:50.830;599630092169229204;33107.692308;12
2026-06-17T01:06:50.838;599630092176921511;33115.384615;12
2026-06-17T01:06:50.846;599630092184613819;33123.076923;12
2026-06-17T01:06:50.853;599630092192306127;33130.769231;12
2026-06-17T01:06:50.861;599630092199998434;33138.461538;12
2026-06-17T01:06:50.869;599630092207690742;33146.153846;12
2026-06-17T01:06:50.876;599630092215383050;33153.846154;12
2026-06-17T01:06:50.884;599630092223075358;33161.538462;12
2026-06-17T01:06:50.892;599630092230767665;33169.230769;12
2026-06-17T01:06:50.899;599630092238459973;33176.923077;12
2026-06-17T01:06:50.907;599630092246152281;33184.615385;11
2026-06-17T01:06:50.915;599630092253844588;33192.307692;11
2026-06-17T01:06:50.923;599630092261536896;33200.000000;11
2026-06-17T01:06:50.930;599630092269229204;33207.692308;11
2026-06-17T01:06:50.938;599630092276921511;33215.384615;11
2026-06-17T01:06:50.946;599630092284613819;33223.076923;11
2026-06-17T01:06:50.953;599630092292306127;33230.769231;11
2026-06-17T01:06:50.961;599630092299998434;33238.461538;11
2026-06-17T01:06:50.969;599630092307690742;33246.153846;11
2026-06-17T01:06:50.976;599630092315383050;33253.846154;11
2026-06-17T01:06:50.984;599630092323075358;33261.538462;11
2026-06-17T01:06:50.992;599630092330767665;33269.230769;11
2026-06-17T01:06:50.999;599630092338459973;33276.923077;11
2026-06-17T01:06:51.007;599630092346152281;33284.615385;11
2026-06-17T01:06:51.015;599630092353844588;33292.307692;11
2026-06-17T01:06:51.023;599630092361536896;33300.000000;11
2026-06-17T01:06:51.030;599630092369229204;33307.692308;11
2026-06-17T01:06:51.038;599630092376921511;33315.384615;11
2026-06-17T01:06:51.046;599630092384613819;33323.076923;10
2026-06-17T01:06:51.053;599630092392306127;33330.769231;11
2026-06-17T01:06:51.061;599630092399998434;33338.461538;11
2026-06-17T01:06:51.069;599630092407690742;33346.153846;13
2026-06-17T01:06:51.076;599630092415383050;33353.846154;15
2026-06-17T01:06:51.084;599630092423075358;33361.538462;20
2026-06-17T01:06:51.092;599630092430767665;33369.230769;29
2026-06-17T01:06:51.099;599630092438459973;33376.923077;40
2026-06-17T01:06:51.107;599630092446152281;33384.615385;56
2026-06-17T01:06:51.115;599630092453844588;33392.307692;72
2026-06-17T01:07:11.123;599630112461536896;53400.000000;10
2026-06-17T01:07:11.130;599630112469229204;53407.692308;10
2026-06-17T01:07:11.138;599630112476921511;53415.384615;10
2026-06-17T01:07:11.146;599630112484613819;53423.076923;9
2026-06-17T01:07:11.153;599630112492306127;53430.769231;9
2026-06-17T01:07:11.161;599630112499998434;53438.461538;9
2026-06-17T01:07:11.169;599630112507690742;53446.153846;9
2026-06-17T01:07:11.176;599630112515383050;53453.846154;9
2026-06-17T01:07:11.184;599630112523075358;53461.538462;9
2026-06-17T01:07:11.192;599630112530767665;53469.230769;9
2026-06-17T01:07:11.199;599630112538459973;53476.923077;9
2026-06-17T01:07:11.207;599630112546152281;53484.615385;9
2026-06-17T01:07:11.215;599630112553844588;53492.307692;9
2026-06-17T01:07:11.223;599630112561536896;53500.000000;8
2026-06-17T01:07:11.230;599630112569229204;53507.692308;8
2026-06-17T01:07:11.238;599630112576921511;53515.384615;8
2026-06-17T01:07:11.246;599630112584613819;53523.076923;8
2026-06-17T01:07:11.253;599630112592306127;53530.769231;8
2026-06-17T01:07:11.261;599630112599998434;53538.461538;8
2026-06-17T01:07:11.269;599630112607690742;53546.153846;8
2026-06-17T01:07:11.276;599630112615383050;53553.846154;9
2026-06-17T01:07:11.284;599630112623075358;53561.538462;10
2026-06-17T01:07:11.292;599630112630767665;53569.230769;14
2026-06-17T01:07:11.299;599630112638459973;53576.923077;19
2026-06-17T01:07:11.307;599630112646152281;53584.615385;28
2026-06-17T01:07:11.315;599630112653844588;53592.307692;41
2026-06-17T01:07:11.323;599630112661536896;53600.000000;57
2026-06-17T01:07:11.330;599630112669229204;53607.692308;73
2026-06-17T01:07:11.338;599630112676921511;53615.384615;87
2026-06-17T01:07:11.346;599630112684613819;53623.076923;95
2026-06-17T01:07:11.353;599630112692306127;53630.769231;96
2026-06-17T01:07:11.361;599630112699998434;53638.461538;88
2026-06-17T01:07:11.369;599630112707690742;53646.153846;74
2026-06-17T01:07:11.376;599630112715383050;53653.846154;57
2026-06-17T01:07:11.384;599630112723075358;53661.538462;41
2026-06-17T01:07:11.392;599630112730767665;53669.230769;28
2026-06-17T01:07:11.399;599630112738459973;53676.923077;18
2026-06-17T01:07:11.407;599630112746152281;53684.615385;12
2026-06-17T01:07:11.415;599630112753844588;53692.307692;9
2026-06-17T01:07:11.423;599630112761536896;53700.000000;7
2026-06-17T01:07:11.430;599630112769229204;53707.692308;6
2026-06-17T01:07:11.438;599630112776921511;53715.384615;5
2026-06-17T01:07:11.446;599630112784613819;53723.076923;5
2026-06-17T01:07:11.453;599630112792306127;53730.769231;5
2026-06-17T01:07:11.461;599630112799998434;53738.461538;5
2026-06-17T01:07:11.469;599630112807690742;53746.153846;2
2026-06-17T01:07:11.476;599630112815383050;53753.846154;-18
2026-06-17T01:07:11.484;599630112823075358;53761.538462;-39
2026-06-17T01:07:11.492;599630112830767665;53769.230769;121
2026-06-17T01:07:11.499;599630112838459973;53776.923077;619
2026-06-17T01:07:11.507;599630112846152281;53784.615385;1092
2026-06-17T01:07:11.515;599630112853844588;53792.307692;975
2026-06-17T01:07:11.523;599630112861536896;53800.000000;396
2026-06-17T01:07:11.530;599630112869229204;53807.692308;-62
2026-06-17T01:07:11.538;599630112876921511;53815.384615;-195
2026-06-17T01:07:11.546;599630112884613819;53823.076923;-137
2026-06-17T01:07:11.553;599630112892306127;53830.769231;-53
2026-06-17T01:07:11.561;599630112899998434;53838.461538;-10
2026-06-17T01:07:11.569;599630112907690742;53846.153846;1
2026-06-17T01:07:11.576;599630112915383050;53853.846154;3
2026-06-17T01:07:11.584;599630112923075358;53861.538462;4
2026-06-17T01:07:11.592;599630112930767665;53869.230769;5
2026-06-17T01:07:11.599;599630112938459973;53876.923077;6
2026-06-17T01:07:11.607;599630112946152281;53884.615385;8
2026-06-17T01:07:11.615;599630112953844588;53892.307692;12
2026-06-17T01:07:11.623;599630112961536896;53900.000000;17
2026-06-17T01:07:11.630;599630112969229204;53907.692308;24
2026-06-17T01:07:11.638;599630112976921511;53915.384615;34
2026-06-17T01:07:11.646;599630112984613819;53923.076923;47
2026-06-17T01:07:11.653;599630112992306127;53930.769231;62
2026-06-17T01:07:11.661;599630112999998434;53938.461538;82
2026-06-17T01:07:11.669;599630113007690742;53946.153846;104
2026-06-17T01:07:11.676;599630113015383050;53953.846154;129
2026-06-17T01:07:11.684;599630113023075358;53961.538462;156
2026-06-17T01:07:11.692;599630113030767665;53969.230769;182
2026-06-17T01:07:11.699;599630113038459973;53976.923077;207
2026-06-17T01:07:11.707;599630113046152281;53984.615385;229
2026-06-17T01:07:11.715;599630113053844588;53992.307692;246
2026-06-17T01:07:11.723;599630113061536896;54000.000000;257
2026-06-17T01:07:11.730;599630113069229204;54007.692308;260
2026-06-17T01:07:11.738;599630113076921511;54015.384615;256
2026-06-17T01:07:11.746;599630113084613819;54023.076923;244
2026-06-17T01:07:11.753;599630113092306127;54030.769231;226
2026-06-17T01:07:11.761;599630113099998434;54038.461538;204
2026-06-17T01:07:11.769;599630113107690742;54046.153846;178
2026-06-17T01:07:11.776;599630113115383050;54053.846154;151
2026-06-17T01:07:11.784;599630113123075358;54061.538462;125
2026-06-17T01:07:11.792;599630113130767665;54069.230769;100
2026-06-17T01:07:11.799;599630113138459973;54076.923077;77
2026-06-17T01:07:11.807;599630113146152281;54084.615385;58
2026-06-17T01:07:11.815;599630113153844588;54092.307692;42
2026-06-17T01:07:11.823;599630113161536896;54100.000000;29
2026-06-17T01:07:11.830;599630113169229204;54107.692308;20
2026-06-17T01:07:11.838;599630113176921511;54115.384615;12
2026-06-17T01:07:11.846;599630113184613819;54123.076923;7
2026-06-17T01:07:11.853;599630113192306127;54130.769231;4
2026-06-17T01:07:11.861;599630113199998434;54138.461538;1
2026-06-17T01:07:11.869;599630113207690742;54146.153846;-1
2026-06-17T01:07:11.876;599630113215383050;54153.846154;-2
2026-06-17T01:07:11.884;599630113223075358;54161.538462;-2
2026-06-17T01:07:11.892;599630113230767665;54169.230769;-3
2026-06-17T01:07:11.899;599630113238459973;54176.923077;-3
2026-06-17T01:07:11.907;599630113246152281;54184.615385;-3
2026-06-17T01:07:11.915;599630113253844588;54192.307692;-4
2026-06-17T01:07:11.923;599630113261536896;54200.000000;-4
2026-06-17T01:07:11.930;599630113269229204;54207.692308;-4
2026-06-17T01:07:11.938;599630113276921511;54215.384615;-4
2026-06-17T01:07:11.946;599630113284613819;54223.076923;-4
2026-06-17T01:07:11.953;599630113292306127;54230.769231;-4
2026-06-17T01:07:11.961;599630113299998434;54238.461538;-4
2026-06-17T01:07:11.969;599630113307690742;54246.153846;-5
2026-06-17T01:07:11.976;599630113315383050;54253.846154;-5
2026-06-17T01:07:11.984;599630113323075358;54261.538462;-5
2026-06-17T01:07:11.992;599630113330767665;54269.230769;-5
2026-06-17T01:07:11.999;599630113338459973;54276.923077;-5
2026-06-17T01:07:12.007;599630113346152281;54284.615385;-5
2026-06-17T01:07:12.015;599630113353844588;54292.307692;-5
2026-06-17T01:07:12.023;599630113361536896;54300.000000;-5
2026-06-17T01:07:12.030;599630113369229204;54307.692308;-6
2026-06-17T01:07:12.038;599630113376921511;54315.384615;-6
2026-06-17T01:07:12.046;599630113384613819;54323.076923;-6
2026-06-17T01:07:12.053;599630113392306127;54330.769231;-6
2026-06-17T01:07:12.061;599630113399998434;54338.461538;-6
2026-06-17T01:07:12.069;599630113407690742;54346.153846;-6
2026-06-17T01:07:12.076;599630113415383050;54353.846154;-6
2026-06-17T01:07:12.084;599630113423075358;54361.538462;-6
2026-06-17T01:07:12.092;599630113430767665;54369.230769;-7
2026-06-17T01:07:12.099;599630113438459973;54376.923077;-7
2026-06-17T01:07:12.107;599630113446152281;54384.615385;-7
2026-06-17T01:07:12.115;599630113453844588;54392.307692;-7
2026-06-17T01:07:12.123;599630113461536896;54400.000000;-7
2026-06-17T01:07:12.130;599630113469229204;54407.692308;-7
2026-06-17T01:07:12.138;599630113476921511;54415.384615;-7
2026-06-17T01:07:12.146;599630113484613819;54423.076923;-7
2026-06-17T01:07:12.153;599630113492306127;54430.769231;-8
2026-06-17T01:07:12.161;599630113499998434;54438.461538;-8
2026-06-17T01:07:12.169;599630113507690742;54446.153846;-8
2026-06-17T01:07:12.176;599630113515383050;54453.846154;-8
2026-06-17T01:07:12.184;599630113523075358;54461.538462;-8
2026-06-17T01:07:12.192;599630113530767665;54469.230769;-8
2026-06-17T01:07:12.199;599630113538459973;54476.923077;-8
2026-06-17T01:07:12.207;599630113546152281;54484.615385;-8
2026-06-17T01:07:12.215;599630113553844588;54492.307692;-8
2026-06-17T01:07:12.223;599630113561536896;54500.000000;-8
2026-06-17T01:07:12.230;599630113569229204;54507.692308;-9
2026-06-17T01:07:12.238;599630113576921511;54515.384615;-8
2026-06-17T01:07:12.246;599630113584613819;54523.076923;-8
2026-06-17T01:07:12.253;599630113592306127;54530.769231;-6
2026-06-17T01:07:12.261;599630113599998434;54538.461538;-4
2026-06-17T01:07:12.269;599630113607690742;54546.153846;2
2026-06-17T01:07:12.276;599630113615383050;54553.846154;10
2026-06-17T01:07:12.284;599630113623075358;54561.538462;22
2026-06-17T01:07:12.292;599630113630767665;54569.230769;37
2026-06-17T01:07:12.299;599630113638459973;54576.923077;54
2026-06-17T01:07:12.307;599630113646152281;54584.615385;69
2026-06-17T01:07:12.315;599630113653844588;54592.307692;78
2026-06-17T01:07:12.323;599630113661536896;54600.000000;80
2026-06-17T01:07:12.330;599630113669229204;54607.692308;73
2026-06-17T01:07:12.338;599630113676921511;54615.384615;60
2026-06-17T01:07:12.346;599630113684613819;54623.076923;44
2026-06-17T01:07:12.353;599630113692306127;54630.769231;28
2026-06-17T01:07:12.361;599630113699998434;54638.461538;14
2026-06-17T01:07:12.369;599630113707690742;54646.153846;4
2026-06-17T01:07:12.376;599630113715383050;54653.846154;-3
2026-06-17T01:07:12.384;599630113723075358;54661.538462;-7
2026-06-17T01:07:12.392;599630113730767665;54669.230769;-9
2026-06-17T01:07:12.399;599630113738459973;54676.923077;-10
2026-06-17T01:07:12.407;599630113746152281;54684.615385;-10
2026-06-17T01:07:12.415;599630113753844588;54692.307692;-11
2026-06-17T01:07:12.423;599630113761536896;54700.000000;-11
2026-06-17T01:07:12.430;599630113769229204;54707.692308;-11
2026-06-17T01:07:12.438;599630113776921511;54715.384615;-13
2026-06-17T01:07:12.446;599630113784613819;54723.076923;-28
2026-06-17T01:07:12.453;599630113792306127;54730.769231;-56
2026-06-17T01:07:12.461;599630113799998434;54738.461538;55
2026-06-17T01:07:12.469;599630113807690742;54746.153846;505
2026-06-17T01:07:12.476;599630113815383050;54753.846154;1029
2026-06-17T01:07:12.484;599630113823075358;54761.538462;1026
2026-06-17T01:07:12.492;599630113830767665;54769.230769;483
2026-06-17T01:07:12.499;599630113838459973;54776.923077;-24
2026-06-17T01:07:12.507;599630113846152281;54784.615385;-206
2026-06-17T01:07:12.515;599630113853844588;54792.307692;-167
2026-06-17T01:07:12.523;599630113861536896;54800.000000;-79
2026-06-17T01:07:12.530;599630113869229204;54807.692308;-29
2026-06-17T01:07:12.538;599630113876921511;54815.384615;-14
2026-06-17T01:07:12.546;599630113884613819;54823.076923;-11
2026-06-17T01:07:12.553;599630113892306127;54830.769231;-10
2026-06-17T01:07:12.561;599630113899998434;54838.461538;-9
2026-06-17T01:07:12.569;599630113907690742;54846.153846;-8
2026-06-17T01:07:12.576;599630113915383050;54853.846154;-6
2026-06-17T01:07:12.584;599630113923075358;54861.538462;-2
2026-06-17T01:07:12.592;599630113930767665;54869.230769;2
2026-06-17T01:07:12.599;599630113938459973;54876.923077;9
2026-06-17T01:07:12.607;599630113946152281;54884.615385;19
2026-06-17T01:07:12.615;599630113953844588;54892.307692;31
2026-06-17T01:07:12.623;599630113961536896;54900.000000;46
2026-06-17T01:07:12.630;599630113969229204;54907.692308;65
2026-06-17T01:07:12.638;599630113976921511;54915.384615;87
2026-06-17T01:07:12.646;599630113984613819;54923.076923;112
2026-06-17T01:07:12.653;599630113992306127;54930.769231;139
2026-06-17T01:07:12.661;599630113999998434;54938.461538;165
2026-06-17T01:07:12.669;599630114007690742;54946.153846;191
2026-06-17T01:07:12.676;599630114015383050;54953.846154;214
2026-06-17T01:07:12.684;599630114023075358;54961.538462;232
2026-06-17T01:07:12.692;599630114030767665;54969.230769;243
2026-06-17T01:07:12.699;599630114038459973;54976.923077;248
2026-06-17T01:07:12.707;599630114046152281;54984.615385;245
2026-06-17T01:07:12.715;599630114053844588;54992.307692;235
2026-06-17T01:07:12.723;599630114061536896;55000.000000;218
2026-06-17T01:07:12.730;599630114069229204;55007.692308;197
2026-06-17T01:07:12.738;599630114076921511;55015.384615;172
2026-06-17T01:07:12.746;599630114084613819;55023.076923;145
2026-06-17T01:07:12.753;599630114092306127;55030.769231;118
2026-06-17T01:07:12.761;599630114099998434;55038.461538;93
2026-06-17T01:07:12.769;599630114107690742;55046.153846;70
2026-06-17T01:07:12.776;599630114115383050;55053.846154;50
2026-06-17T01:07:12.784;599630114123075358;55061.538462;34
2026-06-17T01:07:12.792;599630114130767665;55069.230769;21
2026-06-17T01:07:12.799;599630114138459973;55076.923077;11
2026-06-17T01:07:12.807;599630114146152281;55084.615385;4
2026-06-17T01:07:12.815;599630114153844588;55092.307692;-2
2026-06-17T01:07:12.823;599630114161536896;55100.000000;-5
2026-06-17T01:07:12.830;599630114169229204;55107.692308;-8
2026-06-17T01:07:12.838;599630114176921511;55115.384615;-9
2026-06-17T01:07:12.846;599630114184613819;55123.076923;-10
2026-06-17T01:07:12.853;599630114192306127;55130.769231;-11
2026-06-17T01:07:12.861;599630114199998434;55138.461538;-11
2026-06-17T01:07:12.869;599630114207690742;55146.153846;-11
2026-06-17T01:07:12.876;599630114215383050;55153.846154;-12
2026-06-17T01:07:12.884;599630114223075358;55161.538462;-12
2026-06-17T01:07:12.892;599630114230767665;55169.230769;-12
2026-06-17T01:07:12.899;599630114238459973;55176.923077;-12
2026-06-17T01:07:12.907;599630114246152281;55184.615385;-11
2026-06-17T01:07:12.915;599630114253844588;55192.307692;-11
2026-06-17T01:07:12.923;599630114261536896;55200.000000;-11
2026-06-17T01:07:12.930;599630114269229204;55207.692308;-11
2026-06-17T01:07:12.938;599630114276921511;55215.384615;-11
2026-06-17T01:07:12.946;599630114284613819;55223.076923;-11
2026-06-17T01:07:12.953;599630114292306127;55230.769231;-11
2026-06-17T01:07:12.961;599630114299998434;55238.461538;-11
2026-06-17T01:07:12.969;599630114307690742;55246.153846;-11
2026-06-17T01:07:12.976;599630114315383050;55253.846154;-11
2026-06-17T01:07:12.984;599630114323075358;55261.538462;-11
2026-06-17T01:07:12.992;599630114330767665;55269.230769;-11
2026-06-17T01:07:12.999;599630114338459973;55276.923077;-11
2026-06-17T01:07:13.007;599630114346152281;55284.615385;-11
2026-06-17T01:07:13.015;599630114353844588;55292.307692;-11
2026-06-17T01:07:13.023;599630114361536896;55300.000000;-11
2026-06-17T01:07:13.030;599630114369229204;55307.692308;-11
2026-06-17T01:07:13.038;599630114376921511;55315.384615;-11
2026-06-17T01:07:13.046;599630114384613819;55323.076923;-10
2026-06-17T01:07:13.053;599630114392306127;55330.769231;-10
2026-06-17T01:07:13.061;599630114399998434;55338.461538;-10
2026-06-17T01:07:13.069;599630114407690742;55346.153846;-10
2026-06-17T01:07:13.076;599630114415383050;55353.846154;-10
2026-06-17T01:07:13.084;599630114423075358;55361.538462;-10
2026-06-17T01:07:13.092;599630114430767665;55369.230769;-10
2026-06-17T01:07:13.099;599630114438459973;55376.923077;-10
2026-06-17T01:07:13.107;599630114446152281;55384.615385;-10
2026-06-17T01:07:13.115;599630114453844588;55392.307692;-10
2026-06-17T01:07:13.123;599630114461536896;55400.000000;-10
2026-06-17T01:07:13.130;599630114469229204;55407.692308;-10
2026-06-17T01:07:13.138;599630114476921511;55415.384615;-10
2026-06-17T01:07:13.146;599630114484613819;55423.076923;-9
2026-06-17T01:07:13.153;599630114492306127;55430.769231;-9
2026-06-17T01:07:13.161;599630114499998434;55438.461538;-9
2026-06-17T01:07:13.169;599630114507690742;55446.153846;-9
2026-06-17T01:07:13.176;599630114515383050;55453.846154;-9
2026-06-17T01:07:13.184;599630114523075358;55461.538462;-9
2026-06-17T01:07:13.192;599630114530767665;55469.230769;-9
2026-06-17T01:07:13.199;599630114538459973;55476.923077;-9
2026-06-17T01:07:13.207;599630114546152281;55484.615385;-9
2026-06-17T01:07:13.215;599630114553844588;55492.307692;-9
2026-06-17T01:07:13.223;599630114561536896;55500.000000;-8
2026-06-17T01:07:13.230;599630114569229204;55507.692308;-8
2026-06-17T01:07:13.238;599630114576921511;55515.384615;-8
2026-06-17T01:07:13.246;599630114584613819;55523.076923;-8
2026-06-17T01:07:13.253;599630114592306127;55530.769231;-7
2026-06-17T01:07:13.261;599630114599998434;55538.461538;-6
2026-06-17T01:07:13.269;599630114607690742;55546.153846;-3
2026-06-17T01:07:13.276;599630114615383050;55553.846154;1
2026-06-17T01:07:13.284;599630114623075358;55561.538462;9
2026-06-17T01:07:13.292;599630114630767665;55569.230769;20
2026-06-17T01:07:13.299;599630114638459973;55576.923077;35
2026-06-17T01:07:13.307;599630114646152281;55584.615385;51
2026-06-17T01:07:13.315;599630114653844588;55592.307692;67
2026-06-17T01:07:13.323;599630114661536896;55600.000000;79
2026-06-17T01:07:13.330;599630114669229204;55607.692308;83
2026-06-17T01:07:13.338;599630114676921511;55615.384615;79
2026-06-17T01:07:13.346;599630114684613819;55623.076923;68
2026-06-17T01:07:13.353;599630114692306127;55630.769231;52
2026-06-17T01:07:13.361;599630114699998434;55638.461538;36
2026-06-17T01:07:13.369;599630114707690742;55646.153846;21
2026-06-17T01:07:13.376;599630114715383050;55653.846154;10
2026-06-17T01:07:13.384;599630114723075358;55661.538462;3
2026-06-17T01:07:13.392;599630114730767665;55669.230769;-2
2026-06-17T01:07:13.399;599630114738459973;55676.923077;-4
2026-06-17T01:07:13.407;599630114746152281;55684.615385;-5
2026-06-17T01:07:13.415;599630114753844588;55692.307692;-5
2026-06-17T01:07:13.423;599630114761536896;55700.000000;-5
2026-06-17T01:07:13.430;599630114769229204;55707.692308;-5
2026-06-17T01:07:13.438;599630114776921511;55715.384615;-5
2026-06-17T01:07:13.446;599630114784613819;55723.076923;-6
2026-06-17T01:07:13.453;599630114792306127;55730.769231;-15
2026-06-17T01:07:13.461;599630114799998434;55738.461538;-45
2026-06-17T01:07:13.469;599630114807690742;55746.153846;0
2026-06-17T01:07:13.476;599630114815383050;55753.846154;354
2026-06-17T01:07:13.484;599630114823075358;55761.538462;919
2026-06-17T01:07:13.492;599630114830767665;55769.230769;1106
2026-06-17T01:07:13.499;599630114838459973;55776.923077;664
2026-06-17T01:07:13.507;599630114846152281;55784.615385;95
2026-06-17T01:07:13.515;599630114853844588;55792.307692;-178
2026-06-17T01:07:13.523;599630114861536896;55800.000000;-182
2026-06-17T01:07:13.530;599630114869229204;55807.692308;-94
2026-06-17T01:07:13.538;599630114876921511;55815.384615;-31
2026-06-17T01:07:13.546;599630114884613819;55823.076923;-8
2026-06-17T01:07:13.553;599630114892306127;55830.769231;-3
2026-06-17T01:07:13.561;599630114899998434;55838.461538;-2
2026-06-17T01:07:13.569;599630114907690742;55846.153846;-1
2026-06-17T01:07:13.576;599630114915383050;55853.846154;0
2026-06-17T01:07:13.584;599630114923075358;55861.538462;3
2026-06-17T01:07:13.592;599630114930767665;55869.230769;6
2026-06-17T01:07:13.599;599630114938459973;55876.923077;10
2026-06-17T01:07:13.607;599630114946152281;55884.615385;17
2026-06-17T01:07:13.615;599630114953844588;55892.307692;25
2026-06-17T01:07:13.623;599630114961536896;55900.000000;37
2026-06-17T01:07:13.630;599630114969229204;55907.692308;52
2026-06-17T01:07:13.638;599630114976921511;55915.384615;70
2026-06-17T01:07:13.646;599630114984613819;55923.076923;91
2026-06-17T01:07:13.653;599630114992306127;55930.769231;116
2026-06-17T01:07:13.661;599630114999998434;55938.461538;142
2026-06-17T01:07:13.669;599630115007690742;55946.153846;169
2026-06-17T01:07:13.676;599630115015383050;55953.846154;195
2026-06-17T01:07:13.684;599630115023075358;55961.538462;219
2026-06-17T01:07:13.692;599630115030767665;55969.230769;238
2026-06-17T01:07:13.699;599630115038459973;55976.923077;252
2026-06-17T01:07:13.707;599630115046152281;55984.615385;259
2026-06-17T01:07:13.715;599630115053844588;55992.307692;258
2026-06-17T01:07:13.723;599630115061536896;56000.000000;250
2026-06-17T01:07:13.730;599630115069229204;56007.692308;236
2026-06-17T01:07:13.738;599630115076921511;56015.384615;215
2026-06-17T01:07:13.746;599630115084613819;56023.076923;191
2026-06-17T01:07:13.753;599630115092306127;56030.769231;165
2026-06-17T01:07:13.761;599630115099998434;56038.461538;138
2026-06-17T01:07:13.769;599630115107690742;56046.153846;113
2026-06-17T01:07:13.776;599630115115383050;56053.846154;89
2026-06-17T01:07:13.784;599630115123075358;56061.538462;69
2026-06-17T01:07:13.792;599630115130767665;56069.230769;52
2026-06-17T01:07:13.799;599630115138459973;56076.923077;38
2026-06-17T01:07:13.807;599630115146152281;56084.615385;27
2026-06-17T01:07:13.815;599630115153844588;56092.307692;19
2026-06-17T01:07:13.823;599630115161536896;56100.000000;13
2026-06-17T01:07:13.830;599630115169229204;56107.692308;9
2026-06-17T01:07:13.838;599630115176921511;56115.384615;7
2026-06-17T01:07:13.846;599630115184613819;56123.076923;5
2026-06-17T01:07:13.853;599630115192306127;56130.769231;4
2026-06-17T01:07:13.861;599630115199998434;56138.461538;4
2026-06-17T01:07:13.869;599630115207690742;56146.153846;3
2026-06-17T01:07:13.876;599630115215383050;56153.846154;3
2026-06-17T01:07:13.884;599630115223075358;56161.538462;3
2026-06-17T01:07:13.892;599630115230767665;56169.230769;3
2026-06-17T01:07:13.899;599630115238459973;56176.923077;3
2026-06-17T01:07:13.907;599630115246152281;56184.615385;3
2026-06-17T01:07:13.915;599630115253844588;56192.307692;4
2026-06-17T01:07:13.923;599630115261536896;56200.000000;4
2026-06-17T01:07:13.930;599630115269229204;56207.692308;4
2026-06-17T01:07:13.938;599630115276921511;56215.384615;4
2026-06-17T01:07:13.946;599630115284613819;56223.076923;4
2026-06-17T01:07:13.953;599630115292306127;56230.769231;4
2026-06-17T01:07:13.961;599630115299998434;56238.461538;4
2026-06-17T01:07:13.969;599630115307690742;56246.153846;5
2026-06-17T01:07:13.976;599630115315383050;56253.846154;5
2026-06-17T01:07:13.984;599630115323075358;56261.538462;5
2026-06-17T01:07:13.992;599630115330767665;56269.230769;5
2026-06-17T01:07:13.999;599630115338459973;56276.923077;5
2026-06-17T01:07:14.007;599630115346152281;56284.615385;5
2026-06-17T01:07:14.015;599630115353844588;56292.307692;5
2026-06-17T01:07:14.023;599630115361536896;56300.000000;5
2026-06-17T01:07:14.030;599630115369229204;56307.692308;6
2026-06-17T01:07:14.038;599630115376921511;56315.384615;6
2026-06-17T01:07:14.046;599630115384613819;56323.076923;6
2026-06-17T01:07:14.053;599630115392306127;56330.769231;6
2026-06-17T01:07:14.061;599630115399998434;56338.461538;6
2026-06-17T01:07:14.069;599630115407690742;56346.153846;6
2026-06-17T01:07:14.076;599630115415383050;56353.846154;6
2026-06-17T01:07:14.084;599630115423075358;56361.538462;6
2026-06-17T01:07:14.092;599630115430767665;56369.230769;7
2026-06-17T01:07:14.099;599630115438459973;56376.923077;7
2026-06-17T01:07:14.107;599630115446152281;56384.615385;7
2026-06-17T01:07:14.115;599630115453844588;56392.307692;7
2026-06-17T01:07:14.123;599630115461536896;56400.000000;7
2026-06-17T01:07:14.130;599630115469229204;56407.692308;7
2026-06-17T01:07:14.138;599630115476921511;56415.384615;7
2026-06-17T01:07:14.146;599630115484613819;56423.076923;7
2026-06-17T01:07:14.153;599630115492306127;56430.769231;8
2026-06-17T01:07:14.161;599630115499998434;56438.461538;8
2026-06-17T01:07:14.169;599630115507690742;56446.153846;8
2026-06-17T01:07:14.176;599630115515383050;56453.846154;8
2026-06-17T01:07:14.184;599630115523075358;56461.538462;8
2026-06-17T01:07:14.192;599630115530767665;56469.230769;8
2026-06-17T01:07:14.199;599630115538459973;56476.923077;8
2026-06-17T01:07:14.207;599630115546152281;56484.615385;8
2026-06-17T01:07:14.215;599630115553844588;56492.307692;8
2026-06-17T01:07:14.223;599630115561536896;56500.000000;8
2026-06-17T01:07:14.230;599630115569229204;56507.692308;9
2026-06-17T01:07:14.238;599630115576921511;56515.384615;9
2026-06-17T01:07:14.246;599630115584613819;56523.076923;9
2026-06-17T01:07:14.253;599630115592306127;56530.769231;9
2026-06-17T01:07:14.261;599630115599998434;56538.461538;9
2026-06-17T01:07:14.269;599630115607690742;56546.153846;9
2026-06-17T01:07:14.276;599630115615383050;56553.846154;9
2026-06-17T01:07:14.284;599630115623075358;56561.538462;9
2026-06-17T01:07:14.292;599630115630767665;56569.230769;10
2026-06-17T01:07:14.299;599630115638459973;56576.923077;10
2026-06-17T01:07:14.307;599630115646152281;56584.615385;11
2026-06-17T01:07:14.315;599630115653844588;56592.307692;13
2026-06-17T01:07:14.323;599630115661536896;56600.000000;16
2026-06-17T01:07:14.330;599630115669229204;56607.692308;23
2026-06-17T01:07:14.338;599630115676921511;56615.384615;33
2026-06-17T01:07:14.346;599630115684613819;56623.076923;46
2026-06-17T01:07:14.353;599630115692306127;56630.769231;62
2026-06-17T01:07:14.361;599630115699998434;56638.461538;79
2026-06-17T01:07:14.369;599630115707690742;56646.153846;92
2026-06-17T01:07:14.376;599630115715383050;56653.846154;100
2026-06-17T01:07:14.384;599630115723075358;56661.538462;99
2026-06-17T01:07:14.392;599630115730767665;56669.230769;90
2026-06-17T01:07:14.399;599630115738459973;56676.923077;76
2026-06-17T01:07:14.407;599630115746152281;56684.615385;59
2026-06-17T01:07:14.415;599630115753844588;56692.307692;44
2026-06-17T01:07:14.423;599630115761536896;56700.000000;31
2026-06-17T01:07:14.430;599630115769229204;56707.692308;22
2026-06-17T01:07:14.438;599630115776921511;56715.384615;17
2026-06-17T01:07:14.446;599630115784613819;56723.076923;14
2026-06-17T01:07:14.453;599630115792306127;56730.769231;12
2026-06-17T01:07:14.461;599630115799998434;56738.461538;11
2026-06-17T01:07:14.469;599630115807690742;56746.153846;11
2026-06-17T01:07:14.476;599630115815383050;56753.846154;11
2026-06-17T01:07:14.484;599630115823075358;56761.538462;11
2026-06-17T01:07:14.492;599630115830767665;56769.230769;11
2026-06-17T01:07:14.499;599630115838459973;56776.923077;7
2026-06-17T01:07:14.507;599630115846152281;56784.615385;-16
2026-06-17T01:07:14.515;599630115853844588;56792.307692;-26
2026-06-17T01:07:14.523;599630115861536896;56800.000000;186
2026-06-17T01:07:14.530;599630115869229204;56807.692308;720
2026-06-17T01:07:14.538;599630115876921511;56815.384615;1129
2026-06-17T01:07:14.546;599630115884613819;56823.076923;907
2026-06-17T01:07:14.553;599630115892306127;56830.769231;312
2026-06-17T01:07:14.561;599630115899998434;56838.461538;-96
2026-06-17T01:07:14.569;599630115907690742;56846.153846;-186
2026-06-17T01:07:14.576;599630115915383050;56853.846154;-114
2026-06-17T01:07:14.584;599630115923075358;56861.538462;-35
2026-06-17T01:07:14.592;599630115930767665;56869.230769;2
2026-06-17T01:07:14.599;599630115938459973;56876.923077;11
2026-06-17T01:07:14.607;599630115946152281;56884.615385;13
2026-06-17T01:07:14.615;599630115953844588;56892.307692;13
2026-06-17T01:07:14.623;599630115961536896;56900.000000;14
2026-06-17T01:07:14.630;599630115969229204;56907.692308;16
2026-06-17T01:07:14.638;599630115976921511;56915.384615;19
2026-06-17T01:07:14.646;599630115984613819;56923.076923;23
2026-06-17T01:07:14.653;599630115992306127;56930.769231;28
2026-06-17T01:07:14.661;599630115999998434;56938.461538;36
2026-06-17T01:07:14.669;599630116007690742;56946.153846;46
2026-06-17T01:07:14.676;599630116015383050;56953.846154;59
2026-06-17T01:07:14.684;599630116023075358;56961.538462;76
2026-06-17T01:07:14.692;599630116030767665;56969.230769;96
2026-06-17T01:07:14.699;599630116038459973;56976.923077;119
2026-06-17T01:07:14.707;599630116046152281;56984.615385;144
2026-06-17T01:07:14.715;599630116053844588;56992.307692;171
2026-06-17T01:07:14.723;599630116061536896;57000.000000;198
2026-06-17T01:07:14.730;599630116069229204;57007.692308;223
2026-06-17T01:07:14.738;599630116076921511;57015.384615;244
2026-06-17T01:07:14.746;599630116084613819;57023.076923;260
2026-06-17T01:07:14.753;599630116092306127;57030.769231;270
2026-06-17T01:07:14.761;599630116099998434;57038.461538;272
2026-06-17T01:07:14.769;599630116107690742;57046.153846;267
2026-06-17T01:07:14.776;599630116115383050;57053.846154;254
2026-06-17T01:07:14.784;599630116123075358;57061.538462;236
2026-06-17T01:07:14.792;599630116130767665;57069.230769;213
2026-06-17T01:07:14.799;599630116138459973;57076.923077;187
2026-06-17T01:07:14.807;599630116146152281;57084.615385;160
2026-06-17T01:07:14.815;599630116153844588;57092.307692;134
2026-06-17T01:07:14.823;599630116161536896;57100.000000;109
2026-06-17T01:07:14.830;599630116169229204;57107.692308;87
2026-06-17T01:07:14.838;599630116176921511;57115.384615;69
2026-06-17T01:07:14.846;599630116184613819;57123.076923;53
2026-06-17T01:07:14.853;599630116192306127;57130.769231;41
2026-06-17T01:07:14.861;599630116199998434;57138.461538;32
2026-06-17T01:07:14.869;599630116207690742;57146.153846;25
2026-06-17T01:07:14.876;599630116215383050;57153.846154;21
2026-06-17T01:07:14.884;599630116223075358;57161.538462;17
2026-06-17T01:07:14.892;599630116230767665;57169.230769;15
2026-06-17T01:07:14.899;599630116238459973;57176.923077;14
2026-06-17T01:07:14.907;599630116246152281;57184.615385;13
2026-06-17T01:07:14.915;599630116253844588;57192.307692;12
2026-06-17T01:07:14.923;599630116261536896;57200.000000;12
2026-06-17T01:07:14.930;599630116269229204;57207.692308;12
2026-06-17T01:07:14.938;599630116276921511;57215.384615;11
2026-06-17T01:07:14.946;599630116284613819;57223.076923;11
2026-06-17T01:07:14.953;599630116292306127;57230.769231;11
2026-06-17T01:07:14.961;599630116299998434;57238.461538;11
2026-06-17T01:07:14.969;599630116307690742;57246.153846;11
2026-06-17T01:07:14.976;599630116315383050;57253.846154;11
2026-06-17T01:07:14.984;599630116323075358;57261.538462;11
2026-06-17T01:07:14.992;599630116330767665;57269.230769;11
2026-06-17T01:07:14.999;599630116338459973;57276.923077;11
2026-06-17T01:07:15.007;599630116346152281;57284.615385;11
2026-06-17T01:07:15.015;599630116353844588;57292.307692;11
2026-06-17T01:07:15.023;599630116361536896;57300.000000;11
2026-06-17T01:07:15.030;599630116369229204;57307.692308;11
2026-06-17T01:07:15.038;599630116376921511;57315.384615;11
2026-06-17T01:07:15.046;599630116384613819;57323.076923;10
2026-06-17T01:07:15.053;599630116392306127;57330.769231;10
2026-06-17T01:07:15.061;599630116399998434;57338.461538;10
2026-06-17T01:07:15.069;599630116407690742;57346.153846;10
2026-06-17T01:07:15.076;599630116415383050;57353.846154;10
2026-06-17T01:07:15.084;599630116423075358;57361.538462;10
2026-06-17T01:07:15.092;599630116430767665;57369.230769;10
2026-06-17T01:07:15.099;599630116438459973;57376.923077;10
2026-06-17T01:07:15.107;599630116446152281;57384.615385;10
2026-06-17T01:07:15.115;599630116453844588;57392.307692;10
2026-06-17T01:07:15.123;599630116461536896;57400.000000;10
2026-06-17T01:07:15.130;599630116469229204;57407.692308;10
2026-06-17T01:07:15.138;599630116476921511;57415.384615;10
2026-06-17T01:07:15.146;599630116484613819;57423.076923;9
2026-06-17T01:07:15.153;599630116492306127;57430.769231;9
2026-06-17T01:07:15.161;599630116499998434;57438.461538;9
2026-06-17T01:07:15.169;599630116507690742;57446.153846;9
2026-06-17T01:07:15.176;599630116515383050;57453.846154;9
2026-06-17T01:07:15.184;599630116523075358;57461.538462;9
2026-06-17T01:07:15.192;599630116530767665;57469.230769;9
2026-06-17T01:07:15.199;599630116538459973;57476.923077;9
2026-06-17T01:07:15.207;599630116546152281;57484.615385;9
2026-06-17T01:07:15.215;599630116553844588;57492.307692;9
2026-06-17T01:07:15.223;599630116561536896;57500.000000;8
2026-06-17T01:07:15.230;599630116569229204;57507.692308;8
2026-06-17T01:07:15.238;599630116576921511;57515.384615;8
2026-06-17T01:07:15.246;599630116584613819;57523.076923;8
2026-06-17T01:07:15.253;599630116592306127;57530.769231;8
2026-06-17T01:07:15.261;599630116599998434;57538.461538;8
2026-06-17T01:07:15.269;599630116607690742;57546.153846;8
2026-06-17T01:07:15.276;599630116615383050;57553.846154;8
2026-06-17T01:07:15.284;599630116623075358;57561.538462;8
2026-06-17T01:07:15.292;599630116630767665;57569.230769;8
2026-06-17T01:07:15.299;599630116638459973;57576.923077;7
2026-06-17T01:07:15.307;599630116646152281;57584.615385;7
2026-06-17T01:07:15.315;599630116653844588;57592.307692;7
2026-06-17T01:07:15.323;599630116661536896;57600.000000;8
2026-06-17T01:07:15.330;599630116669229204;57607.692308;8
2026-06-17T01:07:15.338;599630116676921511;57615.384615;10
2026-06-17T01:07:15.346;599630116684613819;57623.076923;13
2026-06-17T01:07:15.353;599630116692306127;57630.769231;19
2026-06-17T01:07:15.361;599630116699998434;57638.461538;29
2026-06-17T01:07:15.369;599630116707690742;57646.153846;42
2026-06-17T01:07:15.376;599630116715383050;57653.846154;58
2026-06-17T01:07:15.384;599630116723075358;57661.538462;74
2026-06-17T01:07:15.392;599630116730767665;57669.230769;88
2026-06-17T01:07:15.399;599630116738459973;57676.923077;95
2026-06-17T01:07:15.407;599630116746152281;57684.615385;94
2026-06-17T01:07:15.415;599630116753844588;57692.307692;86
2026-06-17T01:07:15.423;599630116761536896;57700.000000;71
2026-06-17T01:07:15.430;599630116769229204;57707.692308;55
2026-06-17T01:07:15.438;599630116776921511;57715.384615;39
2026-06-17T01:07:15.446;599630116784613819;57723.076923;26
2026-06-17T01:07:15.453;599630116792306127;57730.769231;17
2026-06-17T01:07:15.461;599630116799998434;57738.461538;11
2026-06-17T01:07:15.469;599630116807690742;57746.153846;7
2026-06-17T01:07:15.476;599630116815383050;57753.846154;6
2026-06-17T01:07:15.484;599630116823075358;57761.538462;5
2026-06-17T01:07:15.492;599630116830767665;57769.230769;4
2026-06-17T01:07:15.499;599630116838459973;57776.923077;4
2026-06-17T01:07:15.507;599630116846152281;57784.615385;4
2026-06-17T01:07:15.515;599630116853844588;57792.307692;4
2026-06-17T01:07:15.523;599630116861536896;57800.000000;0
2026-06-17T01:07:15.530;599630116869229204;57807.692308;-23
2026-06-17T01:07:15.538;599630116876921511;57815.384615;-36
2026-06-17T01:07:15.546;599630116884613819;57823.076923;161
2026-06-17T01:07:15.553;599630116892306127;57830.769231;686
2026-06-17T01:07:15.561;599630116899998434;57838.461538;1114
2026-06-17T01:07:15.569;599630116907690742;57846.153846;919
2026-06-17T01:07:15.576;599630116915383050;57853.846154;327
2026-06-17T01:07:15.584;599630116923075358;57861.538462;-94
2026-06-17T01:07:15.592;599630116930767665;57869.230769;-196
2026-06-17T01:07:15.599;599630116938459973;57876.923077;-128
2026-06-17T01:07:15.607;599630116946152281;57884.615385;-47
2026-06-17T01:07:15.615;599630116953844588;57892.307692;-9
2026-06-17T01:07:15.623;599630116961536896;57900.000000;1
2026-06-17T01:07:15.630;599630116969229204;57907.692308;2
2026-06-17T01:07:15.638;599630116976921511;57915.384615;3
2026-06-17T01:07:15.646;599630116984613819;57923.076923;4
2026-06-17T01:07:15.653;599630116992306127;57930.769231;5
2026-06-17T01:07:15.661;599630116999998434;57938.461538;8
2026-06-17T01:07:15.669;599630117007690742;57946.153846;11
2026-06-17T01:07:15.676;599630117015383050;57953.846154;17
2026-06-17T01:07:15.684;599630117023075358;57961.538462;24
2026-06-17T01:07:15.692;599630117030767665;57969.230769;34
2026-06-17T01:07:15.699;599630117038459973;57976.923077;47
2026-06-17T01:07:15.707;599630117046152281;57984.615385;64
2026-06-17T01:07:15.715;599630117053844588;57992.307692;83
2026-06-17T01:07:15.723;599630117061536896;58000.000000;106
2026-06-17T01:07:15.730;599630117069229204;58007.692308;131
2026-06-17T01:07:15.738;599630117076921511;58015.384615;158
2026-06-17T01:07:15.746;599630117084613819;58023.076923;184
2026-06-17T01:07:15.753;599630117092306127;58030.769231;209
2026-06-17T01:07:15.761;599630117099998434;58038.461538;230
2026-06-17T01:07:15.769;599630117107690742;58046.153846;247
2026-06-17T01:07:15.776;599630117115383050;58053.846154;256
2026-06-17T01:07:15.784;599630117123075358;58061.538462;259
2026-06-17T01:07:15.792;599630117130767665;58069.230769;254
2026-06-17T01:07:15.799;599630117138459973;58076.923077;241
2026-06-17T01:07:15.807;599630117146152281;58084.615385;223
2026-06-17T01:07:15.815;599630117153844588;58092.307692;200
2026-06-17T01:07:15.823;599630117161536896;58100.000000;174
2026-06-17T01:07:15.830;599630117169229204;58107.692308;147
2026-06-17T01:07:15.838;599630117176921511;58115.384615;121
2026-06-17T01:07:15.846;599630117184613819;58123.076923;96
2026-06-17T01:07:15.853;599630117192306127;58130.769231;74
2026-06-17T01:07:15.861;599630117199998434;58138.461538;55
2026-06-17T01:07:15.869;599630117207690742;58146.153846;39
2026-06-17T01:07:15.876;599630117215383050;58153.846154;27
2026-06-17T01:07:15.884;599630117223075358;58161.538462;18
2026-06-17T01:07:15.892;599630117230767665;58169.230769;11
2026-06-17T01:07:15.899;599630117238459973;58176.923077;6
2026-06-17T01:07:15.907;599630117246152281;58184.615385;2
2026-06-17T01:07:15.915;599630117253844588;58192.307692;0
2026-06-17T01:07:15.923;599630117261536896;58200.000000;-2
2026-06-17T01:07:15.930;599630117269229204;58207.692308;-3
2026-06-17T01:07:15.938;599630117276921511;58215.384615;-3
2026-06-17T01:07:15.946;599630117284613819;58223.076923;-4
2026-06-17T01:07:15.953;599630117292306127;58230.769231;-4
2026-06-17T01:07:15.961;599630117299998434;58238.461538;-4
2026-06-17T01:07:15.969;599630117307690742;58246.153846;-4
2026-06-17T01:07:15.976;599630117315383050;58253.846154;-5
2026-06-17T01:07:15.984;599630117323075358;58261.538462;-5
2026-06-17T01:07:15.992;599630117330767665;58269.230769;-5
2026-06-17T01:07:15.999;599630117338459973;58276.923077;-5
2026-06-17T01:07:16.007;599630117346152281;58284.615385;-5
2026-06-17T01:07:16.015;599630117353844588;58292.307692;-5
2026-06-17T01:07:16.023;599630117361536896;58300.000000;-5
2026-06-17T01:07:16.030;599630117369229204;58307.692308;-6
2026-06-17T01:07:16.038;599630117376921511;58315.384615;-6
2026-06-17T01:07:16.046;599630117384613819;58323.076923;-6
2026-06-17T01:07:16.053;599630117392306127;58330.769231;-6
2026-06-17T01:07:16.061;599630117399998434;58338.461538;-6
2026-06-17T01:07:16.069;599630117407690742;58346.153846;-6
2026-06-17T01:07:16.076;599630117415383050;58353.846154;-6
2026-06-17T01:07:16.084;599630117423075358;58361.538462;-6
2026-06-17T01:07:16.092;599630117430767665;58369.230769;-7
2026-06-17T01:07:16.099;599630117438459973;58376.923077;-7
2026-06-17T01:07:16.107;599630117446152281;58384.615385;-7
2026-06-17T01:07:16.115;599630117453844588;58392.307692;-7
2026-06-17T01:07:16.123;599630117461536896;58400.000000;-7
2026-06-17T01:07:16.130;599630117469229204;58407.692308;-7
2026-06-17T01:07:16.138;599630117476921511;58415.384615;-7
2026-06-17T01:07:16.146;599630117484613819;58423.076923;-7
2026-06-17T01:07:16.153;599630117492306127;58430.769231;-8
2026-06-17T01:07:16.161;599630117499998434;58438.461538;-8
2026-06-17T01:07:16.169;599630117507690742;58446.153846;-8
2026-06-17T01:07:16.176;599630117515383050;58453.846154;-8
2026-06-17T01:07:16.184;599630117523075358;58461.538462;-8
2026-06-17T01:07:16.192;599630117530767665;58469.230769;-8
2026-06-17T01:07:16.199;599630117538459973;58476.923077;-8
2026-06-17T01:07:16.207;599630117546152281;58484.615385;-8
2026-06-17T01:07:16.215;599630117553844588;58492.307692;-8
2026-06-17T01:07:16.223;599630117561536896;58500.000000;-8
2026-06-17T01:07:16.230;599630117569229204;58507.692308;-9
2026-06-17T01:07:16.238;599630117576921511;58515.384615;-9
2026-06-17T01:07:16.246;599630117584613819;58523.076923;-9
2026-06-17T01:07:16.253;599630117592306127;58530.769231;-9
2026-06-17T01:07:16.261;599630117599998434;58538.461538;-9
2026-06-17T01:07:16.269;599630117607690742;58546.153846;-9
2026-06-17T01:07:16.276;599630117615383050;58553.846154;-9
2026-06-17T01:07:16.284;599630117623075358;58561.538462;-9
2026-06-17T01:07:16.292;599630117630767665;58569.230769;-9
2026-06-17T01:07:16.299;599630117638459973;58576.923077;-9
2026-06-17T01:07:16.307;599630117646152281;58584.615385;-8
2026-06-17T01:07:16.315;599630117653844588;58592.307692;-6
2026-06-17T01:07:16.323;599630117661536896;58600.000000;-2
2026-06-17T01:07:16.330;599630117669229204;58607.692308;5
2026-06-17T01:07:16.338;599630117676921511;58615.384615;15
2026-06-17T01:07:16.346;599630117684613819;58623.076923;29
2026-06-17T01:07:16.353;599630117692306127;58630.769231;46
2026-06-17T01:07:16.361;599630117699998434;58638.461538;62
2026-06-17T01:07:16.369;599630117707690742;58646.153846;74
2026-06-17T01:07:16.376;599630117715383050;58653.846154;80
2026-06-17T01:07:16.384;599630117723075358;58661.538462;77
2026-06-17T01:07:16.392;599630117730767665;58669.230769;67
2026-06-17T01:07:16.399;599630117738459973;58676.923077;51
2026-06-17T01:07:16.407;599630117746152281;58684.615385;35
2026-06-17T01:07:16.415;599630117753844588;58692.307692;19
2026-06-17T01:07:16.423;599630117761536896;58700.000000;7
2026-06-17T01:07:16.430;599630117769229204;58707.692308;-1
2026-06-17T01:07:16.438;599630117776921511;58715.384615;-6
2026-06-17T01:07:16.446;599630117784613819;58723.076923;-9
2026-06-17T01:07:16.453;599630117792306127;58730.769231;-10
2026-06-17T01:07:16.461;599630117799998434;58738.461538;-11
2026-06-17T01:07:16.469;599630117807690742;58746.153846;-11
2026-06-17T01:07:16.476;599630117815383050;58753.846154;-11
2026-06-17T01:07:16.484;599630117823075358;58761.538462;-11
2026-06-17T01:07:16.492;599630117830767665;58769.230769;-12
2026-06-17T01:07:16.499;599630117838459973;58776.923077;-18
2026-06-17T01:07:16.507;599630117846152281;58784.615385;-46
2026-06-17T01:07:16.515;599630117853844588;58792.307692;-32
2026-06-17T01:07:16.523;599630117861536896;58800.000000;254
2026-06-17T01:07:16.530;599630117869229204;58807.692308;815
2026-06-17T01:07:16.538;599630117876921511;58815.384615;1116
2026-06-17T01:07:16.546;599630117884613819;58823.076923;769
2026-06-17T01:07:16.553;599630117892306127;58830.769231;177
2026-06-17T01:07:16.561;599630117899998434;58838.461538;-160
2026-06-17T01:07:16.569;599630117907690742;58846.153846;-201
2026-06-17T01:07:16.576;599630117915383050;58853.846154;-118
2026-06-17T01:07:16.584;599630117923075358;58861.538462;-47
2026-06-17T01:07:16.592;599630117930767665;58869.230769;-19
2026-06-17T01:07:16.599;599630117938459973;58876.923077;-12
2026-06-17T01:07:16.607;599630117946152281;58884.615385;-11
2026-06-17T01:07:16.615;599630117953844588;58892.307692;-10
2026-06-17T01:07:16.623;599630117961536896;58900.000000;-9
2026-06-17T01:07:16.630;599630117969229204;58907.692308;-7
2026-06-17T01:07:16.638;599630117976921511;58915.384615;-4
2026-06-17T01:07:16.646;599630117984613819;58923.076923;0
2026-06-17T01:07:16.653;599630117992306127;58930.769231;6
2026-06-17T01:07:16.661;599630117999998434;58938.461538;14
2026-06-17T01:07:16.669;599630118007690742;58946.153846;25
2026-06-17T01:07:16.676;599630118015383050;58953.846154;39
2026-06-17T01:07:16.684;599630118023075358;58961.538462;56
2026-06-17T01:07:16.692;599630118030767665;58969.230769;77
2026-06-17T01:07:16.699;599630118038459973;58976.923077;100
2026-06-17T01:07:16.707;599630118046152281;58984.615385;126
2026-06-17T01:07:16.715;599630118053844588;58992.307692;153
2026-06-17T01:07:16.723;599630118061536896;59000.000000;179
2026-06-17T01:07:16.730;599630118069229204;59007.692308;203
2026-06-17T01:07:16.738;599630118076921511;59015.384615;224
2026-06-17T01:07:16.746;599630118084613819;59023.076923;239
2026-06-17T01:07:16.753;599630118092306127;59030.769231;247
2026-06-17T01:07:16.761;599630118099998434;59038.461538;247
2026-06-17T01:07:16.769;599630118107690742;59046.153846;241
2026-06-17T01:07:16.776;599630118115383050;59053.846154;227
2026-06-17T01:07:16.784;599630118123075358;59061.538462;207
2026-06-17T01:07:16.792;599630118130767665;59069.230769;184
2026-06-17T01:07:16.799;599630118138459973;59076.923077;158
2026-06-17T01:07:16.807;599630118146152281;59084.615385;131
2026-06-17T01:07:16.815;599630118153844588;59092.307692;105
2026-06-17T01:07:16.823;599630118161536896;59100.000000;81
2026-06-17T01:07:16.830;599630118169229204;59107.692308;59
2026-06-17T01:07:16.838;599630118176921511;59115.384615;42
2026-06-17T01:07:16.846;599630118184613819;59123.076923;27
2026-06-17T01:07:16.853;599630118192306127;59130.769231;16
2026-06-17T01:07:16.861;599630118199998434;59138.461538;7
2026-06-17T01:07:16.869;599630118207690742;59146.153846;1
2026-06-17T01:07:16.876;599630118215383050;59153.846154;-4
2026-06-17T01:07:16.884;599630118223075358;59161.538462;-7
2026-06-17T01:07:16.892;599630118230767665;59169.230769;-8
2026-06-17T01:07:16.899;599630118238459973;59176.923077;-10
2026-06-17T01:07:16.907;599630118246152281;59184.615385;-10
2026-06-17T01:07:16.915;599630118253844588;59192.307692;-11
2026-06-17T01:07:16.923;599630118261536896;59200.000000;-11
2026-06-17T01:07:16.930;599630118269229204;59207.692308;-11
2026-06-17T01:07:16.938;599630118276921511;59215.384615;-11
2026-06-17T01:07:16.946;599630118284613819;59223.076923;-11
2026-06-17T01:07:16.953;599630118292306127;59230.769231;-11
2026-06-17T01:07:16.961;599630118299998434;59238.461538;-11
2026-06-17T01:07:16.969;599630118307690742;59246.153846;-11
2026-06-17T01:07:16.976;599630118315383050;59253.846154;-11
2026-06-17T01:07:16.984;599630118323075358;59261.538462;-11
2026-06-17T01:07:16.992;599630118330767665;59269.230769;-11
2026-06-17T01:07:16.999;599630118338459973;59276.923077;-11
2026-06-17T01:07:17.007;599630118346152281;59284.615385;-11
2026-06-17T01:07:17.015;599630118353844588;59292.307692;-11
2026-06-17T01:07:17.023;599630118361536896;59300.000000;-11
2026-06-17T01:07:17.030;599630118369229204;59307.692308;-11
2026-06-17T01:07:17.038;599630118376921511;59315.384615;-11
2026-06-17T01:07:17.046;599630118384613819;59323.076923;-10
2026-06-17T01:07:17.053;599630118392306127;59330.769231;-10
2026-06-17T01:07:17.061;599630118399998434;59338.461538;-10
2026-06-17T01:07:17.069;599630118407690742;59346.153846;-10
2026-06-17T01:07:17.076;599630118415383050;59353.846154;-10
2026-06-17T01:07:17.084;599630118423075358;59361.538462;-10
2026-06-17T01:07:17.092;599630118430767665;59369.230769;-10
2026-06-17T01:07:17.099;599630118438459973;59376.923077;-10
2026-06-17T01:07:17.107;599630118446152281;59384.615385;-10
2026-06-17T01:07:17.115;599630118453844588;59392.307692;-10
2026-06-17T01:07:17.123;599630118461536896;59400.000000;-10
2026-06-17T01:07:17.130;599630118469229204;59407.692308;-10
2026-06-17T01:07:17.138;599630118476921511;59415.384615;-10
2026-06-17T01:07:17.146;599630118484613819;59423.076923;-9
2026-06-17T01:07:17.153;599630118492306127;59430.769231;-9
2026-06-17T01:07:17.161;599630118499998434;59438.461538;-9
2026-06-17T01:07:17.169;599630118507690742;59446.153846;-9
2026-06-17T01:07:17.176;599630118515383050;59453.846154;-9
2026-06-17T01:07:17.184;599630118523075358;59461.538462;-9
2026-06-17T01:07:17.192;599630118530767665;59469.230769;-9
2026-06-17T01:07:17.199;599630118538459973;59476.923077;-9
2026-06-17T01:07:17.207;599630118546152281;59484.615385;-9
2026-06-17T01:07:17.215;599630118553844588;59492.307692;-9
2026-06-17T01:07:17.223;599630118561536896;59500.000000;-8
2026-06-17T01:07:17.230;599630118569229204;59507.692308;-8
2026-06-17T01:07:17.238;599630118576921511;59515.384615;-8
2026-06-17T01:07:17.246;599630118584613819;59523.076923;-8
2026-06-17T01:07:17.253;599630118592306127;59530.769231;-8
2026-06-17T01:07:17.261;599630118599998434;59538.461538;-8
2026-06-17T01:07:17.269;599630118607690742;59546.153846;-8
2026-06-17T01:07:17.276;599630118615383050;59553.846154;-7
2026-06-17T01:07:17.284;599630118623075358;59561.538462;-7
2026-06-17T01:07:17.292;599630118630767665;59569.230769;-6
2026-06-17T01:07:17.299;599630118638459973;59576.923077;-3
2026-06-17T01:07:17.307;599630118646152281;59584.615385;1
2026-06-17T01:07:17.315;599630118653844588;59592.307692;8
2026-06-17T01:07:17.323;599630118661536896;59600.000000;19
2026-06-17T01:07:17.330;599630118669229204;59607.692308;34
2026-06-17T01:07:17.338;599630118676921511;59615.384615;51
2026-06-17T01:07:17.346;599630118684613819;59623.076923;67
2026-06-17T01:07:17.353;599630118692306127;59630.769231;79
2026-06-17T01:07:17.361;599630118699998434;59638.461538;84
2026-06-17T01:07:17.369;599630118707690742;59646.153846;80
2026-06-17T01:07:17.376;599630118715383050;59653.846154;69
2026-06-17T01:07:17.384;599630118723075358;59661.538462;54
2026-06-17T01:07:17.392;599630118730767665;59669.230769;38
2026-06-17T01:07:17.399;599630118738459973;59676.923077;23
2026-06-17T01:07:17.407;599630118746152281;59684.615385;11
2026-06-17T01:07:17.415;599630118753844588;59692.307692;4
2026-06-17T01:07:17.423;599630118761536896;59700.000000;-1
2026-06-17T01:07:17.430;599630118769229204;59707.692308;-3
2026-06-17T01:07:17.438;599630118776921511;59715.384615;-4
2026-06-17T01:07:17.446;599630118784613819;59723.076923;-5
2026-06-17T01:07:17.453;599630118792306127;59730.769231;-5
2026-06-17T01:07:17.461;599630118799998434;59738.461538;-5
2026-06-17T01:07:17.469;599630118807690742;59746.153846;-5
2026-06-17T01:07:17.476;599630118815383050;59753.846154;-5
2026-06-17T01:07:17.484;599630118823075358;59761.538462;-13
2026-06-17T01:07:17.492;599630118830767665;59769.230769;-42
2026-06-17T01:07:17.499;599630118838459973;59776.923077;-12
2026-06-17T01:07:17.507;599630118846152281;59784.615385;310
2026-06-17T01:07:17.515;599630118853844588;59792.307692;876
2026-06-17T01:07:17.523;599630118861536896;59800.000000;1117
2026-06-17T01:07:17.530;599630118869229204;59807.692308;718
2026-06-17T01:07:17.538;599630118876921511;59815.384615;135
2026-06-17T01:07:17.546;599630118884613819;59823.076923;-167
2026-06-17T01:07:17.553;599630118892306127;59830.769231;-187
2026-06-17T01:07:17.561;599630118899998434;59838.461538;-101
2026-06-17T01:07:17.569;599630118907690742;59846.153846;-34
2026-06-17T01:07:17.576;599630118915383050;59853.846154;-8
2026-06-17T01:07:17.584;599630118923075358;59861.538462;-3
2026-06-17T01:07:17.592;599630118930767665;59869.230769;-1
2026-06-17T01:07:17.599;599630118938459973;59876.923077;-1
2026-06-17T01:07:17.607;599630118946152281;59884.615385;1
2026-06-17T01:07:17.615;599630118953844588;59892.307692;3
2026-06-17T01:07:17.623;599630118961536896;59900.000000;6
2026-06-17T01:07:17.630;599630118969229204;59907.692308;10
2026-06-17T01:07:17.638;599630118976921511;59915.384615;17
2026-06-17T01:07:17.646;599630118984613819;59923.076923;25
2026-06-17T01:07:17.653;599630118992306127;59930.769231;37
2026-06-17T01:07:17.661;599630118999998434;59938.461538;51
2026-06-17T01:07:17.669;599630119007690742;59946.153846;69
2026-06-17T01:07:17.676;599630119015383050;59953.846154;90
2026-06-17T01:07:17.684;599630119023075358;59961.538462;114
2026-06-17T01:07:17.692;599630119030767665;59969.230769;140
2026-06-17T01:07:17.699;599630119038459973;59976.923077;167
2026-06-17T01:07:17.707;599630119046152281;59984.615385;193
2026-06-17T01:07:17.715;599630119053844588;59992.307692;218
2026-06-17T01:07:17.723;599630119061536896;60000.000000;238
2026-06-17T01:07:17.730;599630119069229204;60007.692308;252
2026-06-17T01:07:17.738;599630119076921511;60015.384615;259
2026-06-17T01:07:17.746;599630119084613819;60023.076923;259
2026-06-17T01:07:17.753;599630119092306127;60030.769231;252
2026-06-17T01:07:17.761;599630119099998434;60038.461538;238
2026-06-17T01:07:17.769;599630119107690742;60046.153846;218
2026-06-17T01:07:17.776;599630119115383050;60053.846154;194
2026-06-17T01:07:17.784;599630119123075358;60061.538462;168
2026-06-17T01:07:17.792;599630119130767665;60069.230769;141
2026-06-17T01:07:17.799;599630119138459973;60076.923077;115
2026-06-17T01:07:17.807;599630119146152281;60084.615385;92
2026-06-17T01:07:17.815;599630119153844588;60092.307692;71
