Phone timestamp;sensor timestamp [ns];channel 0;channel 1;channel 2;ambient
2026-06-21T06:05:23.891;835351534233872000;-498725;-508065;-515865;-650690;
2026-06-21T06:05:23.898;835351534241279407;-498893;-508233;-516033;-650690;
2026-06-21T06:05:23.905;835351534248686815;-499068;-508408;-516208;-650690;
2026-06-21T06:05:23.913;835351534256094222;-499249;-508589;-516389;-650690;
2026-06-21T06:05:23.920;835351534263501630;-499434;-508774;-516574;-650690;
2026-06-21T06:05:23.928;835351534270909037;-499623;-508963;-516763;-650690;
2026-06-21T06:05:23.935;835351534278316444;-499814;-509154;-516954;-650690;
2026-06-21T06:05:23.942;835351534285723852;-500007;-509347;-517147;-650690;
2026-06-21T06:05:23.950;835351534293131259;-500200;-509540;-517340;-650690;
2026-06-21T06:05:23.957;835351534300538667;-500392;-509732;-517532;-650690;
2026-06-21T06:05:23.965;835351534307946074;-500583;-509923;-517723;-650690;
2026-06-21T06:05:23.972;835351534315353481;-500770;-510110;-517910;-650690;
2026-06-21T06:05:23.979;835351534322760889;-500954;-510294;-518094;-650690;
2026-06-21T06:05:23.987;835351534330168296;-501132;-510472;-518272;-650690;
2026-06-21T06:05:23.994;835351534337575704;-501305;-510645;-518445;-650690;
2026-06-21T06:05:24.002;835351534344983111;-501470;-510810;-518610;-650690;
2026-06-21T06:05:24.009;835351534352390519;-501627;-510967;-518767;-650690;
2026-06-21T06:05:24.016;835351534359797926;-501775;-511115;-518915;-650690;
2026-06-21T06:05:24.024;835351534367205333;-501914;-511254;-519054;-650690;
2026-06-21T06:05:24.031;835351534374612741;-502041;-511381;-519181;-650689;
2026-06-21T06:05:24.039;835351534382020148;-502157;-511497;-519297;-650689;
2026-06-21T06:05:24.046;835351534389427556;-502262;-511602;-519402;-650689;
2026-06-21T06:05:24.053;835351534396834963;-502353;-511693;-519493;-650689;
2026-06-21T06:05:24.061;835351534404242370;-502432;-511772;-519572;-650689;
2026-06-21T06:05:24.068;835351534411649778;-502497;-511837;-519637;-650689;
2026-06-21T06:05:24.076;835351534419057185;-502549;-511889;-519689;-650689;
2026-06-21T06:05:24.083;835351534426464593;-502586;-511926;-519726;-650689;
2026-06-21T06:05:24.091;835351534433872000;-502610;-511950;-519750;-650689;
2026-06-21T06:05:24.098;835351534441279407;-502619;-511959;-519759;-650689;
2026-06-21T06:05:24.105;835351534448686815;-502615;-511955;-519755;-650689;
2026-06-21T06:05:24.113;835351534456094222;-502597;-511937;-519737;-650689;
2026-06-21T06:05:24.120;835351534463501630;-502565;-511905;-519705;-650689;
2026-06-21T06:05:24.128;835351534470909037;-502521;-511861;-519661;-650689;
2026-06-21T06:05:24.135;835351534478316444;-502464;-511804;-519604;-650689;
2026-06-21T06:05:24.142;835351534485723852;-502394;-511734;-519534;-650689;
2026-06-21T06:05:24.150;835351534493131259;-502313;-511653;-519453;-650689;
2026-06-21T06:05:24.157;835351534500538667;-502222;-511562;-519362;-650689;
2026-06-21T06:05:24.165;835351534507946074;-502120;-511460;-519260;-650689;
2026-06-21T06:05:24.172;835351534515353481;-502009;-511349;-519149;-650689;
2026-06-21T06:05:24.179;835351534522760889;-501890;-511230;-519030;-650689;
2026-06-21T06:05:24.187;835351534530168296;-501763;-511103;-518903;-650689;
2026-06-21T06:05:24.194;835351534537575704;-501630;-510970;-518770;-650689;
2026-06-21T06:05:24.202;835351534544983111;-501491;-510831;-518631;-650689;
2026-06-21T06:05:24.209;835351534552390519;-501347;-510687;-518487;-650689;
2026-06-21T06:05:24.216;835351534559797926;-501200;-510540;-518340;-650689;
2026-06-21T06:05:24.224;835351534567205333;-501051;-510391;-518191;-650689;
2026-06-21T06:05:24.231;835351534574612741;-500900;-510240;-518040;-650689;
2026-06-21T06:05:24.239;835351534582020148;-500748;-510088;-517888;-650689;
2026-06-21T06:05:24.246;835351534589427556;-500596;-509936;-517736;-650689;
2026-06-21T06:05:24.253;835351534596834963;-500446;-509786;-517586;-650689;
2026-06-21T06:05:24.261;835351534604242370;-500298;-509638;-517438;-650689;
2026-06-21T06:05:24.268;835351534611649778;-500153;-509493;-517293;-650689;
2026-06-21T06:05:24.276;835351534619057185;-500012;-509352;-517152;-650689;
2026-06-21T06:05:24.283;835351534626464593;-499875;-509215;-517015;-650689;
2026-06-21T06:05:24.291;835351534633872000;-499743;-509083;-516883;-650689;
2026-06-21T06:05:24.298;835351534641279407;-499617;-508957;-516757;-650689;
2026-06-21T06:05:24.305;835351534648686815;-499498;-508838;-516638;-650688;
2026-06-21T06:05:24.313;835351534656094222;-499385;-508725;-516525;-650688;
2026-06-21T06:05:24.320;835351534663501630;-499280;-508620;-516420;-650688;
2026-06-21T06:05:24.328;835351534670909037;-499181;-508521;-516321;-650688;
2026-06-21T06:05:24.335;835351534678316444;-499091;-508431;-516231;-650688;
2026-06-21T06:05:24.342;835351534685723852;-499008;-508348;-516148;-650688;
2026-06-21T06:05:24.350;835351534693131259;-498934;-508274;-516074;-650688;
2026-06-21T06:05:24.357;835351534700538667;-498867;-508207;-516007;-650688;
2026-06-21T06:05:24.365;835351534707946074;-498807;-508147;-515947;-650688;
2026-06-21T06:05:24.372;835351534715353481;-498756;-508096;-515896;-650688;
2026-06-21T06:05:24.379;835351534722760889;-498711;-508051;-515851;-650688;
2026-06-21T06:05:24.387;835351534730168296;-498674;-508014;-515814;-650688;
2026-06-21T06:05:24.394;835351534737575704;-498643;-507983;-515783;-650688;
2026-06-21T06:05:24.402;835351534744983111;-498618;-507958;-515758;-650688;
2026-06-21T06:05:24.409;835351534752390519;-498599;-507939;-515739;-650688;
2026-06-21T06:05:24.416;835351534759797926;-498585;-507925;-515725;-650688;
2026-06-21T06:05:24.424;835351534767205333;-498575;-507915;-515715;-650688;
2026-06-21T06:05:24.431;835351534774612741;-498569;-507909;-515709;-650688;
2026-06-21T06:05:24.439;835351534782020148;-498567;-507907;-515707;-650688;
2026-06-21T06:05:24.446;835351534789427556;-498567;-507907;-515707;-650688;
2026-06-21T06:05:24.453;835351534796834963;-498569;-507909;-515709;-650688;
2026-06-21T06:05:24.461;835351534804242370;-498572;-507912;-515712;-650688;
2026-06-21T06:05:24.468;835351534811649778;-498576;-507916;-515716;-650688;
2026-06-21T06:05:24.476;835351534819057185;-498580;-507920;-515720;-650688;
2026-06-21T06:05:24.483;835351534826464593;-498583;-507923;-515723;-650688;
2026-06-21T06:05:24.491;835351534833872000;-498585;-507925;-515725;-650688;
2026-06-21T06:05:24.498;835351534841279407;-498585;-507925;-515725;-650688;
2026-06-21T06:05:24.505;835351534848686815;-498583;-507923;-515723;-650688;
2026-06-21T06:05:24.513;835351534856094222;-498578;-507918;-515718;-650688;
2026-06-21T06:05:24.520;835351534863501630;-498569;-507909;-515709;-650688;
2026-06-21T06:05:24.528;835351534870909037;-498557;-507897;-515697;-650688;
2026-06-21T06:05:24.535;835351534878316444;-498541;-507881;-515681;-650688;
2026-06-21T06:05:24.542;835351534885723852;-498521;-507861;-515661;-650688;
2026-06-21T06:05:24.550;835351534893131259;-498497;-507837;-515637;-650688;
2026-06-21T06:05:24.557;835351534900538667;-498468;-507808;-515608;-650688;
2026-06-21T06:05:24.565;835351534907946074;-498435;-507775;-515575;-650688;
2026-06-21T06:05:24.572;835351534915353481;-498397;-507737;-515537;-650688;
2026-06-21T06:05:24.579;835351534922760889;-498355;-507695;-515495;-650687;
2026-06-21T06:05:24.587;835351534930168296;-498309;-507649;-515449;-650687;
2026-06-21T06:05:24.594;835351534937575704;-498260;-507600;-515400;-650687;
2026-06-21T06:05:24.602;835351534944983111;-498207;-507547;-515347;-650687;
2026-06-21T06:05:24.609;835351534952390519;-498151;-507491;-515291;-650687;
2026-06-21T06:05:24.616;835351534959797926;-498092;-507432;-515232;-650687;
2026-06-21T06:05:24.624;835351534967205333;-498031;-507371;-515171;-650687;
2026-06-21T06:05:24.631;835351534974612741;-497969;-507309;-515109;-650687;
2026-06-21T06:05:24.639;835351534982020148;-497907;-507247;-515047;-650687;
2026-06-21T06:05:24.646;835351534989427556;-497844;-507184;-514984;-650687;
2026-06-21T06:05:24.653;835351534996834963;-497782;-507122;-514922;-650687;
2026-06-21T06:05:24.661;835351535004242370;-497722;-507062;-514862;-650687;
2026-06-21T06:05:24.668;835351535011649778;-497663;-507003;-514803;-650687;
2026-06-21T06:05:24.676;835351535019057185;-497608;-506948;-514748;-650687;
2026-06-21T06:05:24.683;835351535026464593;-497556;-506896;-514696;-650687;
2026-06-21T06:05:24.691;835351535033872000;-497509;-506849;-514649;-650687;
2026-06-21T06:05:24.698;835351535041279407;-497468;-506808;-514608;-650687;
2026-06-21T06:05:24.705;835351535048686815;-497432;-506772;-514572;-650687;
2026-06-21T06:05:24.713;835351535056094222;-497403;-506743;-514543;-650687;
2026-06-21T06:05:24.720;835351535063501630;-497382;-506722;-514522;-650687;
2026-06-21T06:05:24.728;835351535070909037;-497369;-506709;-514509;-650687;
2026-06-21T06:05:24.735;835351535078316444;-497365;-506705;-514505;-650687;
2026-06-21T06:05:24.742;835351535085723852;-497370;-506710;-514510;-650687;
2026-06-21T06:05:24.750;835351535093131259;-497386;-506726;-514526;-650687;
2026-06-21T06:05:24.757;835351535100538667;-497411;-506751;-514551;-650687;
2026-06-21T06:05:24.765;835351535107946074;-497447;-506787;-514587;-650687;
2026-06-21T06:05:24.772;835351535115353481;-497494;-506834;-514634;-650687;
2026-06-21T06:05:24.779;835351535122760889;-497552;-506892;-514692;-650687;
2026-06-21T06:05:24.787;835351535130168296;-497622;-506962;-514762;-650687;
2026-06-21T06:05:24.794;835351535137575704;-497703;-507043;-514843;-650687;
2026-06-21T06:05:24.802;835351535144983111;-497794;-507134;-514934;-650687;
2026-06-21T06:05:24.809;835351535152390519;-497897;-507237;-515037;-650687;
2026-06-21T06:05:24.816;835351535159797926;-498011;-507351;-515151;-650687;
2026-06-21T06:05:24.824;835351535167205333;-498135;-507475;-515275;-650687;
2026-06-21T06:05:24.831;835351535174612741;-498269;-507609;-515409;-650687;
2026-06-21T06:05:24.839;835351535182020148;-498413;-507753;-515553;-650687;
2026-06-21T06:05:24.846;835351535189427556;-498565;-507905;-515705;-650687;
2026-06-21T06:05:24.853;835351535196834963;-498726;-508066;-515866;-650687;
2026-06-21T06:05:24.861;835351535204242370;-498894;-508234;-516034;-650686;
2026-06-21T06:05:24.868;835351535211649778;-499069;-508409;-516209;-650686;
2026-06-21T06:05:24.876;835351535219057185;-499250;-508590;-516390;-650686;
2026-06-21T06:05:24.883;835351535226464593;-499435;-508775;-516575;-650686;
2026-06-21T06:05:24.891;835351535233872000;-499624;-508964;-516764;-650686;
2026-06-21T06:05:24.898;835351535241279407;-499816;-509156;-516956;-650686;
2026-06-21T06:05:24.905;835351535248686815;-500010;-509350;-517150;-650686;
2026-06-21T06:05:24.913;835351535256094222;-500204;-509544;-517344;-650686;
2026-06-21T06:05:24.920;835351535263501630;-500398;-509738;-517538;-650686;
2026-06-21T06:05:24.928;835351535270909037;-500590;-509930;-517730;-650686;
2026-06-21T06:05:24.935;835351535278316444;-500779;-510119;-517919;-650686;
2026-06-21T06:05:24.942;835351535285723852;-500965;-510305;-518105;-650686;
2026-06-21T06:05:24.950;835351535293131259;-501145;-510485;-518285;-650686;
2026-06-21T06:05:24.957;835351535300538667;-501320;-510660;-518460;-650686;
2026-06-21T06:05:24.965;835351535307946074;-501487;-510827;-518627;-650686;
2026-06-21T06:05:24.972;835351535315353481;-501646;-510986;-518786;-650686;
2026-06-21T06:05:24.979;835351535322760889;-501797;-511137;-518937;-650686;
2026-06-21T06:05:24.987;835351535330168296;-501937;-511277;-519077;-650686;
2026-06-21T06:05:24.994;835351535337575704;-502067;-511407;-519207;-650686;
2026-06-21T06:05:25.002;835351535344983111;-502186;-511526;-519326;-650686;
2026-06-21T06:05:25.009;835351535352390519;-502292;-511632;-519432;-650686;
2026-06-21T06:05:25.016;835351535359797926;-502386;-511726;-519526;-650686;
2026-06-21T06:05:25.024;835351535367205333;-502466;-511806;-519606;-650686;
2026-06-21T06:05:25.031;835351535374612741;-502533;-511873;-519673;-650686;
2026-06-21T06:05:25.039;835351535382020148;-502586;-511926;-519726;-650686;
2026-06-21T06:05:25.046;835351535389427556;-502625;-511965;-519765;-650686;
2026-06-21T06:05:25.053;835351535396834963;-502650;-511990;-519790;-650686;
2026-06-21T06:05:25.061;835351535404242370;-502660;-512000;-519800;-650686;
2026-06-21T06:05:25.068;835351535411649778;-502657;-511997;-519797;-650686;
2026-06-21T06:05:25.076;835351535419057185;-502639;-511979;-519779;-650686;
2026-06-21T06:05:25.083;835351535426464593;-502608;-511948;-519748;-650686;
2026-06-21T06:05:25.091;835351535433872000;-502564;-511904;-519704;-650686;
2026-06-21T06:05:25.098;835351535441279407;-502507;-511847;-519647;-650686;
2026-06-21T06:05:25.105;835351535448686815;-502438;-511778;-519578;-650686;
2026-06-21T06:05:25.113;835351535456094222;-502356;-511696;-519496;-650686;
2026-06-21T06:05:25.120;835351535463501630;-502264;-511604;-519404;-650686;
2026-06-21T06:05:25.128;835351535470909037;-502162;-511502;-519302;-650686;
2026-06-21T06:05:25.135;835351535478316444;-502051;-511391;-519191;-650685;
2026-06-21T06:05:25.142;835351535485723852;-501931;-511271;-519071;-650685;
2026-06-21T06:05:25.150;835351535493131259;-501803;-511143;-518943;-650685;
2026-06-21T06:05:25.157;835351535500538667;-501669;-511009;-518809;-650685;
2026-06-21T06:05:25.165;835351535507946074;-501529;-510869;-518669;-650685;
2026-06-21T06:05:25.172;835351535515353481;-501385;-510725;-518525;-650685;
2026-06-21T06:05:25.179;835351535522760889;-501237;-510577;-518377;-650685;
2026-06-21T06:05:25.187;835351535530168296;-501086;-510426;-518226;-650685;
2026-06-21T06:05:25.194;835351535537575704;-500934;-510274;-518074;-650685;
2026-06-21T06:05:25.202;835351535544983111;-500781;-510121;-517921;-650685;
2026-06-21T06:05:25.209;835351535552390519;-500629;-509969;-517769;-650685;
2026-06-21T06:05:25.216;835351535559797926;-500478;-509818;-517618;-650685;
2026-06-21T06:05:25.224;835351535567205333;-500329;-509669;-517469;-650685;
2026-06-21T06:05:25.231;835351535574612741;-500183;-509523;-517323;-650685;
2026-06-21T06:05:25.239;835351535582020148;-500041;-509381;-517181;-650685;
2026-06-21T06:05:25.246;835351535589427556;-499904;-509244;-517044;-650685;
2026-06-21T06:05:25.253;835351535596834963;-499772;-509112;-516912;-650685;
2026-06-21T06:05:25.261;835351535604242370;-499646;-508986;-516786;-650685;
2026-06-21T06:05:25.268;835351535611649778;-499526;-508866;-516666;-650685;
2026-06-21T06:05:25.276;835351535619057185;-499414;-508754;-516554;-650685;
2026-06-21T06:05:25.283;835351535626464593;-499308;-508648;-516448;-650685;
2026-06-21T06:05:25.291;835351535633872000;-499211;-508551;-516351;-650685;
2026-06-21T06:05:25.298;835351535641279407;-499121;-508461;-516261;-650685;
2026-06-21T06:05:25.305;835351535648686815;-499039;-508379;-516179;-650685;
2026-06-21T06:05:25.313;835351535656094222;-498964;-508304;-516104;-650685;
2026-06-21T06:05:25.320;835351535663501630;-498898;-508238;-516038;-650685;
2026-06-21T06:05:25.328;835351535670909037;-498840;-508180;-515980;-650685;
2026-06-21T06:05:25.335;835351535678316444;-498789;-508129;-515929;-650685;
2026-06-21T06:05:25.342;835351535685723852;-498745;-508085;-515885;-650685;
2026-06-21T06:05:25.350;835351535693131259;-498709;-508049;-515849;-650685;
2026-06-21T06:05:25.357;835351535700538667;-498679;-508019;-515819;-650685;
2026-06-21T06:05:25.365;835351535707946074;-498655;-507995;-515795;-650685;
2026-06-21T06:05:25.372;835351535715353481;-498636;-507976;-515776;-650685;
2026-06-21T06:05:25.379;835351535722760889;-498623;-507963;-515763;-650685;
2026-06-21T06:05:25.387;835351535730168296;-498614;-507954;-515754;-650685;
2026-06-21T06:05:25.394;835351535737575704;-498609;-507949;-515749;-650685;
2026-06-21T06:05:25.402;835351535744983111;-498607;-507947;-515747;-650685;
2026-06-21T06:05:25.409;835351535752390519;-498608;-507948;-515748;-650684;
2026-06-21T06:05:25.416;835351535759797926;-498611;-507951;-515751;-650684;
2026-06-21T06:05:25.424;835351535767205333;-498614;-507954;-515754;-650684;
2026-06-21T06:05:25.431;835351535774612741;-498618;-507958;-515758;-650684;
2026-06-21T06:05:25.439;835351535782020148;-498622;-507962;-515762;-650684;
2026-06-21T06:05:25.446;835351535789427556;-498625;-507965;-515765;-650684;
2026-06-21T06:05:25.453;835351535796834963;-498626;-507966;-515766;-650684;
2026-06-21T06:05:25.461;835351535804242370;-498626;-507966;-515766;-650684;
2026-06-21T06:05:25.468;835351535811649778;-498623;-507963;-515763;-650684;
2026-06-21T06:05:25.476;835351535819057185;-498617;-507957;-515757;-650684;
2026-06-21T06:05:25.483;835351535826464593;-498607;-507947;-515747;-650684;
2026-06-21T06:05:25.491;835351535833872000;-498594;-507934;-515734;-650684;
2026-06-21T06:05:25.498;835351535841279407;-498577;-507917;-515717;-650684;
2026-06-21T06:05:25.505;835351535848686815;-498555;-507895;-515695;-650684;
2026-06-21T06:05:25.513;835351535856094222;-498529;-507869;-515669;-650684;
2026-06-21T06:05:25.520;835351535863501630;-498499;-507839;-515639;-650684;
2026-06-21T06:05:25.528;835351535870909037;-498464;-507804;-515604;-650684;
2026-06-21T06:05:25.535;835351535878316444;-498424;-507764;-515564;-650684;
2026-06-21T06:05:25.542;835351535885723852;-498381;-507721;-515521;-650684;
2026-06-21T06:05:25.550;835351535893131259;-498333;-507673;-515473;-650684;
2026-06-21T06:05:25.557;835351535900538667;-498282;-507622;-515422;-650684;
2026-06-21T06:05:25.565;835351535907946074;-498228;-507568;-515368;-650684;
2026-06-21T06:05:25.572;835351535915353481;-498170;-507510;-515310;-650684;
2026-06-21T06:05:25.579;835351535922760889;-498111;-507451;-515251;-650684;
2026-06-21T06:05:25.587;835351535930168296;-498049;-507389;-515189;-650684;
2026-06-21T06:05:25.594;835351535937575704;-497986;-507326;-515126;-650684;
2026-06-21T06:05:25.602;835351535944983111;-497923;-507263;-515063;-650684;
2026-06-21T06:05:25.609;835351535952390519;-497860;-507200;-515000;-650684;
2026-06-21T06:05:25.616;835351535959797926;-497798;-507138;-514938;-650684;
2026-06-21T06:05:25.624;835351535967205333;-497738;-507078;-514878;-650684;
2026-06-21T06:05:25.631;835351535974612741;-497681;-507021;-514821;-650684;
2026-06-21T06:05:25.639;835351535982020148;-497626;-506966;-514766;-650684;
2026-06-21T06:05:25.646;835351535989427556;-497576;-506916;-514716;-650684;
2026-06-21T06:05:25.653;835351535996834963;-497531;-506871;-514671;-650684;
2026-06-21T06:05:25.661;835351536004242370;-497492;-506832;-514632;-650684;
2026-06-21T06:05:25.668;835351536011649778;-497459;-506799;-514599;-650684;
2026-06-21T06:05:25.676;835351536019057185;-497433;-506773;-514573;-650684;
2026-06-21T06:05:25.683;835351536026464593;-497416;-506756;-514556;-650684;
2026-06-21T06:05:25.691;835351536033872000;-497407;-506747;-514547;-650683;
2026-06-21T06:05:25.698;835351536041279407;-497407;-506747;-514547;-650683;
2026-06-21T06:05:25.705;835351536048686815;-497417;-506757;-514557;-650683;
2026-06-21T06:05:25.713;835351536056094222;-497437;-506777;-514577;-650683;
2026-06-21T06:05:25.720;835351536063501630;-497467;-506807;-514607;-650683;
2026-06-21T06:05:25.728;835351536070909037;-497509;-506849;-514649;-650683;
2026-06-21T06:05:25.735;835351536078316444;-497562;-506902;-514702;-650683;
2026-06-21T06:05:25.742;835351536085723852;-497626;-506966;-514766;-650683;
2026-06-21T06:05:25.750;835351536093131259;-497701;-507041;-514841;-650683;
2026-06-21T06:05:25.757;835351536100538667;-497788;-507128;-514928;-650683;
2026-06-21T06:05:25.765;835351536107946074;-497887;-507227;-515027;-650683;
2026-06-21T06:05:25.772;835351536115353481;-497996;-507336;-515136;-650683;
2026-06-21T06:05:25.779;835351536122760889;-498116;-507456;-515256;-650683;
2026-06-21T06:05:25.787;835351536130168296;-498246;-507586;-515386;-650683;
2026-06-21T06:05:25.794;835351536137575704;-498386;-507726;-515526;-650683;
2026-06-21T06:05:25.802;835351536144983111;-498536;-507876;-515676;-650683;
2026-06-21T06:05:25.809;835351536152390519;-498694;-508034;-515834;-650683;
2026-06-21T06:05:25.816;835351536159797926;-498860;-508200;-516000;-650683;
2026-06-21T06:05:25.824;835351536167205333;-499033;-508373;-516173;-650683;
2026-06-21T06:05:25.831;835351536174612741;-499212;-508552;-516352;-650683;
2026-06-21T06:05:25.839;835351536182020148;-499396;-508736;-516536;-650683;
2026-06-21T06:05:25.846;835351536189427556;-499585;-508925;-516725;-650683;
2026-06-21T06:05:25.853;835351536196834963;-499777;-509117;-516917;-650683;
2026-06-21T06:05:25.861;835351536204242370;-499972;-509312;-517112;-650683;
2026-06-21T06:05:25.868;835351536211649778;-500167;-509507;-517307;-650683;
2026-06-21T06:05:25.876;835351536219057185;-500362;-509702;-517502;-650683;
2026-06-21T06:05:25.883;835351536226464593;-500556;-509896;-517696;-650683;
2026-06-21T06:05:25.891;835351536233872000;-500748;-510088;-517888;-650683;
2026-06-21T06:05:25.898;835351536241279407;-500936;-510276;-518076;-650683;
2026-06-21T06:05:25.905;835351536248686815;-501120;-510460;-518260;-650683;
2026-06-21T06:05:25.913;835351536256094222;-501298;-510638;-518438;-650683;
2026-06-21T06:05:25.920;835351536263501630;-501469;-510809;-518609;-650683;
2026-06-21T06:05:25.928;835351536270909037;-501632;-510972;-518772;-650683;
2026-06-21T06:05:25.935;835351536278316444;-501787;-511127;-518927;-650683;
2026-06-21T06:05:25.942;835351536285723852;-501931;-511271;-519071;-650683;
2026-06-21T06:05:25.950;835351536293131259;-502066;-511406;-519206;-650683;
2026-06-21T06:05:25.957;835351536300538667;-502189;-511529;-519329;-650683;
2026-06-21T06:05:25.965;835351536307946074;-502299;-511639;-519439;-650683;
2026-06-21T06:05:25.972;835351536315353481;-502398;-511738;-519538;-650682;
2026-06-21T06:05:25.979;835351536322760889;-502483;-511823;-519623;-650682;
2026-06-21T06:05:25.987;835351536330168296;-502554;-511894;-519694;-650682;
2026-06-21T06:05:25.994;835351536337575704;-502612;-511952;-519752;-650682;
2026-06-21T06:05:26.002;835351536344983111;-502655;-511995;-519795;-650682;
2026-06-21T06:05:26.009;835351536352390519;-502684;-512024;-519824;-650682;
2026-06-21T06:05:26.016;835351536359797926;-502699;-512039;-519839;-650682;
2026-06-21T06:05:26.024;835351536367205333;-502699;-512039;-519839;-650682;
2026-06-21T06:05:26.031;835351536374612741;-502685;-512025;-519825;-650682;
2026-06-21T06:05:26.039;835351536382020148;-502657;-511997;-519797;-650682;
2026-06-21T06:05:26.046;835351536389427556;-502616;-511956;-519756;-650682;
2026-06-21T06:05:26.053;835351536396834963;-502562;-511902;-519702;-650682;
2026-06-21T06:05:26.061;835351536404242370;-502495;-511835;-519635;-650682;
2026-06-21T06:05:26.068;835351536411649778;-502416;-511756;-519556;-650682;
2026-06-21T06:05:26.076;835351536419057185;-502326;-511666;-519466;-650682;
2026-06-21T06:05:26.083;835351536426464593;-502225;-511565;-519365;-650682;
2026-06-21T06:05:26.091;835351536433872000;-502115;-511455;-519255;-650682;
2026-06-21T06:05:26.098;835351536441279407;-501996;-511336;-519136;-650682;
2026-06-21T06:05:26.105;835351536448686815;-501869;-511209;-519009;-650682;
2026-06-21T06:05:26.113;835351536456094222;-501735;-511075;-518875;-650682;
2026-06-21T06:05:26.120;835351536463501630;-501596;-510936;-518736;-650682;
2026-06-21T06:05:26.128;835351536470909037;-501451;-510791;-518591;-650682;
2026-06-21T06:05:26.135;835351536478316444;-501303;-510643;-518443;-650682;
2026-06-21T06:05:26.142;835351536485723852;-501152;-510492;-518292;-650682;
2026-06-21T06:05:26.150;835351536493131259;-500999;-510339;-518139;-650682;
2026-06-21T06:05:26.157;835351536500538667;-500845;-510185;-517985;-650682;
2026-06-21T06:05:26.165;835351536507946074;-500692;-510032;-517832;-650682;
2026-06-21T06:05:26.172;835351536515353481;-500539;-509879;-517679;-650682;
2026-06-21T06:05:26.179;835351536522760889;-500389;-509729;-517529;-650682;
2026-06-21T06:05:26.187;835351536530168296;-500242;-509582;-517382;-650682;
2026-06-21T06:05:26.194;835351536537575704;-500099;-509439;-517239;-650682;
2026-06-21T06:05:26.202;835351536544983111;-499960;-509300;-517100;-650682;
2026-06-21T06:05:26.209;835351536552390519;-499827;-509167;-516967;-650682;
2026-06-21T06:05:26.216;835351536559797926;-499699;-509039;-516839;-650682;
2026-06-21T06:05:26.224;835351536567205333;-499578;-508918;-516718;-650682;
2026-06-21T06:05:26.231;835351536574612741;-499464;-508804;-516604;-650682;
2026-06-21T06:05:26.239;835351536582020148;-499357;-508697;-516497;-650682;
2026-06-21T06:05:26.246;835351536589427556;-499258;-508598;-516398;-650681;
2026-06-21T06:05:26.253;835351536596834963;-499167;-508507;-516307;-650681;
2026-06-21T06:05:26.261;835351536604242370;-499084;-508424;-516224;-650681;
2026-06-21T06:05:26.268;835351536611649778;-499009;-508349;-516149;-650681;
2026-06-21T06:05:26.276;835351536619057185;-498941;-508281;-516081;-650681;
2026-06-21T06:05:26.283;835351536626464593;-498882;-508222;-516022;-650681;
2026-06-21T06:05:26.291;835351536633872000;-498831;-508171;-515971;-650681;
2026-06-21T06:05:26.298;835351536641279407;-498786;-508126;-515926;-650681;
2026-06-21T06:05:26.305;835351536648686815;-498749;-508089;-515889;-650681;
2026-06-21T06:05:26.313;835351536656094222;-498719;-508059;-515859;-650681;
2026-06-21T06:05:26.320;835351536663501630;-498695;-508035;-515835;-650681;
2026-06-21T06:05:26.328;835351536670909037;-498676;-508016;-515816;-650681;
2026-06-21T06:05:26.335;835351536678316444;-498663;-508003;-515803;-650681;
2026-06-21T06:05:26.342;835351536685723852;-498654;-507994;-515794;-650681;
2026-06-21T06:05:26.350;835351536693131259;-498649;-507989;-515789;-650681;
2026-06-21T06:05:26.357;835351536700538667;-498647;-507987;-515787;-650681;
2026-06-21T06:05:26.365;835351536707946074;-498647;-507987;-515787;-650681;
2026-06-21T06:05:26.372;835351536715353481;-498650;-507990;-515790;-650681;
2026-06-21T06:05:26.379;835351536722760889;-498653;-507993;-515793;-650681;
2026-06-21T06:05:26.387;835351536730168296;-498657;-507997;-515797;-650681;
2026-06-21T06:05:26.394;835351536737575704;-498661;-508001;-515801;-650681;
2026-06-21T06:05:26.402;835351536744983111;-498664;-508004;-515804;-650681;
2026-06-21T06:05:26.409;835351536752390519;-498665;-508005;-515805;-650681;
2026-06-21T06:05:26.416;835351536759797926;-498665;-508005;-515805;-650681;
2026-06-21T06:05:26.424;835351536767205333;-498661;-508001;-515801;-650681;
2026-06-21T06:05:26.431;835351536774612741;-498655;-507995;-515795;-650681;
2026-06-21T06:05:26.439;835351536782020148;-498645;-507985;-515785;-650681;
2026-06-21T06:05:26.446;835351536789427556;-498632;-507972;-515772;-650681;
2026-06-21T06:05:26.453;835351536796834963;-498614;-507954;-515754;-650681;
2026-06-21T06:05:26.461;835351536804242370;-498592;-507932;-515732;-650681;
2026-06-21T06:05:26.468;835351536811649778;-498565;-507905;-515705;-650681;
2026-06-21T06:05:26.476;835351536819057185;-498534;-507874;-515674;-650681;
2026-06-21T06:05:26.483;835351536826464593;-498499;-507839;-515639;-650681;
2026-06-21T06:05:26.491;835351536833872000;-498459;-507799;-515599;-650681;
2026-06-21T06:05:26.498;835351536841279407;-498414;-507754;-515554;-650681;
2026-06-21T06:05:26.505;835351536848686815;-498366;-507706;-515506;-650681;
2026-06-21T06:05:26.513;835351536856094222;-498314;-507654;-515454;-650681;
2026-06-21T06:05:26.520;835351536863501630;-498259;-507599;-515399;-650681;
2026-06-21T06:05:26.528;835351536870909037;-498201;-507541;-515341;-650681;
2026-06-21T06:05:26.535;835351536878316444;-498140;-507480;-515280;-650680;
2026-06-21T06:05:26.542;835351536885723852;-498078;-507418;-515218;-650680;
2026-06-21T06:05:26.550;835351536893131259;-498015;-507355;-515155;-650680;
2026-06-21T06:05:26.557;835351536900538667;-497952;-507292;-515092;-650680;
2026-06-21T06:05:26.565;835351536907946074;-497888;-507228;-515028;-650680;
2026-06-21T06:05:26.572;835351536915353481;-497826;-507166;-514966;-650680;
2026-06-21T06:05:26.579;835351536922760889;-497766;-507106;-514906;-650680;
2026-06-21T06:05:26.587;835351536930168296;-497709;-507049;-514849;-650680;
2026-06-21T06:05:26.594;835351536937575704;-497655;-506995;-514795;-650680;
2026-06-21T06:05:26.602;835351536944983111;-497606;-506946;-514746;-650680;
2026-06-21T06:05:26.609;835351536952390519;-497561;-506901;-514701;-650680;
2026-06-21T06:05:26.616;835351536959797926;-497523;-506863;-514663;-650680;
2026-06-21T06:05:26.624;835351536967205333;-497491;-506831;-514631;-650680;
2026-06-21T06:05:26.631;835351536974612741;-497467;-506807;-514607;-650680;
2026-06-21T06:05:26.639;835351536982020148;-497451;-506791;-514591;-650680;
2026-06-21T06:05:26.646;835351536989427556;-497444;-506784;-514584;-650680;
2026-06-21T06:05:26.653;835351536996834963;-497447;-506787;-514587;-650680;
2026-06-21T06:05:26.661;835351537004242370;-497459;-506799;-514599;-650680;
2026-06-21T06:05:26.668;835351537011649778;-497482;-506822;-514622;-650680;
2026-06-21T06:05:26.676;835351537019057185;-497516;-506856;-514656;-650680;
2026-06-21T06:05:26.683;835351537026464593;-497561;-506901;-514701;-650680;
2026-06-21T06:05:26.691;835351537033872000;-497617;-506957;-514757;-650680;
2026-06-21T06:05:26.698;835351537041279407;-497685;-507025;-514825;-650680;
2026-06-21T06:05:26.705;835351537048686815;-497764;-507104;-514904;-650680;
2026-06-21T06:05:26.713;835351537056094222;-497855;-507195;-514995;-650680;
2026-06-21T06:05:26.720;835351537063501630;-497957;-507297;-515097;-650680;
2026-06-21T06:05:26.728;835351537070909037;-498070;-507410;-515210;-650680;
2026-06-21T06:05:26.735;835351537078316444;-498194;-507534;-515334;-650680;
2026-06-21T06:05:26.742;835351537085723852;-498328;-507668;-515468;-650680;
2026-06-21T06:05:26.750;835351537093131259;-498472;-507812;-515612;-650680;
2026-06-21T06:05:26.757;835351537100538667;-498625;-507965;-515765;-650680;
2026-06-21T06:05:26.765;835351537107946074;-498787;-508127;-515927;-650680;
2026-06-21T06:05:26.772;835351537115353481;-498956;-508296;-516096;-650680;
2026-06-21T06:05:26.779;835351537122760889;-499133;-508473;-516273;-650680;
2026-06-21T06:05:26.787;835351537130168296;-499315;-508655;-516455;-650680;
2026-06-21T06:05:26.794;835351537137575704;-499502;-508842;-516642;-650680;
2026-06-21T06:05:26.802;835351537144983111;-499693;-509033;-516833;-650680;
2026-06-21T06:05:26.809;835351537152390519;-499888;-509228;-517028;-650680;
2026-06-21T06:05:26.816;835351537159797926;-500084;-509424;-517224;-650679;
2026-06-21T06:05:26.824;835351537167205333;-500280;-509620;-517420;-650679;
2026-06-21T06:05:26.831;835351537174612741;-500476;-509816;-517616;-650679;
2026-06-21T06:05:26.839;835351537182020148;-500671;-510011;-517811;-650679;
2026-06-21T06:05:26.846;835351537189427556;-500862;-510202;-518002;-650679;
2026-06-21T06:05:26.853;835351537196834963;-501050;-510390;-518190;-650679;
2026-06-21T06:05:26.861;835351537204242370;-501232;-510572;-518372;-650679;
2026-06-21T06:05:26.868;835351537211649778;-501408;-510748;-518548;-650679;
2026-06-21T06:05:26.876;835351537219057185;-501577;-510917;-518717;-650679;
2026-06-21T06:05:26.883;835351537226464593;-501738;-511078;-518878;-650679;
2026-06-21T06:05:26.891;835351537233872000;-501889;-511229;-519029;-650679;
2026-06-21T06:05:26.898;835351537241279407;-502030;-511370;-519170;-650679;
2026-06-21T06:05:26.905;835351537248686815;-502160;-511500;-519300;-650679;
2026-06-21T06:05:26.913;835351537256094222;-502279;-511619;-519419;-650679;
2026-06-21T06:05:26.920;835351537263501630;-502384;-511724;-519524;-650679;
2026-06-21T06:05:26.928;835351537270909037;-502477;-511817;-519617;-650679;
2026-06-21T06:05:26.935;835351537278316444;-502556;-511896;-519696;-650679;
2026-06-21T06:05:26.942;835351537285723852;-502622;-511962;-519762;-650679;
2026-06-21T06:05:26.950;835351537293131259;-502673;-512013;-519813;-650679;
2026-06-21T06:05:26.957;835351537300538667;-502709;-512049;-519849;-650679;
2026-06-21T06:05:26.965;835351537307946074;-502731;-512071;-519871;-650679;
2026-06-21T06:05:26.972;835351537315353481;-502739;-512079;-519879;-650679;
2026-06-21T06:05:26.979;835351537322760889;-502732;-512072;-519872;-650679;
2026-06-21T06:05:26.987;835351537330168296;-502711;-512051;-519851;-650679;
2026-06-21T06:05:26.994;835351537337575704;-502676;-512016;-519816;-650679;
2026-06-21T06:05:27.002;835351537344983111;-502627;-511967;-519767;-650679;
2026-06-21T06:05:27.009;835351537352390519;-502566;-511906;-519706;-650679;
2026-06-21T06:05:27.016;835351537359797926;-502492;-511832;-519632;-650679;
2026-06-21T06:05:27.024;835351537367205333;-502406;-511746;-519546;-650679;
2026-06-21T06:05:27.031;835351537374612741;-502310;-511650;-519450;-650679;
2026-06-21T06:05:27.039;835351537382020148;-502203;-511543;-519343;-650679;
2026-06-21T06:05:27.046;835351537389427556;-502087;-511427;-519227;-650679;
2026-06-21T06:05:27.053;835351537396834963;-501963;-511303;-519103;-650679;
2026-06-21T06:05:27.061;835351537404242370;-501831;-511171;-518971;-650679;
2026-06-21T06:05:27.068;835351537411649778;-501693;-511033;-518833;-650679;
2026-06-21T06:05:27.076;835351537419057185;-501549;-510889;-518689;-650679;
2026-06-21T06:05:27.083;835351537426464593;-501402;-510742;-518542;-650679;
2026-06-21T06:05:27.091;835351537433872000;-501251;-510591;-518391;-650679;
2026-06-21T06:05:27.098;835351537441279407;-501097;-510437;-518237;-650679;
2026-06-21T06:05:27.105;835351537448686815;-500943;-510283;-518083;-650678;
2026-06-21T06:05:27.113;835351537456094222;-500788;-510128;-517928;-650678;
2026-06-21T06:05:27.120;835351537463501630;-500634;-509974;-517774;-650678;
2026-06-21T06:05:27.128;835351537470909037;-500482;-509822;-517622;-650678;
2026-06-21T06:05:27.135;835351537478316444;-500333;-509673;-517473;-650678;
2026-06-21T06:05:27.142;835351537485723852;-500188;-509528;-517328;-650678;
2026-06-21T06:05:27.150;835351537493131259;-500046;-509386;-517186;-650678;
2026-06-21T06:05:27.157;835351537500538667;-499910;-509250;-517050;-650678;
2026-06-21T06:05:27.165;835351537507946074;-499780;-509120;-516920;-650678;
2026-06-21T06:05:27.172;835351537515353481;-499656;-508996;-516796;-650678;
2026-06-21T06:05:27.179;835351537522760889;-499539;-508879;-516679;-650678;
2026-06-21T06:05:27.187;835351537530168296;-499429;-508769;-516569;-650678;
2026-06-21T06:05:27.194;835351537537575704;-499327;-508667;-516467;-650678;
2026-06-21T06:05:27.202;835351537544983111;-499232;-508572;-516372;-650678;
2026-06-21T06:05:27.209;835351537552390519;-499146;-508486;-516286;-650678;
2026-06-21T06:05:27.216;835351537559797926;-499068;-508408;-516208;-650678;
2026-06-21T06:05:27.224;835351537567205333;-498998;-508338;-516138;-650678;
2026-06-21T06:05:27.231;835351537574612741;-498936;-508276;-516076;-650678;
2026-06-21T06:05:27.239;835351537582020148;-498882;-508222;-516022;-650678;
2026-06-21T06:05:27.246;835351537589427556;-498835;-508175;-515975;-650678;
2026-06-21T06:05:27.253;835351537596834963;-498796;-508136;-515936;-650678;
2026-06-21T06:05:27.261;835351537604242370;-498764;-508104;-515904;-650678;
2026-06-21T06:05:27.268;835351537611649778;-498738;-508078;-515878;-650678;
2026-06-21T06:05:27.276;835351537619057185;-498718;-508058;-515858;-650678;
2026-06-21T06:05:27.283;835351537626464593;-498703;-508043;-515843;-650678;
2026-06-21T06:05:27.291;835351537633872000;-498693;-508033;-515833;-650678;
2026-06-21T06:05:27.298;835351537641279407;-498687;-508027;-515827;-650678;
2026-06-21T06:05:27.305;835351537648686815;-498684;-508024;-515824;-650678;
2026-06-21T06:05:27.313;835351537656094222;-498684;-508024;-515824;-650678;
2026-06-21T06:05:27.320;835351537663501630;-498686;-508026;-515826;-650678;
2026-06-21T06:05:27.328;835351537670909037;-498690;-508030;-515830;-650678;
2026-06-21T06:05:27.335;835351537678316444;-498694;-508034;-515834;-650678;
2026-06-21T06:05:27.342;835351537685723852;-498697;-508037;-515837;-650678;
2026-06-21T06:05:27.350;835351537693131259;-498701;-508041;-515841;-650678;
2026-06-21T06:05:27.357;835351537700538667;-498702;-508042;-515842;-650678;
2026-06-21T06:05:27.365;835351537707946074;-498702;-508042;-515842;-650678;
2026-06-21T06:05:27.372;835351537715353481;-498699;-508039;-515839;-650678;
2026-06-21T06:05:27.379;835351537722760889;-498693;-508033;-515833;-650678;
2026-06-21T06:05:27.387;835351537730168296;-498684;-508024;-515824;-650677;
2026-06-21T06:05:27.394;835351537737575704;-498671;-508011;-515811;-650677;
2026-06-21T06:05:27.402;835351537744983111;-498654;-507994;-515794;-650677;
2026-06-21T06:05:27.409;835351537752390519;-498632;-507972;-515772;-650677;
2026-06-21T06:05:27.416;835351537759797926;-498606;-507946;-515746;-650677;
2026-06-21T06:05:27.424;835351537767205333;-498576;-507916;-515716;-650677;
2026-06-21T06:05:27.431;835351537774612741;-498541;-507881;-515681;-650677;
2026-06-21T06:05:27.439;835351537782020148;-498501;-507841;-515641;-650677;
2026-06-21T06:05:27.446;835351537789427556;-498457;-507797;-515597;-650677;
2026-06-21T06:05:27.453;835351537796834963;-498409;-507749;-515549;-650677;
2026-06-21T06:05:27.461;835351537804242370;-498357;-507697;-515497;-650677;
2026-06-21T06:05:27.468;835351537811649778;-498301;-507641;-515441;-650677;
2026-06-21T06:05:27.476;835351537819057185;-498243;-507583;-515383;-650677;
2026-06-21T06:05:27.483;835351537826464593;-498183;-507523;-515323;-650677;
2026-06-21T06:05:27.491;835351537833872000;-498120;-507460;-515260;-650677;
2026-06-21T06:05:27.498;835351537841279407;-498057;-507397;-515197;-650677;
2026-06-21T06:05:27.505;835351537848686815;-497993;-507333;-515133;-650677;
2026-06-21T06:05:27.513;835351537856094222;-497929;-507269;-515069;-650677;
2026-06-21T06:05:27.520;835351537863501630;-497867;-507207;-515007;-650677;
2026-06-21T06:05:27.528;835351537870909037;-497806;-507146;-514946;-650677;
2026-06-21T06:05:27.535;835351537878316444;-497748;-507088;-514888;-650677;
2026-06-21T06:05:27.542;835351537885723852;-497694;-507034;-514834;-650677;
2026-06-21T06:05:27.550;835351537893131259;-497644;-506984;-514784;-650677;
2026-06-21T06:05:27.557;835351537900538667;-497599;-506939;-514739;-650677;
2026-06-21T06:05:27.565;835351537907946074;-497560;-506900;-514700;-650677;
2026-06-21T06:05:27.572;835351537915353481;-497528;-506868;-514668;-650677;
2026-06-21T06:05:27.579;835351537922760889;-497504;-506844;-514644;-650677;
2026-06-21T06:05:27.587;835351537930168296;-497488;-506828;-514628;-650677;
2026-06-21T06:05:27.594;835351537937575704;-497481;-506821;-514621;-650677;
2026-06-21T06:05:27.602;835351537944983111;-497483;-506823;-514623;-650677;
2026-06-21T06:05:27.609;835351537952390519;-497496;-506836;-514636;-650677;
2026-06-21T06:05:27.616;835351537959797926;-497519;-506859;-514659;-650677;
2026-06-21T06:05:27.624;835351537967205333;-497553;-506893;-514693;-650677;
2026-06-21T06:05:27.631;835351537974612741;-497598;-506938;-514738;-650677;
2026-06-21T06:05:27.639;835351537982020148;-497655;-506995;-514795;-650677;
2026-06-21T06:05:27.646;835351537989427556;-497724;-507064;-514864;-650677;
2026-06-21T06:05:27.653;835351537996834963;-497804;-507144;-514944;-650677;
2026-06-21T06:05:27.661;835351538004242370;-497896;-507236;-515036;-650677;
2026-06-21T06:05:27.668;835351538011649778;-497999;-507339;-515139;-650677;
2026-06-21T06:05:27.676;835351538019057185;-498113;-507453;-515253;-650677;
2026-06-21T06:05:27.683;835351538026464593;-498239;-507579;-515379;-650676;
2026-06-21T06:05:27.691;835351538033872000;-498374;-507714;-515514;-650676;
2026-06-21T06:05:27.698;835351538041279407;-498520;-507860;-515660;-650676;
2026-06-21T06:05:27.705;835351538048686815;-498675;-508015;-515815;-650676;
2026-06-21T06:05:27.713;835351538056094222;-498838;-508178;-515978;-650676;
2026-06-21T06:05:27.720;835351538063501630;-499009;-508349;-516149;-650676;
2026-06-21T06:05:27.728;835351538070909037;-499187;-508527;-516327;-650676;
2026-06-21T06:05:27.735;835351538078316444;-499371;-508711;-516511;-650676;
2026-06-21T06:05:27.742;835351538085723852;-499560;-508900;-516700;-650676;
2026-06-21T06:05:27.750;835351538093131259;-499753;-509093;-516893;-650676;
2026-06-21T06:05:27.757;835351538100538667;-499948;-509288;-517088;-650676;
2026-06-21T06:05:27.765;835351538107946074;-500145;-509485;-517285;-650676;
2026-06-21T06:05:27.772;835351538115353481;-500343;-509683;-517483;-650676;
2026-06-21T06:05:27.779;835351538122760889;-500540;-509880;-517680;-650676;
2026-06-21T06:05:27.787;835351538130168296;-500735;-510075;-517875;-650676;
2026-06-21T06:05:27.794;835351538137575704;-500927;-510267;-518067;-650676;
2026-06-21T06:05:27.802;835351538144983111;-501115;-510455;-518255;-650676;
2026-06-21T06:05:27.809;835351538152390519;-501298;-510638;-518438;-650676;
2026-06-21T06:05:27.816;835351538159797926;-501474;-510814;-518614;-650676;
2026-06-21T06:05:27.824;835351538167205333;-501642;-510982;-518782;-650676;
2026-06-21T06:05:27.831;835351538174612741;-501802;-511142;-518942;-650676;
2026-06-21T06:05:27.839;835351538182020148;-501953;-511293;-519093;-650676;
2026-06-21T06:05:27.846;835351538189427556;-502092;-511432;-519232;-650676;
2026-06-21T06:05:27.853;835351538196834963;-502221;-511561;-519361;-650676;
2026-06-21T06:05:27.861;835351538204242370;-502337;-511677;-519477;-650676;
2026-06-21T06:05:27.868;835351538211649778;-502441;-511781;-519581;-650676;
2026-06-21T06:05:27.876;835351538219057185;-502531;-511871;-519671;-650676;
2026-06-21T06:05:27.883;835351538226464593;-502608;-511948;-519748;-650676;
2026-06-21T06:05:27.891;835351538233872000;-502670;-512010;-519810;-650676;
2026-06-21T06:05:27.898;835351538241279407;-502718;-512058;-519858;-650676;
2026-06-21T06:05:27.905;835351538248686815;-502751;-512091;-519891;-650676;
2026-06-21T06:05:27.913;835351538256094222;-502770;-512110;-519910;-650676;
2026-06-21T06:05:27.920;835351538263501630;-502774;-512114;-519914;-650676;
2026-06-21T06:05:27.928;835351538270909037;-502763;-512103;-519903;-650676;
2026-06-21T06:05:27.935;835351538278316444;-502738;-512078;-519878;-650676;
2026-06-21T06:05:27.942;835351538285723852;-502699;-512039;-519839;-650676;
2026-06-21T06:05:27.950;835351538293131259;-502647;-511987;-519787;-650676;
2026-06-21T06:05:27.957;835351538300538667;-502581;-511921;-519721;-650676;
2026-06-21T06:05:27.965;835351538307946074;-502504;-511844;-519644;-650676;
2026-06-21T06:05:27.972;835351538315353481;-502414;-511754;-519554;-650675;
2026-06-21T06:05:27.979;835351538322760889;-502314;-511654;-519454;-650675;
2026-06-21T06:05:27.987;835351538330168296;-502204;-511544;-519344;-650675;
2026-06-21T06:05:27.994;835351538337575704;-502084;-511424;-519224;-650675;
2026-06-21T06:05:28.002;835351538344983111;-501957;-511297;-519097;-650675;
2026-06-21T06:05:28.009;835351538352390519;-501822;-511162;-518962;-650675;
2026-06-21T06:05:28.016;835351538359797926;-501681;-511021;-518821;-650675;
2026-06-21T06:05:28.024;835351538367205333;-501535;-510875;-518675;-650675;
2026-06-21T06:05:28.031;835351538374612741;-501385;-510725;-518525;-650675;
2026-06-21T06:05:28.039;835351538382020148;-501233;-510573;-518373;-650675;
2026-06-21T06:05:28.046;835351538389427556;-501078;-510418;-518218;-650675;
2026-06-21T06:05:28.053;835351538396834963;-500922;-510262;-518062;-650675;
2026-06-21T06:05:28.061;835351538404242370;-500767;-510107;-517907;-650675;
2026-06-21T06:05:28.068;835351538411649778;-500613;-509953;-517753;-650675;
2026-06-21T06:05:28.076;835351538419057185;-500461;-509801;-517601;-650675;
2026-06-21T06:05:28.083;835351538426464593;-500312;-509652;-517452;-650675;
2026-06-21T06:05:28.091;835351538433872000;-500167;-509507;-517307;-650675;
2026-06-21T06:05:28.098;835351538441279407;-500027;-509367;-517167;-650675;
2026-06-21T06:05:28.105;835351538448686815;-499892;-509232;-517032;-650675;
2026-06-21T06:05:28.113;835351538456094222;-499764;-509104;-516904;-650675;
2026-06-21T06:05:28.120;835351538463501630;-499642;-508982;-516782;-650675;
2026-06-21T06:05:28.128;835351538470909037;-499527;-508867;-516667;-650675;
2026-06-21T06:05:28.135;835351538478316444;-499419;-508759;-516559;-650675;
2026-06-21T06:05:28.142;835351538485723852;-499320;-508660;-516460;-650675;
2026-06-21T06:05:28.150;835351538493131259;-499229;-508569;-516369;-650675;
2026-06-21T06:05:28.157;835351538500538667;-499145;-508485;-516285;-650675;
2026-06-21T06:05:28.165;835351538507946074;-499070;-508410;-516210;-650675;
2026-06-21T06:05:28.172;835351538515353481;-499004;-508344;-516144;-650675;
2026-06-21T06:05:28.179;835351538522760889;-498945;-508285;-516085;-650675;
2026-06-21T06:05:28.187;835351538530168296;-498894;-508234;-516034;-650675;
2026-06-21T06:05:28.194;835351538537575704;-498851;-508191;-515991;-650675;
2026-06-21T06:05:28.202;835351538544983111;-498814;-508154;-515954;-650675;
2026-06-21T06:05:28.209;835351538552390519;-498785;-508125;-515925;-650675;
2026-06-21T06:05:28.216;835351538559797926;-498762;-508102;-515902;-650675;
2026-06-21T06:05:28.224;835351538567205333;-498744;-508084;-515884;-650675;
2026-06-21T06:05:28.231;835351538574612741;-498732;-508072;-515872;-650675;
2026-06-21T06:05:28.239;835351538582020148;-498724;-508064;-515864;-650675;
2026-06-21T06:05:28.246;835351538589427556;-498719;-508059;-515859;-650675;
2026-06-21T06:05:28.253;835351538596834963;-498718;-508058;-515858;-650675;
2026-06-21T06:05:28.261;835351538604242370;-498719;-508059;-515859;-650675;
2026-06-21T06:05:28.268;835351538611649778;-498722;-508062;-515862;-650674;
2026-06-21T06:05:28.276;835351538619057185;-498726;-508066;-515866;-650674;
2026-06-21T06:05:28.283;835351538626464593;-498730;-508070;-515870;-650674;
2026-06-21T06:05:28.291;835351538633872000;-498733;-508073;-515873;-650674;
2026-06-21T06:05:28.298;835351538641279407;-498736;-508076;-515876;-650674;
2026-06-21T06:05:28.305;835351538648686815;-498737;-508077;-515877;-650674;
2026-06-21T06:05:28.313;835351538656094222;-498735;-508075;-515875;-650674;
2026-06-21T06:05:28.320;835351538663501630;-498730;-508070;-515870;-650674;
2026-06-21T06:05:28.328;835351538670909037;-498723;-508063;-515863;-650674;
2026-06-21T06:05:28.335;835351538678316444;-498711;-508051;-515851;-650674;
2026-06-21T06:05:28.342;835351538685723852;-498696;-508036;-515836;-650674;
2026-06-21T06:05:28.350;835351538693131259;-498676;-508016;-515816;-650674;
2026-06-21T06:05:28.357;835351538700538667;-498651;-507991;-515791;-650674;
2026-06-21T06:05:28.365;835351538707946074;-498623;-507963;-515763;-650674;
2026-06-21T06:05:28.372;835351538715353481;-498589;-507929;-515729;-650674;
2026-06-21T06:05:28.379;835351538722760889;-498551;-507891;-515691;-650674;
2026-06-21T06:05:28.387;835351538730168296;-498508;-507848;-515648;-650674;
2026-06-21T06:05:28.394;835351538737575704;-498461;-507801;-515601;-650674;
2026-06-21T06:05:28.402;835351538744983111;-498410;-507750;-515550;-650674;
2026-06-21T06:05:28.409;835351538752390519;-498356;-507696;-515496;-650674;
2026-06-21T06:05:28.416;835351538759797926;-498298;-507638;-515438;-650674;
2026-06-21T06:05:28.424;835351538767205333;-498238;-507578;-515378;-650674;
2026-06-21T06:05:28.431;835351538774612741;-498176;-507516;-515316;-650674;
2026-06-21T06:05:28.439;835351538782020148;-498112;-507452;-515252;-650674;
2026-06-21T06:05:28.446;835351538789427556;-498048;-507388;-515188;-650674;
2026-06-21T06:05:28.453;835351538796834963;-497984;-507324;-515124;-650674;
2026-06-21T06:05:28.461;835351538804242370;-497921;-507261;-515061;-650674;
2026-06-21T06:05:28.468;835351538811649778;-497859;-507199;-514999;-650674;
2026-06-21T06:05:28.476;835351538819057185;-497800;-507140;-514940;-650674;
2026-06-21T06:05:28.483;835351538826464593;-497744;-507084;-514884;-650674;
2026-06-21T06:05:28.491;835351538833872000;-497692;-507032;-514832;-650674;
2026-06-21T06:05:28.498;835351538841279407;-497645;-506985;-514785;-650674;
2026-06-21T06:05:28.505;835351538848686815;-497604;-506944;-514744;-650674;
2026-06-21T06:05:28.513;835351538856094222;-497570;-506910;-514710;-650674;
2026-06-21T06:05:28.520;835351538863501630;-497543;-506883;-514683;-650674;
2026-06-21T06:05:28.528;835351538870909037;-497525;-506865;-514665;-650674;
2026-06-21T06:05:28.535;835351538878316444;-497515;-506855;-514655;-650674;
2026-06-21T06:05:28.542;835351538885723852;-497515;-506855;-514655;-650674;
2026-06-21T06:05:28.550;835351538893131259;-497525;-506865;-514665;-650674;
2026-06-21T06:05:28.557;835351538900538667;-497545;-506885;-514685;-650674;
2026-06-21T06:05:28.565;835351538907946074;-497577;-506917;-514717;-650674;
2026-06-21T06:05:28.572;835351538915353481;-497620;-506960;-514760;-650673;
2026-06-21T06:05:28.579;835351538922760889;-497674;-507014;-514814;-650673;
2026-06-21T06:05:28.587;835351538930168296;-497740;-507080;-514880;-650673;
2026-06-21T06:05:28.594;835351538937575704;-497818;-507158;-514958;-650673;
2026-06-21T06:05:28.602;835351538944983111;-497908;-507248;-515048;-650673;
2026-06-21T06:05:28.609;835351538952390519;-498009;-507349;-515149;-650673;
2026-06-21T06:05:28.616;835351538959797926;-498122;-507462;-515262;-650673;
2026-06-21T06:05:28.624;835351538967205333;-498246;-507586;-515386;-650673;
2026-06-21T06:05:28.631;835351538974612741;-498380;-507720;-515520;-650673;
2026-06-21T06:05:28.639;835351538982020148;-498525;-507865;-515665;-650673;
2026-06-21T06:05:28.646;835351538989427556;-498679;-508019;-515819;-650673;
2026-06-21T06:05:28.653;835351538996834963;-498841;-508181;-515981;-650673;
2026-06-21T06:05:28.661;835351539004242370;-499012;-508352;-516152;-650673;
2026-06-21T06:05:28.668;835351539011649778;-499190;-508530;-516330;-650673;
2026-06-21T06:05:28.676;835351539019057185;-499374;-508714;-516514;-650673;
2026-06-21T06:05:28.683;835351539026464593;-499563;-508903;-516703;-650673;
2026-06-21T06:05:28.691;835351539033872000;-499756;-509096;-516896;-650673;
2026-06-21T06:05:28.698;835351539041279407;-499953;-509293;-517093;-650673;
2026-06-21T06:05:28.705;835351539048686815;-500151;-509491;-517291;-650673;
2026-06-21T06:05:28.713;835351539056094222;-500350;-509690;-517490;-650673;
2026-06-21T06:05:28.720;835351539063501630;-500548;-509888;-517688;-650673;
2026-06-21T06:05:28.728;835351539070909037;-500744;-510084;-517884;-650673;
2026-06-21T06:05:28.735;835351539078316444;-500938;-510278;-518078;-650673;
2026-06-21T06:05:28.742;835351539085723852;-501128;-510468;-518268;-650673;
2026-06-21T06:05:28.750;835351539093131259;-501312;-510652;-518452;-650673;
2026-06-21T06:05:28.757;835351539100538667;-501489;-510829;-518629;-650673;
2026-06-21T06:05:28.765;835351539107946074;-501660;-511000;-518800;-650673;
2026-06-21T06:05:28.772;835351539115353481;-501821;-511161;-518961;-650673;
2026-06-21T06:05:28.779;835351539122760889;-501973;-511313;-519113;-650673;
2026-06-21T06:05:28.787;835351539130168296;-502115;-511455;-519255;-650673;
2026-06-21T06:05:28.794;835351539137575704;-502245;-511585;-519385;-650673;
2026-06-21T06:05:28.802;835351539144983111;-502363;-511703;-519503;-650673;
2026-06-21T06:05:28.809;835351539152390519;-502468;-511808;-519608;-650673;
2026-06-21T06:05:28.816;835351539159797926;-502559;-511899;-519699;-650673;
2026-06-21T06:05:28.824;835351539167205333;-502637;-511977;-519777;-650673;
2026-06-21T06:05:28.831;835351539174612741;-502700;-512040;-519840;-650673;
2026-06-21T06:05:28.839;835351539182020148;-502749;-512089;-519889;-650673;
2026-06-21T06:05:28.846;835351539189427556;-502783;-512123;-519923;-650673;
2026-06-21T06:05:28.853;835351539196834963;-502802;-512142;-519942;-650673;
2026-06-21T06:05:28.861;835351539204242370;-502806;-512146;-519946;-650673;
2026-06-21T06:05:28.868;835351539211649778;-502795;-512135;-519935;-650673;
2026-06-21T06:05:28.876;835351539219057185;-502770;-512110;-519910;-650672;
2026-06-21T06:05:28.883;835351539226464593;-502731;-512071;-519871;-650672;
2026-06-21T06:05:28.891;835351539233872000;-502679;-512019;-519819;-650672;
2026-06-21T06:05:28.898;835351539241279407;-502613;-511953;-519753;-650672;
2026-06-21T06:05:28.905;835351539248686815;-502534;-511874;-519674;-650672;
2026-06-21T06:05:28.913;835351539256094222;-502444;-511784;-519584;-650672;
2026-06-21T06:05:28.920;835351539263501630;-502343;-511683;-519483;-650672;
2026-06-21T06:05:28.928;835351539270909037;-502232;-511572;-519372;-650672;
2026-06-21T06:05:28.935;835351539278316444;-502112;-511452;-519252;-650672;
2026-06-21T06:05:28.942;835351539285723852;-501983;-511323;-519123;-650672;
2026-06-21T06:05:28.950;835351539293131259;-501847;-511187;-518987;-650672;
2026-06-21T06:05:28.957;835351539300538667;-501706;-511046;-518846;-650672;
2026-06-21T06:05:28.965;835351539307946074;-501559;-510899;-518699;-650672;
2026-06-21T06:05:28.972;835351539315353481;-501408;-510748;-518548;-650672;
2026-06-21T06:05:28.979;835351539322760889;-501254;-510594;-518394;-650672;
2026-06-21T06:05:28.987;835351539330168296;-501098;-510438;-518238;-650672;
2026-06-21T06:05:28.994;835351539337575704;-500941;-510281;-518081;-650672;
2026-06-21T06:05:29.002;835351539344983111;-500785;-510125;-517925;-650672;
2026-06-21T06:05:29.009;835351539352390519;-500630;-509970;-517770;-650672;
2026-06-21T06:05:29.016;835351539359797926;-500478;-509818;-517618;-650672;
2026-06-21T06:05:29.024;835351539367205333;-500329;-509669;-517469;-650672;
2026-06-21T06:05:29.031;835351539374612741;-500183;-509523;-517323;-650672;
2026-06-21T06:05:29.039;835351539382020148;-500043;-509383;-517183;-650672;
2026-06-21T06:05:29.046;835351539389427556;-499908;-509248;-517048;-650672;
2026-06-21T06:05:29.053;835351539396834963;-499779;-509119;-516919;-650672;
2026-06-21T06:05:29.061;835351539404242370;-499658;-508998;-516798;-650672;
2026-06-21T06:05:29.068;835351539411649778;-499543;-508883;-516683;-650672;
2026-06-21T06:05:29.076;835351539419057185;-499436;-508776;-516576;-650672;
2026-06-21T06:05:29.083;835351539426464593;-499337;-508677;-516477;-650672;
2026-06-21T06:05:29.091;835351539433872000;-499247;-508587;-516387;-650672;
2026-06-21T06:05:29.098;835351539441279407;-499164;-508504;-516304;-650672;
2026-06-21T06:05:29.105;835351539448686815;-499090;-508430;-516230;-650672;
2026-06-21T06:05:29.113;835351539456094222;-499024;-508364;-516164;-650672;
2026-06-21T06:05:29.120;835351539463501630;-498967;-508307;-516107;-650672;
2026-06-21T06:05:29.128;835351539470909037;-498917;-508257;-516057;-650672;
2026-06-21T06:05:29.135;835351539478316444;-498874;-508214;-516014;-650672;
2026-06-21T06:05:29.142;835351539485723852;-498839;-508179;-515979;-650672;
2026-06-21T06:05:29.150;835351539493131259;-498811;-508151;-515951;-650672;
2026-06-21T06:05:29.157;835351539500538667;-498789;-508129;-515929;-650672;
2026-06-21T06:05:29.165;835351539507946074;-498772;-508112;-515912;-650672;
2026-06-21T06:05:29.172;835351539515353481;-498761;-508101;-515901;-650672;
2026-06-21T06:05:29.179;835351539522760889;-498753;-508093;-515893;-650672;
2026-06-21T06:05:29.187;835351539530168296;-498750;-508090;-515890;-650671;
2026-06-21T06:05:29.194;835351539537575704;-498749;-508089;-515889;-650671;
2026-06-21T06:05:29.202;835351539544983111;-498751;-508091;-515891;-650671;
2026-06-21T06:05:29.209;835351539552390519;-498754;-508094;-515894;-650671;
2026-06-21T06:05:29.216;835351539559797926;-498758;-508098;-515898;-650671;
2026-06-21T06:05:29.224;835351539567205333;-498762;-508102;-515902;-650671;
2026-06-21T06:05:29.231;835351539574612741;-498765;-508105;-515905;-650671;
2026-06-21T06:05:29.239;835351539582020148;-498767;-508107;-515907;-650671;
2026-06-21T06:05:29.246;835351539589427556;-498767;-508107;-515907;-650671;
2026-06-21T06:05:29.253;835351539596834963;-498765;-508105;-515905;-650671;
2026-06-21T06:05:29.261;835351539604242370;-498759;-508099;-515899;-650671;
2026-06-21T06:05:29.268;835351539611649778;-498751;-508091;-515891;-650671;
2026-06-21T06:05:29.276;835351539619057185;-498738;-508078;-515878;-650671;
2026-06-21T06:05:29.283;835351539626464593;-498721;-508061;-515861;-650671;
2026-06-21T06:05:29.291;835351539633872000;-498700;-508040;-515840;-650671;
2026-06-21T06:05:29.298;835351539641279407;-498674;-508014;-515814;-650671;
2026-06-21T06:05:29.305;835351539648686815;-498643;-507983;-515783;-650671;
2026-06-21T06:05:29.313;835351539656094222;-498608;-507948;-515748;-650671;
2026-06-21T06:05:29.320;835351539663501630;-498568;-507908;-515708;-650671;
2026-06-21T06:05:29.328;835351539670909037;-498523;-507863;-515663;-650671;
2026-06-21T06:05:29.335;835351539678316444;-498475;-507815;-515615;-650671;
2026-06-21T06:05:29.342;835351539685723852;-498422;-507762;-515562;-650671;
2026-06-21T06:05:29.350;835351539693131259;-498367;-507707;-515507;-650671;
2026-06-21T06:05:29.357;835351539700538667;-498308;-507648;-515448;-650671;
2026-06-21T06:05:29.365;835351539707946074;-498246;-507586;-515386;-650671;
2026-06-21T06:05:29.372;835351539715353481;-498183;-507523;-515323;-650671;
2026-06-21T06:05:29.379;835351539722760889;-498119;-507459;-515259;-650671;
2026-06-21T06:05:29.387;835351539730168296;-498054;-507394;-515194;-650671;
2026-06-21T06:05:29.394;835351539737575704;-497990;-507330;-515130;-650671;
2026-06-21T06:05:29.402;835351539744983111;-497927;-507267;-515067;-650671;
2026-06-21T06:05:29.409;835351539752390519;-497865;-507205;-515005;-650671;
2026-06-21T06:05:29.416;835351539759797926;-497807;-507147;-514947;-650671;
2026-06-21T06:05:29.424;835351539767205333;-497752;-507092;-514892;-650671;
2026-06-21T06:05:29.431;835351539774612741;-497702;-507042;-514842;-650671;
2026-06-21T06:05:29.439;835351539782020148;-497658;-506998;-514798;-650671;
2026-06-21T06:05:29.446;835351539789427556;-497619;-506959;-514759;-650671;
2026-06-21T06:05:29.453;835351539796834963;-497588;-506928;-514728;-650671;
2026-06-21T06:05:29.461;835351539804242370;-497564;-506904;-514704;-650671;
2026-06-21T06:05:29.468;835351539811649778;-497549;-506889;-514689;-650671;
2026-06-21T06:05:29.476;835351539819057185;-497544;-506884;-514684;-650671;
2026-06-21T06:05:29.483;835351539826464593;-497548;-506888;-514688;-650671;
2026-06-21T06:05:29.491;835351539833872000;-497563;-506903;-514703;-650671;
2026-06-21T06:05:29.498;835351539841279407;-497588;-506928;-514728;-650670;
2026-06-21T06:05:29.505;835351539848686815;-497625;-506965;-514765;-650670;
2026-06-21T06:05:29.513;835351539856094222;-497673;-507013;-514813;-650670;
2026-06-21T06:05:29.520;835351539863501630;-497734;-507074;-514874;-650670;
2026-06-21T06:05:29.528;835351539870909037;-497806;-507146;-514946;-650670;
2026-06-21T06:05:29.535;835351539878316444;-497890;-507230;-515030;-650670;
2026-06-21T06:05:29.542;835351539885723852;-497986;-507326;-515126;-650670;
2026-06-21T06:05:29.550;835351539893131259;-498093;-507433;-515233;-650670;
2026-06-21T06:05:29.557;835351539900538667;-498212;-507552;-515352;-650670;
2026-06-21T06:05:29.565;835351539907946074;-498342;-507682;-515482;-650670;
2026-06-21T06:05:29.572;835351539915353481;-498482;-507822;-515622;-650670;
2026-06-21T06:05:29.579;835351539922760889;-498633;-507973;-515773;-650670;
2026-06-21T06:05:29.587;835351539930168296;-498792;-508132;-515932;-650670;
2026-06-21T06:05:29.594;835351539937575704;-498960;-508300;-516100;-650670;
2026-06-21T06:05:29.602;835351539944983111;-499136;-508476;-516276;-650670;
2026-06-21T06:05:29.609;835351539952390519;-499318;-508658;-516458;-650670;
2026-06-21T06:05:29.616;835351539959797926;-499506;-508846;-516646;-650670;
2026-06-21T06:05:29.624;835351539967205333;-499698;-509038;-516838;-650670;
2026-06-21T06:05:29.631;835351539974612741;-499895;-509235;-517035;-650670;
2026-06-21T06:05:29.639;835351539982020148;-500093;-509433;-517233;-650670;
2026-06-21T06:05:29.646;835351539989427556;-500293;-509633;-517433;-650670;
2026-06-21T06:05:29.653;835351539996834963;-500492;-509832;-517632;-650670;
2026-06-21T06:05:29.661;835351540004242370;-500691;-510031;-517831;-650670;
2026-06-21T06:05:29.668;835351540011649778;-500887;-510227;-518027;-650670;
2026-06-21T06:05:29.676;835351540019057185;-501079;-510419;-518219;-650670;
2026-06-21T06:05:29.683;835351540026464593;-501267;-510607;-518407;-650670;
2026-06-21T06:05:29.691;835351540033872000;-501448;-510788;-518588;-650670;
2026-06-21T06:05:29.698;835351540041279407;-501622;-510962;-518762;-650670;
2026-06-21T06:05:29.705;835351540048686815;-501788;-511128;-518928;-650670;
2026-06-21T06:05:29.713;835351540056094222;-501945;-511285;-519085;-650670;
2026-06-21T06:05:29.720;835351540063501630;-502091;-511431;-519231;-650670;
2026-06-21T06:05:29.728;835351540070909037;-502226;-511566;-519366;-650670;
2026-06-21T06:05:29.735;835351540078316444;-502349;-511689;-519489;-650670;
2026-06-21T06:05:29.742;835351540085723852;-502460;-511800;-519600;-650670;
2026-06-21T06:05:29.750;835351540093131259;-502557;-511897;-519697;-650670;
2026-06-21T06:05:29.757;835351540100538667;-502640;-511980;-519780;-650670;
2026-06-21T06:05:29.765;835351540107946074;-502709;-512049;-519849;-650670;
2026-06-21T06:05:29.772;835351540115353481;-502763;-512103;-519903;-650670;
2026-06-21T06:05:29.779;835351540122760889;-502802;-512142;-519942;-650670;
2026-06-21T06:05:29.787;835351540130168296;-502826;-512166;-519966;-650670;
2026-06-21T06:05:29.794;835351540137575704;-502835;-512175;-519975;-650670;
2026-06-21T06:05:29.802;835351540144983111;-502829;-512169;-519969;-650670;
2026-06-21T06:05:29.809;835351540152390519;-502808;-512148;-519948;-650670;
2026-06-21T06:05:29.816;835351540159797926;-502773;-512113;-519913;-650669;
2026-06-21T06:05:29.824;835351540167205333;-502724;-512064;-519864;-650669;
2026-06-21T06:05:29.831;835351540174612741;-502662;-512002;-519802;-650669;
2026-06-21T06:05:29.839;835351540182020148;-502587;-511927;-519727;-650669;
2026-06-21T06:05:29.846;835351540189427556;-502500;-511840;-519640;-650669;
2026-06-21T06:05:29.853;835351540196834963;-502401;-511741;-519541;-650669;
2026-06-21T06:05:29.861;835351540204242370;-502292;-511632;-519432;-650669;
2026-06-21T06:05:29.868;835351540211649778;-502173;-511513;-519313;-650669;
2026-06-21T06:05:29.876;835351540219057185;-502046;-511386;-519186;-650669;
2026-06-21T06:05:29.883;835351540226464593;-501911;-511251;-519051;-650669;
2026-06-21T06:05:29.891;835351540233872000;-501770;-511110;-518910;-650669;
2026-06-21T06:05:29.898;835351540241279407;-501624;-510964;-518764;-650669;
2026-06-21T06:05:29.905;835351540248686815;-501473;-510813;-518613;-650669;
2026-06-21T06:05:29.913;835351540256094222;-501319;-510659;-518459;-650669;
2026-06-21T06:05:29.920;835351540263501630;-501162;-510502;-518302;-650669;
2026-06-21T06:05:29.928;835351540270909037;-501005;-510345;-518145;-650669;
2026-06-21T06:05:29.935;835351540278316444;-500848;-510188;-517988;-650669;
2026-06-21T06:05:29.942;835351540285723852;-500692;-510032;-517832;-650669;
2026-06-21T06:05:29.950;835351540293131259;-500538;-509878;-517678;-650669;
2026-06-21T06:05:29.957;835351540300538667;-500387;-509727;-517527;-650669;
2026-06-21T06:05:29.965;835351540307946074;-500240;-509580;-517380;-650669;
2026-06-21T06:05:29.972;835351540315353481;-500098;-509438;-517238;-650669;
2026-06-21T06:05:29.979;835351540322760889;-499961;-509301;-517101;-650669;
2026-06-21T06:05:29.987;835351540330168296;-499830;-509170;-516970;-650669;
2026-06-21T06:05:29.994;835351540337575704;-499707;-509047;-516847;-650669;
2026-06-21T06:05:30.002;835351540344983111;-499590;-508930;-516730;-650669;
2026-06-21T06:05:30.009;835351540352390519;-499481;-508821;-516621;-650669;
2026-06-21T06:05:30.016;835351540359797926;-499380;-508720;-516520;-650669;
2026-06-21T06:05:30.024;835351540367205333;-499288;-508628;-516428;-650669;
2026-06-21T06:05:30.031;835351540374612741;-499204;-508544;-516344;-650669;
2026-06-21T06:05:30.039;835351540382020148;-499128;-508468;-516268;-650669;
2026-06-21T06:05:30.046;835351540389427556;-499061;-508401;-516201;-650669;
2026-06-21T06:05:30.053;835351540396834963;-499001;-508341;-516141;-650669;
2026-06-21T06:05:30.061;835351540404242370;-498950;-508290;-516090;-650669;
2026-06-21T06:05:30.068;835351540411649778;-498907;-508247;-516047;-650669;
2026-06-21T06:05:30.076;835351540419057185;-498871;-508211;-516011;-650669;
2026-06-21T06:05:30.083;835351540426464593;-498841;-508181;-515981;-650669;
2026-06-21T06:05:30.091;835351540433872000;-498818;-508158;-515958;-650669;
2026-06-21T06:05:30.098;835351540441279407;-498801;-508141;-515941;-650669;
2026-06-21T06:05:30.105;835351540448686815;-498789;-508129;-515929;-650669;
2026-06-21T06:05:30.113;835351540456094222;-498781;-508121;-515921;-650669;
2026-06-21T06:05:30.120;835351540463501630;-498777;-508117;-515917;-650669;
2026-06-21T06:05:30.128;835351540470909037;-498776;-508116;-515916;-650669;
2026-06-21T06:05:30.135;835351540478316444;-498778;-508118;-515918;-650668;
2026-06-21T06:05:30.142;835351540485723852;-498781;-508121;-515921;-650668;
2026-06-21T06:05:30.150;835351540493131259;-498785;-508125;-515925;-650668;
2026-06-21T06:05:30.157;835351540500538667;-498789;-508129;-515929;-650668;
2026-06-21T06:05:30.165;835351540507946074;-498792;-508132;-515932;-650668;
2026-06-21T06:05:30.172;835351540515353481;-498794;-508134;-515934;-650668;
2026-06-21T06:05:30.179;835351540522760889;-498794;-508134;-515934;-650668;
2026-06-21T06:05:30.187;835351540530168296;-498792;-508132;-515932;-650668;
2026-06-21T06:05:30.194;835351540537575704;-498787;-508127;-515927;-650668;
2026-06-21T06:05:30.202;835351540544983111;-498778;-508118;-515918;-650668;
2026-06-21T06:05:30.209;835351540552390519;-498765;-508105;-515905;-650668;
2026-06-21T06:05:30.216;835351540559797926;-498748;-508088;-515888;-650668;
2026-06-21T06:05:30.224;835351540567205333;-498727;-508067;-515867;-650668;
2026-06-21T06:05:30.231;835351540574612741;-498701;-508041;-515841;-650668;
2026-06-21T06:05:30.239;835351540582020148;-498670;-508010;-515810;-650668;
2026-06-21T06:05:30.246;835351540589427556;-498634;-507974;-515774;-650668;
2026-06-21T06:05:30.253;835351540596834963;-498594;-507934;-515734;-650668;
2026-06-21T06:05:30.261;835351540604242370;-498549;-507889;-515689;-650668;
2026-06-21T06:05:30.268;835351540611649778;-498500;-507840;-515640;-650668;
2026-06-21T06:05:30.276;835351540619057185;-498448;-507788;-515588;-650668;
2026-06-21T06:05:30.283;835351540626464593;-498391;-507731;-515531;-650668;
2026-06-21T06:05:30.291;835351540633872000;-498332;-507672;-515472;-650668;
2026-06-21T06:05:30.298;835351540641279407;-498270;-507610;-515410;-650668;
2026-06-21T06:05:30.305;835351540648686815;-498207;-507547;-515347;-650668;
2026-06-21T06:05:30.313;835351540656094222;-498142;-507482;-515282;-650668;
2026-06-21T06:05:30.320;835351540663501630;-498077;-507417;-515217;-650668;
2026-06-21T06:05:30.328;835351540670909037;-498012;-507352;-515152;-650668;
2026-06-21T06:05:30.335;835351540678316444;-497949;-507289;-515089;-650668;
2026-06-21T06:05:30.342;835351540685723852;-497887;-507227;-515027;-650668;
2026-06-21T06:05:30.350;835351540693131259;-497829;-507169;-514969;-650668;
2026-06-21T06:05:30.357;835351540700538667;-497774;-507114;-514914;-650668;
2026-06-21T06:05:30.365;835351540707946074;-497724;-507064;-514864;-650668;
2026-06-21T06:05:30.372;835351540715353481;-497680;-507020;-514820;-650668;
2026-06-21T06:05:30.379;835351540722760889;-497642;-506982;-514782;-650668;
2026-06-21T06:05:30.387;835351540730168296;-497611;-506951;-514751;-650668;
2026-06-21T06:05:30.394;835351540737575704;-497588;-506928;-514728;-650668;
2026-06-21T06:05:30.402;835351540744983111;-497574;-506914;-514714;-650668;
2026-06-21T06:05:30.409;835351540752390519;-497570;-506910;-514710;-650668;
2026-06-21T06:05:30.416;835351540759797926;-497575;-506915;-514715;-650668;
2026-06-21T06:05:30.424;835351540767205333;-497591;-506931;-514731;-650668;
2026-06-21T06:05:30.431;835351540774612741;-497618;-506958;-514758;-650668;
2026-06-21T06:05:30.439;835351540782020148;-497657;-506997;-514797;-650668;
2026-06-21T06:05:30.446;835351540789427556;-497707;-507047;-514847;-650668;
2026-06-21T06:05:30.453;835351540796834963;-497770;-507110;-514910;-650668;
2026-06-21T06:05:30.461;835351540804242370;-497844;-507184;-514984;-650668;
2026-06-21T06:05:30.468;835351540811649778;-497930;-507270;-515070;-650667;
2026-06-21T06:05:30.476;835351540819057185;-498029;-507369;-515169;-650667;
2026-06-21T06:05:30.483;835351540826464593;-498139;-507479;-515279;-650667;
2026-06-21T06:05:30.491;835351540833872000;-498260;-507600;-515400;-650667;
2026-06-21T06:05:30.498;835351540841279407;-498393;-507733;-515533;-650667;
2026-06-21T06:05:30.505;835351540848686815;-498536;-507876;-515676;-650667;
2026-06-21T06:05:30.513;835351540856094222;-498688;-508028;-515828;-650667;
2026-06-21T06:05:30.520;835351540863501630;-498850;-508190;-515990;-650667;
2026-06-21T06:05:30.528;835351540870909037;-499021;-508361;-516161;-650667;
2026-06-21T06:05:30.535;835351540878316444;-499199;-508539;-516339;-650667;
2026-06-21T06:05:30.542;835351540885723852;-499383;-508723;-516523;-650667;
2026-06-21T06:05:30.550;835351540893131259;-499573;-508913;-516713;-650667;
2026-06-21T06:05:30.557;835351540900538667;-499768;-509108;-516908;-650667;
2026-06-21T06:05:30.565;835351540907946074;-499965;-509305;-517105;-650667;
2026-06-21T06:05:30.572;835351540915353481;-500165;-509505;-517305;-650667;
2026-06-21T06:05:30.579;835351540922760889;-500366;-509706;-517506;-650667;
2026-06-21T06:05:30.587;835351540930168296;-500567;-509907;-517707;-650667;
2026-06-21T06:05:30.594;835351540937575704;-500766;-510106;-517906;-650667;
2026-06-21T06:05:30.602;835351540944983111;-500962;-510302;-518102;-650667;
2026-06-21T06:05:30.609;835351540952390519;-501154;-510494;-518294;-650667;
2026-06-21T06:05:30.616;835351540959797926;-501341;-510681;-518481;-650667;
2026-06-21T06:05:30.624;835351540967205333;-501521;-510861;-518661;-650667;
2026-06-21T06:05:30.631;835351540974612741;-501694;-511034;-518834;-650667;
2026-06-21T06:05:30.639;835351540982020148;-501858;-511198;-518998;-650667;
2026-06-21T06:05:30.646;835351540989427556;-502013;-511353;-519153;-650667;
2026-06-21T06:05:30.653;835351540996834963;-502157;-511497;-519297;-650667;
2026-06-21T06:05:30.661;835351541004242370;-502289;-511629;-519429;-650667;
2026-06-21T06:05:30.668;835351541011649778;-502409;-511749;-519549;-650667;
2026-06-21T06:05:30.676;835351541019057185;-502516;-511856;-519656;-650667;
2026-06-21T06:05:30.683;835351541026464593;-502609;-511949;-519749;-650667;
2026-06-21T06:05:30.691;835351541033872000;-502688;-512028;-519828;-650667;
2026-06-21T06:05:30.698;835351541041279407;-502752;-512092;-519892;-650667;
2026-06-21T06:05:30.705;835351541048686815;-502802;-512142;-519942;-650667;
2026-06-21T06:05:30.713;835351541056094222;-502836;-512176;-519976;-650667;
2026-06-21T06:05:30.720;835351541063501630;-502855;-512195;-519995;-650667;
2026-06-21T06:05:30.728;835351541070909037;-502859;-512199;-519999;-650667;
2026-06-21T06:05:30.735;835351541078316444;-502848;-512188;-519988;-650667;
2026-06-21T06:05:30.742;835351541085723852;-502822;-512162;-519962;-650667;
2026-06-21T06:05:30.750;835351541093131259;-502782;-512122;-519922;-650667;
2026-06-21T06:05:30.757;835351541100538667;-502727;-512067;-519867;-650667;
2026-06-21T06:05:30.765;835351541107946074;-502660;-512000;-519800;-650667;
2026-06-21T06:05:30.772;835351541115353481;-502580;-511920;-519720;-650667;
2026-06-21T06:05:30.779;835351541122760889;-502488;-511828;-519628;-650667;
2026-06-21T06:05:30.787;835351541130168296;-502384;-511724;-519524;-650667;
2026-06-21T06:05:30.794;835351541137575704;-502271;-511611;-519411;-650667;
2026-06-21T06:05:30.802;835351541144983111;-502148;-511488;-519288;-650666;
2026-06-21T06:05:30.809;835351541152390519;-502017;-511357;-519157;-650666;
2026-06-21T06:05:30.816;835351541159797926;-501879;-511219;-519019;-650666;
2026-06-21T06:05:30.824;835351541167205333;-501734;-511074;-518874;-650666;
2026-06-21T06:05:30.831;835351541174612741;-501585;-510925;-518725;-650666;
2026-06-21T06:05:30.839;835351541182020148;-501432;-510772;-518572;-650666;
2026-06-21T06:05:30.846;835351541189427556;-501276;-510616;-518416;-650666;
2026-06-21T06:05:30.853;835351541196834963;-501118;-510458;-518258;-650666;
2026-06-21T06:05:30.861;835351541204242370;-500960;-510300;-518100;-650666;
2026-06-21T06:05:30.868;835351541211649778;-500802;-510142;-517942;-650666;
2026-06-21T06:05:30.876;835351541219057185;-500646;-509986;-517786;-650666;
2026-06-21T06:05:30.883;835351541226464593;-500492;-509832;-517632;-650666;
2026-06-21T06:05:30.891;835351541233872000;-500342;-509682;-517482;-650666;
2026-06-21T06:05:30.898;835351541241279407;-500197;-509537;-517337;-650666;
2026-06-21T06:05:30.905;835351541248686815;-500056;-509396;-517196;-650666;
2026-06-21T06:05:30.913;835351541256094222;-499922;-509262;-517062;-650666;
2026-06-21T06:05:30.920;835351541263501630;-499794;-509134;-516934;-650666;
2026-06-21T06:05:30.928;835351541270909037;-499673;-509013;-516813;-650666;
2026-06-21T06:05:30.935;835351541278316444;-499559;-508899;-516699;-650666;
2026-06-21T06:05:30.942;835351541285723852;-499454;-508794;-516594;-650666;
2026-06-21T06:05:30.950;835351541293131259;-499356;-508696;-516496;-650666;
2026-06-21T06:05:30.957;835351541300538667;-499268;-508608;-516408;-650666;
2026-06-21T06:05:30.965;835351541307946074;-499187;-508527;-516327;-650666;
2026-06-21T06:05:30.972;835351541315353481;-499115;-508455;-516255;-650666;
2026-06-21T06:05:30.979;835351541322760889;-499052;-508392;-516192;-650666;
2026-06-21T06:05:30.987;835351541330168296;-498997;-508337;-516137;-650666;
2026-06-21T06:05:30.994;835351541337575704;-498949;-508289;-516089;-650666;
2026-06-21T06:05:31.002;835351541344983111;-498910;-508250;-516050;-650666;
2026-06-21T06:05:31.009;835351541352390519;-498877;-508217;-516017;-650666;
2026-06-21T06:05:31.016;835351541359797926;-498851;-508191;-515991;-650666;
2026-06-21T06:05:31.024;835351541367205333;-498831;-508171;-515971;-650666;
2026-06-21T06:05:31.031;835351541374612741;-498817;-508157;-515957;-650666;
2026-06-21T06:05:31.039;835351541382020148;-498807;-508147;-515947;-650666;
2026-06-21T06:05:31.046;835351541389427556;-498801;-508141;-515941;-650666;
2026-06-21T06:05:31.053;835351541396834963;-498799;-508139;-515939;-650666;
2026-06-21T06:05:31.061;835351541404242370;-498800;-508140;-515940;-650666;
2026-06-21T06:05:31.068;835351541411649778;-498802;-508142;-515942;-650666;
2026-06-21T06:05:31.076;835351541419057185;-498806;-508146;-515946;-650666;
2026-06-21T06:05:31.083;835351541426464593;-498810;-508150;-515950;-650666;
2026-06-21T06:05:31.091;835351541433872000;-498813;-508153;-515953;-650666;
2026-06-21T06:05:31.098;835351541441279407;-498816;-508156;-515956;-650666;
2026-06-21T06:05:31.105;835351541448686815;-498817;-508157;-515957;-650666;
2026-06-21T06:05:31.113;835351541456094222;-498816;-508156;-515956;-650666;
2026-06-21T06:05:31.120;835351541463501630;-498812;-508152;-515952;-650666;
2026-06-21T06:05:31.128;835351541470909037;-498804;-508144;-515944;-650666;
2026-06-21T06:05:31.135;835351541478316444;-498793;-508133;-515933;-650666;
2026-06-21T06:05:31.142;835351541485723852;-498777;-508117;-515917;-650665;
2026-06-21T06:05:31.150;835351541493131259;-498757;-508097;-515897;-650665;
2026-06-21T06:05:31.157;835351541500538667;-498733;-508073;-515873;-650665;
2026-06-21T06:05:31.165;835351541507946074;-498703;-508043;-515843;-650665;
2026-06-21T06:05:31.172;835351541515353481;-498669;-508009;-515809;-650665;
2026-06-21T06:05:31.179;835351541522760889;-498631;-507971;-515771;-650665;
2026-06-21T06:05:31.187;835351541530168296;-498587;-507927;-515727;-650665;
2026-06-21T06:05:31.194;835351541537575704;-498539;-507879;-515679;-650665;
2026-06-21T06:05:31.202;835351541544983111;-498487;-507827;-515627;-650665;
2026-06-21T06:05:31.209;835351541552390519;-498432;-507772;-515572;-650665;
2026-06-21T06:05:31.216;835351541559797926;-498373;-507713;-515513;-650665;
2026-06-21T06:05:31.224;835351541567205333;-498312;-507652;-515452;-650665;
2026-06-21T06:05:31.231;835351541574612741;-498248;-507588;-515388;-650665;
2026-06-21T06:05:31.239;835351541582020148;-498183;-507523;-515323;-650665;
2026-06-21T06:05:31.246;835351541589427556;-498118;-507458;-515258;-650665;
2026-06-21T06:05:31.253;835351541596834963;-498053;-507393;-515193;-650665;
2026-06-21T06:05:31.261;835351541604242370;-497988;-507328;-515128;-650665;
2026-06-21T06:05:31.268;835351541611649778;-497926;-507266;-515066;-650665;
2026-06-21T06:05:31.276;835351541619057185;-497866;-507206;-515006;-650665;
2026-06-21T06:05:31.283;835351541626464593;-497810;-507150;-514950;-650665;
2026-06-21T06:05:31.291;835351541633872000;-497759;-507099;-514899;-650665;
2026-06-21T06:05:31.298;835351541641279407;-497712;-507052;-514852;-650665;
2026-06-21T06:05:31.305;835351541648686815;-497672;-507012;-514812;-650665;
2026-06-21T06:05:31.313;835351541656094222;-497640;-506980;-514780;-650665;
2026-06-21T06:05:31.320;835351541663501630;-497615;-506955;-514755;-650665;
2026-06-21T06:05:31.328;835351541670909037;-497598;-506938;-514738;-650665;
2026-06-21T06:05:31.335;835351541678316444;-497591;-506931;-514731;-650665;
2026-06-21T06:05:31.342;835351541685723852;-497595;-506935;-514735;-650665;
2026-06-21T06:05:31.350;835351541693131259;-497608;-506948;-514748;-650665;
2026-06-21T06:05:31.357;835351541700538667;-497633;-506973;-514773;-650665;
2026-06-21T06:05:31.365;835351541707946074;-497669;-507009;-514809;-650665;
2026-06-21T06:05:31.372;835351541715353481;-497717;-507057;-514857;-650665;
2026-06-21T06:05:31.379;835351541722760889;-497777;-507117;-514917;-650665;
2026-06-21T06:05:31.387;835351541730168296;-497850;-507190;-514990;-650665;
2026-06-21T06:05:31.394;835351541737575704;-497934;-507274;-515074;-650665;
2026-06-21T06:05:31.402;835351541744983111;-498030;-507370;-515170;-650665;
2026-06-21T06:05:31.409;835351541752390519;-498139;-507479;-515279;-650665;
2026-06-21T06:05:31.416;835351541759797926;-498259;-507599;-515399;-650665;
2026-06-21T06:05:31.424;835351541767205333;-498390;-507730;-515530;-650665;
2026-06-21T06:05:31.431;835351541774612741;-498532;-507872;-515672;-650665;
2026-06-21T06:05:31.439;835351541782020148;-498684;-508024;-515824;-650665;
2026-06-21T06:05:31.446;835351541789427556;-498845;-508185;-515985;-650665;
2026-06-21T06:05:31.453;835351541796834963;-499015;-508355;-516155;-650665;
2026-06-21T06:05:31.461;835351541804242370;-499193;-508533;-516333;-650665;
2026-06-21T06:05:31.468;835351541811649778;-499378;-508718;-516518;-650665;
2026-06-21T06:05:31.476;835351541819057185;-499568;-508908;-516708;-650665;
2026-06-21T06:05:31.483;835351541826464593;-499763;-509103;-516903;-650665;
2026-06-21T06:05:31.491;835351541833872000;-499961;-509301;-517101;-650665;
2026-06-21T06:05:31.498;835351541841279407;-500162;-509502;-517302;-650664;
2026-06-21T06:05:31.505;835351541848686815;-500363;-509703;-517503;-650664;
2026-06-21T06:05:31.513;835351541856094222;-500565;-509905;-517705;-650664;
2026-06-21T06:05:31.520;835351541863501630;-500765;-510105;-517905;-650664;
2026-06-21T06:05:31.528;835351541870909037;-500963;-510303;-518103;-650664;
2026-06-21T06:05:31.535;835351541878316444;-501156;-510496;-518296;-650664;
2026-06-21T06:05:31.542;835351541885723852;-501344;-510684;-518484;-650664;
2026-06-21T06:05:31.550;835351541893131259;-501526;-510866;-518666;-650664;
2026-06-21T06:05:31.557;835351541900538667;-501701;-511041;-518841;-650664;
2026-06-21T06:05:31.565;835351541907946074;-501867;-511207;-519007;-650664;
2026-06-21T06:05:31.572;835351541915353481;-502023;-511363;-519163;-650664;
2026-06-21T06:05:31.579;835351541922760889;-502168;-511508;-519308;-650664;
2026-06-21T06:05:31.587;835351541930168296;-502302;-511642;-519442;-650664;
2026-06-21T06:05:31.594;835351541937575704;-502423;-511763;-519563;-650664;
2026-06-21T06:05:31.602;835351541944983111;-502531;-511871;-519671;-650664;
2026-06-21T06:05:31.609;835351541952390519;-502625;-511965;-519765;-650664;
2026-06-21T06:05:31.616;835351541959797926;-502705;-512045;-519845;-650664;
2026-06-21T06:05:31.624;835351541967205333;-502770;-512110;-519910;-650664;
2026-06-21T06:05:31.631;835351541974612741;-502820;-512160;-519960;-650664;
2026-06-21T06:05:31.639;835351541982020148;-502855;-512195;-519995;-650664;
2026-06-21T06:05:31.646;835351541989427556;-502875;-512215;-520015;-650664;
2026-06-21T06:05:31.653;835351541996834963;-502879;-512219;-520019;-650664;
2026-06-21T06:05:31.661;835351542004242370;-502868;-512208;-520008;-650664;
2026-06-21T06:05:31.668;835351542011649778;-502842;-512182;-519982;-650664;
2026-06-21T06:05:31.676;835351542019057185;-502802;-512142;-519942;-650664;
2026-06-21T06:05:31.683;835351542026464593;-502747;-512087;-519887;-650664;
2026-06-21T06:05:31.691;835351542033872000;-502679;-512019;-519819;-650664;
2026-06-21T06:05:31.698;835351542041279407;-502598;-511938;-519738;-650664;
2026-06-21T06:05:31.705;835351542048686815;-502506;-511846;-519646;-650664;
2026-06-21T06:05:31.713;835351542056094222;-502401;-511741;-519541;-650664;
2026-06-21T06:05:31.720;835351542063501630;-502287;-511627;-519427;-650664;
2026-06-21T06:05:31.728;835351542070909037;-502163;-511503;-519303;-650664;
2026-06-21T06:05:31.735;835351542078316444;-502031;-511371;-519171;-650664;
2026-06-21T06:05:31.742;835351542085723852;-501892;-511232;-519032;-650664;
2026-06-21T06:05:31.750;835351542093131259;-501747;-511087;-518887;-650664;
2026-06-21T06:05:31.757;835351542100538667;-501596;-510936;-518736;-650664;
2026-06-21T06:05:31.765;835351542107946074;-501442;-510782;-518582;-650664;
2026-06-21T06:05:31.772;835351542115353481;-501285;-510625;-518425;-650664;
2026-06-21T06:05:31.779;835351542122760889;-501127;-510467;-518267;-650664;
2026-06-21T06:05:31.787;835351542130168296;-500968;-510308;-518108;-650664;
2026-06-21T06:05:31.794;835351542137575704;-500809;-510149;-517949;-650664;
2026-06-21T06:05:31.802;835351542144983111;-500652;-509992;-517792;-650664;
2026-06-21T06:05:31.809;835351542152390519;-500498;-509838;-517638;-650664;
2026-06-21T06:05:31.816;835351542159797926;-500348;-509688;-517488;-650664;
2026-06-21T06:05:31.824;835351542167205333;-500202;-509542;-517342;-650664;
2026-06-21T06:05:31.831;835351542174612741;-500061;-509401;-517201;-650664;
2026-06-21T06:05:31.839;835351542182020148;-499927;-509267;-517067;-650664;
2026-06-21T06:05:31.846;835351542189427556;-499799;-509139;-516939;-650664;
2026-06-21T06:05:31.853;835351542196834963;-499678;-509018;-516818;-650664;
2026-06-21T06:05:31.861;835351542204242370;-499565;-508905;-516705;-650663;
2026-06-21T06:05:31.868;835351542211649778;-499460;-508800;-516600;-650663;
2026-06-21T06:05:31.876;835351542219057185;-499363;-508703;-516503;-650663;
2026-06-21T06:05:31.883;835351542226464593;-499275;-508615;-516415;-650663;
2026-06-21T06:05:31.891;835351542233872000;-499195;-508535;-516335;-650663;
2026-06-21T06:05:31.898;835351542241279407;-499124;-508464;-516264;-650663;
2026-06-21T06:05:31.905;835351542248686815;-499062;-508402;-516202;-650663;
2026-06-21T06:05:31.913;835351542256094222;-499007;-508347;-516147;-650663;
2026-06-21T06:05:31.920;835351542263501630;-498961;-508301;-516101;-650663;
2026-06-21T06:05:31.928;835351542270909037;-498922;-508262;-516062;-650663;
2026-06-21T06:05:31.935;835351542278316444;-498891;-508231;-516031;-650663;
2026-06-21T06:05:31.942;835351542285723852;-498866;-508206;-516006;-650663;
2026-06-21T06:05:31.950;835351542293131259;-498847;-508187;-515987;-650663;
2026-06-21T06:05:31.957;835351542300538667;-498833;-508173;-515973;-650663;
2026-06-21T06:05:31.965;835351542307946074;-498824;-508164;-515964;-650663;
2026-06-21T06:05:31.972;835351542315353481;-498819;-508159;-515959;-650663;
2026-06-21T06:05:31.979;835351542322760889;-498818;-508158;-515958;-650663;
2026-06-21T06:05:31.987;835351542330168296;-498819;-508159;-515959;-650663;
2026-06-21T06:05:31.994;835351542337575704;-498821;-508161;-515961;-650663;
2026-06-21T06:05:32.002;835351542344983111;-498825;-508165;-515965;-650663;
2026-06-21T06:05:32.009;835351542352390519;-498829;-508169;-515969;-650663;
2026-06-21T06:05:32.016;835351542359797926;-498832;-508172;-515972;-650663;
2026-06-21T06:05:32.024;835351542367205333;-498835;-508175;-515975;-650663;
2026-06-21T06:05:32.031;835351542374612741;-498835;-508175;-515975;-650663;
2026-06-21T06:05:32.039;835351542382020148;-498833;-508173;-515973;-650663;
2026-06-21T06:05:32.046;835351542389427556;-498828;-508168;-515968;-650663;
2026-06-21T06:05:32.053;835351542396834963;-498819;-508159;-515959;-650663;
2026-06-21T06:05:32.061;835351542404242370;-498807;-508147;-515947;-650663;
2026-06-21T06:05:32.068;835351542411649778;-498790;-508130;-515930;-650663;
2026-06-21T06:05:32.076;835351542419057185;-498769;-508109;-515909;-650663;
2026-06-21T06:05:32.083;835351542426464593;-498743;-508083;-515883;-650663;
2026-06-21T06:05:32.091;835351542433872000;-498712;-508052;-515852;-650663;
2026-06-21T06:05:32.098;835351542441279407;-498677;-508017;-515817;-650663;
2026-06-21T06:05:32.105;835351542448686815;-498636;-507976;-515776;-650663;
2026-06-21T06:05:32.113;835351542456094222;-498591;-507931;-515731;-650663;
2026-06-21T06:05:32.120;835351542463501630;-498542;-507882;-515682;-650663;
2026-06-21T06:05:32.128;835351542470909037;-498489;-507829;-515629;-650663;
2026-06-21T06:05:32.135;835351542478316444;-498432;-507772;-515572;-650663;
2026-06-21T06:05:32.142;835351542485723852;-498372;-507712;-515512;-650663;
2026-06-21T06:05:32.150;835351542493131259;-498309;-507649;-515449;-650663;
2026-06-21T06:05:32.157;835351542500538667;-498245;-507585;-515385;-650663;
2026-06-21T06:05:32.165;835351542507946074;-498180;-507520;-515320;-650663;
2026-06-21T06:05:32.172;835351542515353481;-498114;-507454;-515254;-650663;
2026-06-21T06:05:32.179;835351542522760889;-498049;-507389;-515189;-650663;
2026-06-21T06:05:32.187;835351542530168296;-497984;-507324;-515124;-650663;
2026-06-21T06:05:32.194;835351542537575704;-497923;-507263;-515063;-650663;
2026-06-21T06:05:32.202;835351542544983111;-497864;-507204;-515004;-650663;
2026-06-21T06:05:32.209;835351542552390519;-497809;-507149;-514949;-650663;
2026-06-21T06:05:32.216;835351542559797926;-497759;-507099;-514899;-650663;
2026-06-21T06:05:32.224;835351542567205333;-497714;-507054;-514854;-650663;
2026-06-21T06:05:32.231;835351542574612741;-497677;-507017;-514817;-650662;
2026-06-21T06:05:32.239;835351542582020148;-497646;-506986;-514786;-650662;
2026-06-21T06:05:32.246;835351542589427556;-497624;-506964;-514764;-650662;
2026-06-21T06:05:32.253;835351542596834963;-497611;-506951;-514751;-650662;
2026-06-21T06:05:32.261;835351542604242370;-497608;-506948;-514748;-650662;
2026-06-21T06:05:32.268;835351542611649778;-497615;-506955;-514755;-650662;
2026-06-21T06:05:32.276;835351542619057185;-497633;-506973;-514773;-650662;
2026-06-21T06:05:32.283;835351542626464593;-497663;-507003;-514803;-650662;
2026-06-21T06:05:32.291;835351542633872000;-497704;-507044;-514844;-650662;
2026-06-21T06:05:32.298;835351542641279407;-497757;-507097;-514897;-650662;
2026-06-21T06:05:32.305;835351542648686815;-497822;-507162;-514962;-650662;
2026-06-21T06:05:32.313;835351542656094222;-497900;-507240;-515040;-650662;
2026-06-21T06:05:32.320;835351542663501630;-497990;-507330;-515130;-650662;
2026-06-21T06:05:32.328;835351542670909037;-498092;-507432;-515232;-650662;
2026-06-21T06:05:32.335;835351542678316444;-498206;-507546;-515346;-650662;
2026-06-21T06:05:32.342;835351542685723852;-498331;-507671;-515471;-650662;
2026-06-21T06:05:32.350;835351542693131259;-498468;-507808;-515608;-650662;
2026-06-21T06:05:32.357;835351542700538667;-498615;-507955;-515755;-650662;
2026-06-21T06:05:32.365;835351542707946074;-498772;-508112;-515912;-650662;
2026-06-21T06:05:32.372;835351542715353481;-498938;-508278;-516078;-650662;
2026-06-21T06:05:32.379;835351542722760889;-499113;-508453;-516253;-650662;
2026-06-21T06:05:32.387;835351542730168296;-499295;-508635;-516435;-650662;
2026-06-21T06:05:32.394;835351542737575704;-499483;-508823;-516623;-650662;
2026-06-21T06:05:32.402;835351542744983111;-499676;-509016;-516816;-650662;
2026-06-21T06:05:32.409;835351542752390519;-499874;-509214;-517014;-650662;
2026-06-21T06:05:32.416;835351542759797926;-500074;-509414;-517214;-650662;
2026-06-21T06:05:32.424;835351542767205333;-500276;-509616;-517416;-650662;
2026-06-21T06:05:32.431;835351542774612741;-500479;-509819;-517619;-650662;
2026-06-21T06:05:32.439;835351542782020148;-500681;-510021;-517821;-650662;
2026-06-21T06:05:32.446;835351542789427556;-500881;-510221;-518021;-650662;
2026-06-21T06:05:32.453;835351542796834963;-501078;-510418;-518218;-650662;
2026-06-21T06:05:32.461;835351542804242370;-501269;-510609;-518409;-650662;
2026-06-21T06:05:32.468;835351542811649778;-501456;-510796;-518596;-650662;
2026-06-21T06:05:32.476;835351542819057185;-501635;-510975;-518775;-650662;
2026-06-21T06:05:32.483;835351542826464593;-501805;-511145;-518945;-650662;
2026-06-21T06:05:32.491;835351542833872000;-501967;-511307;-519107;-650662;
2026-06-21T06:05:32.498;835351542841279407;-502118;-511458;-519258;-650662;
2026-06-21T06:05:32.505;835351542848686815;-502258;-511598;-519398;-650662;
2026-06-21T06:05:32.513;835351542856094222;-502385;-511725;-519525;-650662;
2026-06-21T06:05:32.520;835351542863501630;-502500;-511840;-519640;-650662;
2026-06-21T06:05:32.528;835351542870909037;-502601;-511941;-519741;-650662;
2026-06-21T06:05:32.535;835351542878316444;-502687;-512027;-519827;-650662;
2026-06-21T06:05:32.542;835351542885723852;-502759;-512099;-519899;-650662;
2026-06-21T06:05:32.550;835351542893131259;-502816;-512156;-519956;-650662;
2026-06-21T06:05:32.557;835351542900538667;-502858;-512198;-519998;-650662;
2026-06-21T06:05:32.565;835351542907946074;-502884;-512224;-520024;-650662;
2026-06-21T06:05:32.572;835351542915353481;-502894;-512234;-520034;-650662;
2026-06-21T06:05:32.579;835351542922760889;-502889;-512229;-520029;-650662;
2026-06-21T06:05:32.587;835351542930168296;-502869;-512209;-520009;-650662;
2026-06-21T06:05:32.594;835351542937575704;-502835;-512175;-519975;-650662;
2026-06-21T06:05:32.602;835351542944983111;-502785;-512125;-519925;-650662;
2026-06-21T06:05:32.609;835351542952390519;-502722;-512062;-519862;-650662;
2026-06-21T06:05:32.616;835351542959797926;-502646;-511986;-519786;-650661;
2026-06-21T06:05:32.624;835351542967205333;-502557;-511897;-519697;-650661;
2026-06-21T06:05:32.631;835351542974612741;-502457;-511797;-519597;-650661;
2026-06-21T06:05:32.639;835351542982020148;-502346;-511686;-519486;-650661;
2026-06-21T06:05:32.646;835351542989427556;-502225;-511565;-519365;-650661;
2026-06-21T06:05:32.653;835351542996834963;-502095;-511435;-519235;-650661;
2026-06-21T06:05:32.661;835351543004242370;-501958;-511298;-519098;-650661;
2026-06-21T06:05:32.668;835351543011649778;-501813;-511153;-518953;-650661;
2026-06-21T06:05:32.676;835351543019057185;-501664;-511004;-518804;-650661;
2026-06-21T06:05:32.683;835351543026464593;-501510;-510850;-518650;-650661;
2026-06-21T06:05:32.691;835351543033872000;-501353;-510693;-518493;-650661;
2026-06-21T06:05:32.698;835351543041279407;-501194;-510534;-518334;-650661;
2026-06-21T06:05:32.705;835351543048686815;-501035;-510375;-518175;-650661;
2026-06-21T06:05:32.713;835351543056094222;-500875;-510215;-518015;-650661;
2026-06-21T06:05:32.720;835351543063501630;-500717;-510057;-517857;-650661;
2026-06-21T06:05:32.728;835351543070909037;-500561;-509901;-517701;-650661;
2026-06-21T06:05:32.735;835351543078316444;-500409;-509749;-517549;-650661;
2026-06-21T06:05:32.742;835351543085723852;-500261;-509601;-517401;-650661;
2026-06-21T06:05:32.750;835351543093131259;-500117;-509457;-517257;-650661;
2026-06-21T06:05:32.757;835351543100538667;-499980;-509320;-517120;-650661;
2026-06-21T06:05:32.765;835351543107946074;-499850;-509190;-516990;-650661;
2026-06-21T06:05:32.772;835351543115353481;-499726;-509066;-516866;-650661;
2026-06-21T06:05:32.779;835351543122760889;-499610;-508950;-516750;-650661;
2026-06-21T06:05:32.787;835351543130168296;-499502;-508842;-516642;-650661;
2026-06-21T06:05:32.794;835351543137575704;-499403;-508743;-516543;-650661;
2026-06-21T06:05:32.802;835351543144983111;-499312;-508652;-516452;-650661;
2026-06-21T06:05:32.809;835351543152390519;-499230;-508570;-516370;-650661;
2026-06-21T06:05:32.816;835351543159797926;-499156;-508496;-516296;-650661;
2026-06-21T06:05:32.824;835351543167205333;-499091;-508431;-516231;-650661;
2026-06-21T06:05:32.831;835351543174612741;-499034;-508374;-516174;-650661;
2026-06-21T06:05:32.839;835351543182020148;-498986;-508326;-516126;-650661;
2026-06-21T06:05:32.846;835351543189427556;-498945;-508285;-516085;-650661;
2026-06-21T06:05:32.853;835351543196834963;-498911;-508251;-516051;-650661;
2026-06-21T06:05:32.861;835351543204242370;-498885;-508225;-516025;-650661;
2026-06-21T06:05:32.868;835351543211649778;-498864;-508204;-516004;-650661;
2026-06-21T06:05:32.876;835351543219057185;-498849;-508189;-515989;-650661;
2026-06-21T06:05:32.883;835351543226464593;-498839;-508179;-515979;-650661;
2026-06-21T06:05:32.891;835351543233872000;-498833;-508173;-515973;-650661;
2026-06-21T06:05:32.898;835351543241279407;-498831;-508171;-515971;-650661;
2026-06-21T06:05:32.905;835351543248686815;-498832;-508172;-515972;-650661;
2026-06-21T06:05:32.913;835351543256094222;-498834;-508174;-515974;-650661;
2026-06-21T06:05:32.920;835351543263501630;-498838;-508178;-515978;-650661;
2026-06-21T06:05:32.928;835351543270909037;-498841;-508181;-515981;-650661;
2026-06-21T06:05:32.935;835351543278316444;-498845;-508185;-515985;-650661;
2026-06-21T06:05:32.942;835351543285723852;-498848;-508188;-515988;-650661;
2026-06-21T06:05:32.950;835351543293131259;-498848;-508188;-515988;-650661;
2026-06-21T06:05:32.957;835351543300538667;-498847;-508187;-515987;-650661;
2026-06-21T06:05:32.965;835351543307946074;-498842;-508182;-515982;-650661;
2026-06-21T06:05:32.972;835351543315353481;-498834;-508174;-515974;-650661;
2026-06-21T06:05:32.979;835351543322760889;-498822;-508162;-515962;-650661;
2026-06-21T06:05:32.987;835351543330168296;-498806;-508146;-515946;-650661;
2026-06-21T06:05:32.994;835351543337575704;-498786;-508126;-515926;-650661;
2026-06-21T06:05:33.002;835351543344983111;-498760;-508100;-515900;-650661;
2026-06-21T06:05:33.009;835351543352390519;-498730;-508070;-515870;-650661;
2026-06-21T06:05:33.016;835351543359797926;-498695;-508035;-515835;-650660;
2026-06-21T06:05:33.024;835351543367205333;-498655;-507995;-515795;-650660;
2026-06-21T06:05:33.031;835351543374612741;-498610;-507950;-515750;-650660;
2026-06-21T06:05:33.039;835351543382020148;-498561;-507901;-515701;-650660;
2026-06-21T06:05:33.046;835351543389427556;-498508;-507848;-515648;-650660;
2026-06-21T06:05:33.053;835351543396834963;-498451;-507791;-515591;-650660;
2026-06-21T06:05:33.061;835351543404242370;-498391;-507731;-515531;-650660;
2026-06-21T06:05:33.068;835351543411649778;-498329;-507669;-515469;-650660;
2026-06-21T06:05:33.076;835351543419057185;-498264;-507604;-515404;-650660;
2026-06-21T06:05:33.083;835351543426464593;-498198;-507538;-515338;-650660;
2026-06-21T06:05:33.091;835351543433872000;-498132;-507472;-515272;-650660;
2026-06-21T06:05:33.098;835351543441279407;-498066;-507406;-515206;-650660;
2026-06-21T06:05:33.105;835351543448686815;-498002;-507342;-515142;-650660;
2026-06-21T06:05:33.113;835351543456094222;-497939;-507279;-515079;-650660;
2026-06-21T06:05:33.120;835351543463501630;-497880;-507220;-515020;-650660;
2026-06-21T06:05:33.128;835351543470909037;-497824;-507164;-514964;-650660;
2026-06-21T06:05:33.135;835351543478316444;-497774;-507114;-514914;-650660;
2026-06-21T06:05:33.142;835351543485723852;-497729;-507069;-514869;-650660;
2026-06-21T06:05:33.150;835351543493131259;-497691;-507031;-514831;-650660;
2026-06-21T06:05:33.157;835351543500538667;-497660;-507000;-514800;-650660;
2026-06-21T06:05:33.165;835351543507946074;-497637;-506977;-514777;-650660;
2026-06-21T06:05:33.172;835351543515353481;-497624;-506964;-514764;-650660;
2026-06-21T06:05:33.179;835351543522760889;-497620;-506960;-514760;-650660;
2026-06-21T06:05:33.187;835351543530168296;-497627;-506967;-514767;-650660;
2026-06-21T06:05:33.194;835351543537575704;-497645;-506985;-514785;-650660;
2026-06-21T06:05:33.202;835351543544983111;-497674;-507014;-514814;-650660;
2026-06-21T06:05:33.209;835351543552390519;-497715;-507055;-514855;-650660;
2026-06-21T06:05:33.216;835351543559797926;-497768;-507108;-514908;-650660;
2026-06-21T06:05:33.224;835351543567205333;-497834;-507174;-514974;-650660;
2026-06-21T06:05:33.231;835351543574612741;-497912;-507252;-515052;-650660;
2026-06-21T06:05:33.239;835351543582020148;-498002;-507342;-515142;-650660;
2026-06-21T06:05:33.246;835351543589427556;-498104;-507444;-515244;-650660;
2026-06-21T06:05:33.253;835351543596834963;-498219;-507559;-515359;-650660;
2026-06-21T06:05:33.261;835351543604242370;-498345;-507685;-515485;-650660;
2026-06-21T06:05:33.268;835351543611649778;-498483;-507823;-515623;-650660;
2026-06-21T06:05:33.276;835351543619057185;-498631;-507971;-515771;-650660;
2026-06-21T06:05:33.283;835351543626464593;-498788;-508128;-515928;-650660;
2026-06-21T06:05:33.291;835351543633872000;-498956;-508296;-516096;-650660;
2026-06-21T06:05:33.298;835351543641279407;-499131;-508471;-516271;-650660;
2026-06-21T06:05:33.305;835351543648686815;-499314;-508654;-516454;-650660;
2026-06-21T06:05:33.313;835351543656094222;-499503;-508843;-516643;-650660;
2026-06-21T06:05:33.320;835351543663501630;-499698;-509038;-516838;-650660;
2026-06-21T06:05:33.328;835351543670909037;-499896;-509236;-517036;-650660;
2026-06-21T06:05:33.335;835351543678316444;-500098;-509438;-517238;-650660;
2026-06-21T06:05:33.342;835351543685723852;-500301;-509641;-517441;-650660;
2026-06-21T06:05:33.350;835351543693131259;-500505;-509845;-517645;-650660;
2026-06-21T06:05:33.357;835351543700538667;-500707;-510047;-517847;-650660;
2026-06-21T06:05:33.365;835351543707946074;-500908;-510248;-518048;-650660;
2026-06-21T06:05:33.372;835351543715353481;-501105;-510445;-518245;-650660;
2026-06-21T06:05:33.379;835351543722760889;-501297;-510637;-518437;-650660;
2026-06-21T06:05:33.387;835351543730168296;-501483;-510823;-518623;-650660;
2026-06-21T06:05:33.394;835351543737575704;-501662;-511002;-518802;-650660;
2026-06-21T06:05:33.402;835351543744983111;-501833;-511173;-518973;-650660;
2026-06-21T06:05:33.409;835351543752390519;-501994;-511334;-519134;-650660;
2026-06-21T06:05:33.416;835351543759797926;-502145;-511485;-519285;-650660;
2026-06-21T06:05:33.424;835351543767205333;-502284;-511624;-519424;-650660;
2026-06-21T06:05:33.431;835351543774612741;-502410;-511750;-519550;-650659;
2026-06-21T06:05:33.439;835351543782020148;-502524;-511864;-519664;-650659;
2026-06-21T06:05:33.446;835351543789427556;-502623;-511963;-519763;-650659;
2026-06-21T06:05:33.453;835351543796834963;-502708;-512048;-519848;-650659;
2026-06-21T06:05:33.461;835351543804242370;-502779;-512119;-519919;-650659;
2026-06-21T06:05:33.468;835351543811649778;-502833;-512173;-519973;-650659;
2026-06-21T06:05:33.476;835351543819057185;-502873;-512213;-520013;-650659;
2026-06-21T06:05:33.483;835351543826464593;-502897;-512237;-520037;-650659;
2026-06-21T06:05:33.491;835351543833872000;-502905;-512245;-520045;-650659;
2026-06-21T06:05:33.498;835351543841279407;-502898;-512238;-520038;-650659;
2026-06-21T06:05:33.505;835351543848686815;-502875;-512215;-520015;-650659;
2026-06-21T06:05:33.513;835351543856094222;-502837;-512177;-519977;-650659;
2026-06-21T06:05:33.520;835351543863501630;-502785;-512125;-519925;-650659;
2026-06-21T06:05:33.528;835351543870909037;-502720;-512060;-519860;-650659;
2026-06-21T06:05:33.535;835351543878316444;-502641;-511981;-519781;-650659;
2026-06-21T06:05:33.542;835351543885723852;-502549;-511889;-519689;-650659;
2026-06-21T06:05:33.550;835351543893131259;-502446;-511786;-519586;-650659;
2026-06-21T06:05:33.557;835351543900538667;-502333;-511673;-519473;-650659;
2026-06-21T06:05:33.565;835351543907946074;-502209;-511549;-519349;-650659;
2026-06-21T06:05:33.572;835351543915353481;-502077;-511417;-519217;-650659;
2026-06-21T06:05:33.579;835351543922760889;-501938;-511278;-519078;-650659;
2026-06-21T06:05:33.587;835351543930168296;-501792;-511132;-518932;-650659;
2026-06-21T06:05:33.594;835351543937575704;-501640;-510980;-518780;-650659;
2026-06-21T06:05:33.602;835351543944983111;-501485;-510825;-518625;-650659;
2026-06-21T06:05:33.609;835351543952390519;-501327;-510667;-518467;-650659;
2026-06-21T06:05:33.616;835351543959797926;-501167;-510507;-518307;-650659;
2026-06-21T06:05:33.624;835351543967205333;-501006;-510346;-518146;-650659;
2026-06-21T06:05:33.631;835351543974612741;-500846;-510186;-517986;-650659;
2026-06-21T06:05:33.639;835351543982020148;-500688;-510028;-517828;-650659;
2026-06-21T06:05:33.646;835351543989427556;-500532;-509872;-517672;-650659;
2026-06-21T06:05:33.653;835351543996834963;-500380;-509720;-517520;-650659;
2026-06-21T06:05:33.661;835351544004242370;-500232;-509572;-517372;-650659;
2026-06-21T06:05:33.668;835351544011649778;-500090;-509430;-517230;-650659;
2026-06-21T06:05:33.676;835351544019057185;-499954;-509294;-517094;-650659;
2026-06-21T06:05:33.683;835351544026464593;-499824;-509164;-516964;-650659;
2026-06-21T06:05:33.691;835351544033872000;-499702;-509042;-516842;-650659;
2026-06-21T06:05:33.698;835351544041279407;-499588;-508928;-516728;-650659;
2026-06-21T06:05:33.705;835351544048686815;-499482;-508822;-516622;-650659;
2026-06-21T06:05:33.713;835351544056094222;-499385;-508725;-516525;-650659;
2026-06-21T06:05:33.720;835351544063501630;-499296;-508636;-516436;-650659;
2026-06-21T06:05:33.728;835351544070909037;-499216;-508556;-516356;-650659;
2026-06-21T06:05:33.735;835351544078316444;-499144;-508484;-516284;-650659;
2026-06-21T06:05:33.742;835351544085723852;-499081;-508421;-516221;-650659;
2026-06-21T06:05:33.750;835351544093131259;-499027;-508367;-516167;-650659;
2026-06-21T06:05:33.757;835351544100538667;-498981;-508321;-516121;-650659;
2026-06-21T06:05:33.765;835351544107946074;-498942;-508282;-516082;-650659;
2026-06-21T06:05:33.772;835351544115353481;-498911;-508251;-516051;-650659;
2026-06-21T06:05:33.779;835351544122760889;-498886;-508226;-516026;-650659;
2026-06-21T06:05:33.787;835351544130168296;-498867;-508207;-516007;-650659;
2026-06-21T06:05:33.794;835351544137575704;-498854;-508194;-515994;-650659;
2026-06-21T06:05:33.802;835351544144983111;-498845;-508185;-515985;-650659;
2026-06-21T06:05:33.809;835351544152390519;-498841;-508181;-515981;-650659;
2026-06-21T06:05:33.816;835351544159797926;-498840;-508180;-515980;-650659;
2026-06-21T06:05:33.824;835351544167205333;-498841;-508181;-515981;-650659;
2026-06-21T06:05:33.831;835351544174612741;-498844;-508184;-515984;-650659;
2026-06-21T06:05:33.839;835351544182020148;-498847;-508187;-515987;-650659;
2026-06-21T06:05:33.846;835351544189427556;-498851;-508191;-515991;-650659;
2026-06-21T06:05:33.853;835351544196834963;-498854;-508194;-515994;-650659;
2026-06-21T06:05:33.861;835351544204242370;-498856;-508196;-515996;-650659;
2026-06-21T06:05:33.868;835351544211649778;-498856;-508196;-515996;-650658;
2026-06-21T06:05:33.876;835351544219057185;-498854;-508194;-515994;-650658;
2026-06-21T06:05:33.883;835351544226464593;-498848;-508188;-515988;-650658;
2026-06-21T06:05:33.891;835351544233872000;-498838;-508178;-515978;-650658;
2026-06-21T06:05:33.898;835351544241279407;-498824;-508164;-515964;-650658;
2026-06-21T06:05:33.905;835351544248686815;-498806;-508146;-515946;-650658;
2026-06-21T06:05:33.913;835351544256094222;-498784;-508124;-515924;-650658;
2026-06-21T06:05:33.920;835351544263501630;-498756;-508096;-515896;-650658;
2026-06-21T06:05:33.928;835351544270909037;-498724;-508064;-515864;-650658;
2026-06-21T06:05:33.935;835351544278316444;-498686;-508026;-515826;-650658;
2026-06-21T06:05:33.942;835351544285723852;-498644;-507984;-515784;-650658;
2026-06-21T06:05:33.950;835351544293131259;-498597;-507937;-515737;-650658;
2026-06-21T06:05:33.957;835351544300538667;-498546;-507886;-515686;-650658;
2026-06-21T06:05:33.965;835351544307946074;-498491;-507831;-515631;-650658;
2026-06-21T06:05:33.972;835351544315353481;-498432;-507772;-515572;-650658;
2026-06-21T06:05:33.979;835351544322760889;-498371;-507711;-515511;-650658;
2026-06-21T06:05:33.987;835351544330168296;-498307;-507647;-515447;-650658;
2026-06-21T06:05:33.994;835351544337575704;-498242;-507582;-515382;-650658;
2026-06-21T06:05:34.002;835351544344983111;-498175;-507515;-515315;-650658;
2026-06-21T06:05:34.009;835351544352390519;-498109;-507449;-515249;-650658;
2026-06-21T06:05:34.016;835351544359797926;-498043;-507383;-515183;-650658;
2026-06-21T06:05:34.024;835351544367205333;-497979;-507319;-515119;-650658;
2026-06-21T06:05:34.031;835351544374612741;-497918;-507258;-515058;-650658;
2026-06-21T06:05:34.039;835351544382020148;-497860;-507200;-515000;-650658;
2026-06-21T06:05:34.046;835351544389427556;-497806;-507146;-514946;-650658;
2026-06-21T06:05:34.053;835351544396834963;-497758;-507098;-514898;-650658;
2026-06-21T06:05:34.061;835351544404242370;-497716;-507056;-514856;-650658;
2026-06-21T06:05:34.068;835351544411649778;-497681;-507021;-514821;-650658;
2026-06-21T06:05:34.076;835351544419057185;-497654;-506994;-514794;-650658;
2026-06-21T06:05:34.083;835351544426464593;-497636;-506976;-514776;-650658;
2026-06-21T06:05:34.091;835351544433872000;-497628;-506968;-514768;-650658;
2026-06-21T06:05:34.098;835351544441279407;-497629;-506969;-514769;-650658;
2026-06-21T06:05:34.105;835351544448686815;-497642;-506982;-514782;-650658;
2026-06-21T06:05:34.113;835351544456094222;-497665;-507005;-514805;-650658;
2026-06-21T06:05:34.120;835351544463501630;-497701;-507041;-514841;-650658;
2026-06-21T06:05:34.128;835351544470909037;-497749;-507089;-514889;-650658;
2026-06-21T06:05:34.135;835351544478316444;-497809;-507149;-514949;-650658;
2026-06-21T06:05:34.142;835351544485723852;-497881;-507221;-515021;-650658;
2026-06-21T06:05:34.150;835351544493131259;-497966;-507306;-515106;-650658;
2026-06-21T06:05:34.157;835351544500538667;-498063;-507403;-515203;-650658;
2026-06-21T06:05:34.165;835351544507946074;-498173;-507513;-515313;-650658;
2026-06-21T06:05:34.172;835351544515353481;-498295;-507635;-515435;-650658;
2026-06-21T06:05:34.179;835351544522760889;-498428;-507768;-515568;-650658;
2026-06-21T06:05:34.187;835351544530168296;-498572;-507912;-515712;-650658;
2026-06-21T06:05:34.194;835351544537575704;-498726;-508066;-515866;-650658;
2026-06-21T06:05:34.202;835351544544983111;-498890;-508230;-516030;-650658;
2026-06-21T06:05:34.209;835351544552390519;-499063;-508403;-516203;-650658;
2026-06-21T06:05:34.216;835351544559797926;-499244;-508584;-516384;-650658;
2026-06-21T06:05:34.224;835351544567205333;-499431;-508771;-516571;-650658;
2026-06-21T06:05:34.231;835351544574612741;-499624;-508964;-516764;-650658;
2026-06-21T06:05:34.239;835351544582020148;-499822;-509162;-516962;-650658;
2026-06-21T06:05:34.246;835351544589427556;-500024;-509364;-517164;-650658;
2026-06-21T06:05:34.253;835351544596834963;-500227;-509567;-517367;-650658;
2026-06-21T06:05:34.261;835351544604242370;-500431;-509771;-517571;-650658;
2026-06-21T06:05:34.268;835351544611649778;-500636;-509976;-517776;-650658;
2026-06-21T06:05:34.276;835351544619057185;-500838;-510178;-517978;-650658;
2026-06-21T06:05:34.283;835351544626464593;-501037;-510377;-518177;-650658;
2026-06-21T06:05:34.291;835351544633872000;-501232;-510572;-518372;-650658;
2026-06-21T06:05:34.298;835351544641279407;-501422;-510762;-518562;-650658;
2026-06-21T06:05:34.305;835351544648686815;-501604;-510944;-518744;-650658;
2026-06-21T06:05:34.313;835351544656094222;-501779;-511119;-518919;-650658;
2026-06-21T06:05:34.320;835351544663501630;-501944;-511284;-519084;-650658;
2026-06-21T06:05:34.328;835351544670909037;-502099;-511439;-519239;-650657;
2026-06-21T06:05:34.335;835351544678316444;-502242;-511582;-519382;-650657;
2026-06-21T06:05:34.342;835351544685723852;-502374;-511714;-519514;-650657;
2026-06-21T06:05:34.350;835351544693131259;-502492;-511832;-519632;-650657;
2026-06-21T06:05:34.357;835351544700538667;-502597;-511937;-519737;-650657;
2026-06-21T06:05:34.365;835351544707946074;-502687;-512027;-519827;-650657;
2026-06-21T06:05:34.372;835351544715353481;-502763;-512103;-519903;-650657;
2026-06-21T06:05:34.379;835351544722760889;-502823;-512163;-519963;-650657;
2026-06-21T06:05:34.387;835351544730168296;-502867;-512207;-520007;-650657;
2026-06-21T06:05:34.394;835351544737575704;-502896;-512236;-520036;-650657;
2026-06-21T06:05:34.402;835351544744983111;-502909;-512249;-520049;-650657;
2026-06-21T06:05:34.409;835351544752390519;-502907;-512247;-520047;-650657;
2026-06-21T06:05:34.416;835351544759797926;-502888;-512228;-520028;-650657;
2026-06-21T06:05:34.424;835351544767205333;-502855;-512195;-519995;-650657;
2026-06-21T06:05:34.431;835351544774612741;-502807;-512147;-519947;-650657;
2026-06-21T06:05:34.439;835351544782020148;-502745;-512085;-519885;-650657;
2026-06-21T06:05:34.446;835351544789427556;-502669;-512009;-519809;-650657;
2026-06-21T06:05:34.453;835351544796834963;-502581;-511921;-519721;-650657;
2026-06-21T06:05:34.461;835351544804242370;-502481;-511821;-519621;-650657;
2026-06-21T06:05:34.468;835351544811649778;-502369;-511709;-519509;-650657;
2026-06-21T06:05:34.476;835351544819057185;-502248;-511588;-519388;-650657;
2026-06-21T06:05:34.483;835351544826464593;-502117;-511457;-519257;-650657;
2026-06-21T06:05:34.491;835351544833872000;-501979;-511319;-519119;-650657;
2026-06-21T06:05:34.498;835351544841279407;-501834;-511174;-518974;-650657;
2026-06-21T06:05:34.505;835351544848686815;-501683;-511023;-518823;-650657;
2026-06-21T06:05:34.513;835351544856094222;-501528;-510868;-518668;-650657;
2026-06-21T06:05:34.520;835351544863501630;-501370;-510710;-518510;-650657;
2026-06-21T06:05:34.528;835351544870909037;-501209;-510549;-518349;-650657;
2026-06-21T06:05:34.535;835351544878316444;-501048;-510388;-518188;-650657;
2026-06-21T06:05:34.542;835351544885723852;-500887;-510227;-518027;-650657;
2026-06-21T06:05:34.550;835351544893131259;-500728;-510068;-517868;-650657;
2026-06-21T06:05:34.557;835351544900538667;-500571;-509911;-517711;-650657;
2026-06-21T06:05:34.565;835351544907946074;-500417;-509757;-517557;-650657;
2026-06-21T06:05:34.572;835351544915353481;-500268;-509608;-517408;-650657;
2026-06-21T06:05:34.579;835351544922760889;-500123;-509463;-517263;-650657;
2026-06-21T06:05:34.587;835351544930168296;-499985;-509325;-517125;-650657;
2026-06-21T06:05:34.594;835351544937575704;-499854;-509194;-516994;-650657;
2026-06-21T06:05:34.602;835351544944983111;-499730;-509070;-516870;-650657;
2026-06-21T06:05:34.609;835351544952390519;-499614;-508954;-516754;-650657;
2026-06-21T06:05:34.616;835351544959797926;-499505;-508845;-516645;-650657;
2026-06-21T06:05:34.624;835351544967205333;-499406;-508746;-516546;-650657;
2026-06-21T06:05:34.631;835351544974612741;-499315;-508655;-516455;-650657;
2026-06-21T06:05:34.639;835351544982020148;-499233;-508573;-516373;-650657;
2026-06-21T06:05:34.646;835351544989427556;-499160;-508500;-516300;-650657;
2026-06-21T06:05:34.653;835351544996834963;-499095;-508435;-516235;-650657;
2026-06-21T06:05:34.661;835351545004242370;-499039;-508379;-516179;-650657;
2026-06-21T06:05:34.668;835351545011649778;-498991;-508331;-516131;-650657;
2026-06-21T06:05:34.676;835351545019057185;-498951;-508291;-516091;-650657;
2026-06-21T06:05:34.683;835351545026464593;-498919;-508259;-516059;-650657;
2026-06-21T06:05:34.691;835351545033872000;-498893;-508233;-516033;-650657;
2026-06-21T06:05:34.698;835351545041279407;-498873;-508213;-516013;-650657;
2026-06-21T06:05:34.705;835351545048686815;-498859;-508199;-515999;-650657;
2026-06-21T06:05:34.713;835351545056094222;-498850;-508190;-515990;-650657;
2026-06-21T06:05:34.720;835351545063501630;-498845;-508185;-515985;-650657;
2026-06-21T06:05:34.728;835351545070909037;-498843;-508183;-515983;-650657;
2026-06-21T06:05:34.735;835351545078316444;-498844;-508184;-515984;-650657;
2026-06-21T06:05:34.742;835351545085723852;-498847;-508187;-515987;-650657;
2026-06-21T06:05:34.750;835351545093131259;-498850;-508190;-515990;-650657;
2026-06-21T06:05:34.757;835351545100538667;-498854;-508194;-515994;-650657;
2026-06-21T06:05:34.765;835351545107946074;-498857;-508197;-515997;-650657;
2026-06-21T06:05:34.772;835351545115353481;-498859;-508199;-515999;-650657;
2026-06-21T06:05:34.779;835351545122760889;-498859;-508199;-515999;-650657;
2026-06-21T06:05:34.787;835351545130168296;-498857;-508197;-515997;-650657;
2026-06-21T06:05:34.794;835351545137575704;-498851;-508191;-515991;-650657;
2026-06-21T06:05:34.802;835351545144983111;-498842;-508182;-515982;-650657;
2026-06-21T06:05:34.809;835351545152390519;-498829;-508169;-515969;-650657;
2026-06-21T06:05:34.816;835351545159797926;-498811;-508151;-515951;-650656;
2026-06-21T06:05:34.824;835351545167205333;-498788;-508128;-515928;-650656;
2026-06-21T06:05:34.831;835351545174612741;-498761;-508101;-515901;-650656;
2026-06-21T06:05:34.839;835351545182020148;-498729;-508069;-515869;-650656;
2026-06-21T06:05:34.846;835351545189427556;-498691;-508031;-515831;-650656;
2026-06-21T06:05:34.853;835351545196834963;-498649;-507989;-515789;-650656;
2026-06-21T06:05:34.861;835351545204242370;-498602;-507942;-515742;-650656;
2026-06-21T06:05:34.868;835351545211649778;-498551;-507891;-515691;-650656;
2026-06-21T06:05:34.876;835351545219057185;-498496;-507836;-515636;-650656;
2026-06-21T06:05:34.883;835351545226464593;-498437;-507777;-515577;-650656;
2026-06-21T06:05:34.891;835351545233872000;-498376;-507716;-515516;-650656;
2026-06-21T06:05:34.898;835351545241279407;-498312;-507652;-515452;-650656;
2026-06-21T06:05:34.905;835351545248686815;-498246;-507586;-515386;-650656;
2026-06-21T06:05:34.913;835351545256094222;-498179;-507519;-515319;-650656;
2026-06-21T06:05:34.920;835351545263501630;-498113;-507453;-515253;-650656;
2026-06-21T06:05:34.928;835351545270909037;-498047;-507387;-515187;-650656;
2026-06-21T06:05:34.935;835351545278316444;-497982;-507322;-515122;-650656;
2026-06-21T06:05:34.942;835351545285723852;-497921;-507261;-515061;-650656;
2026-06-21T06:05:34.950;835351545293131259;-497862;-507202;-515002;-650656;
2026-06-21T06:05:34.957;835351545300538667;-497808;-507148;-514948;-650656;
2026-06-21T06:05:34.965;835351545307946074;-497760;-507100;-514900;-650656;
2026-06-21T06:05:34.972;835351545315353481;-497718;-507058;-514858;-650656;
2026-06-21T06:05:34.979;835351545322760889;-497683;-507023;-514823;-650656;
2026-06-21T06:05:34.987;835351545330168296;-497656;-506996;-514796;-650656;
2026-06-21T06:05:34.994;835351545337575704;-497638;-506978;-514778;-650656;
2026-06-21T06:05:35.002;835351545344983111;-497629;-506969;-514769;-650656;
2026-06-21T06:05:35.009;835351545352390519;-497631;-506971;-514771;-650656;
2026-06-21T06:05:35.016;835351545359797926;-497644;-506984;-514784;-650656;
2026-06-21T06:05:35.024;835351545367205333;-497668;-507008;-514808;-650656;
2026-06-21T06:05:35.031;835351545374612741;-497704;-507044;-514844;-650656;
2026-06-21T06:05:35.039;835351545382020148;-497753;-507093;-514893;-650656;
2026-06-21T06:05:35.046;835351545389427556;-497813;-507153;-514953;-650656;
2026-06-21T06:05:35.053;835351545396834963;-497887;-507227;-515027;-650656;
2026-06-21T06:05:35.061;835351545404242370;-497973;-507313;-515113;-650656;
2026-06-21T06:05:35.068;835351545411649778;-498071;-507411;-515211;-650656;
2026-06-21T06:05:35.076;835351545419057185;-498182;-507522;-515322;-650656;
2026-06-21T06:05:35.083;835351545426464593;-498305;-507645;-515445;-650656;
2026-06-21T06:05:35.091;835351545433872000;-498439;-507779;-515579;-650656;
2026-06-21T06:05:35.098;835351545441279407;-498585;-507925;-515725;-650656;
2026-06-21T06:05:35.105;835351545448686815;-498740;-508080;-515880;-650656;
2026-06-21T06:05:35.113;835351545456094222;-498906;-508246;-516046;-650656;
2026-06-21T06:05:35.120;835351545463501630;-499080;-508420;-516220;-650656;
2026-06-21T06:05:35.128;835351545470909037;-499262;-508602;-516402;-650656;
2026-06-21T06:05:35.135;835351545478316444;-499451;-508791;-516591;-650656;
2026-06-21T06:05:35.142;835351545485723852;-499645;-508985;-516785;-650656;
2026-06-21T06:05:35.150;835351545493131259;-499844;-509184;-516984;-650656;
2026-06-21T06:05:35.157;835351545500538667;-500047;-509387;-517187;-650656;
2026-06-21T06:05:35.165;835351545507946074;-500251;-509591;-517391;-650656;
2026-06-21T06:05:35.172;835351545515353481;-500456;-509796;-517596;-650656;
2026-06-21T06:05:35.179;835351545522760889;-500661;-510001;-517801;-650656;
2026-06-21T06:05:35.187;835351545530168296;-500864;-510204;-518004;-650656;
2026-06-21T06:05:35.194;835351545537575704;-501063;-510403;-518203;-650656;
2026-06-21T06:05:35.202;835351545544983111;-501258;-510598;-518398;-650656;
2026-06-21T06:05:35.209;835351545552390519;-501448;-510788;-518588;-650656;
2026-06-21T06:05:35.216;835351545559797926;-501630;-510970;-518770;-650656;
2026-06-21T06:05:35.224;835351545567205333;-501804;-511144;-518944;-650656;
2026-06-21T06:05:35.231;835351545574612741;-501968;-511308;-519108;-650656;
2026-06-21T06:05:35.239;835351545582020148;-502122;-511462;-519262;-650656;
2026-06-21T06:05:35.246;835351545589427556;-502264;-511604;-519404;-650656;
2026-06-21T06:05:35.253;835351545596834963;-502394;-511734;-519534;-650656;
2026-06-21T06:05:35.261;835351545604242370;-502511;-511851;-519651;-650656;
2026-06-21T06:05:35.268;835351545611649778;-502614;-511954;-519754;-650656;
2026-06-21T06:05:35.276;835351545619057185;-502702;-512042;-519842;-650656;
2026-06-21T06:05:35.283;835351545626464593;-502775;-512115;-519915;-650656;
2026-06-21T06:05:35.291;835351545633872000;-502832;-512172;-519972;-650656;
2026-06-21T06:05:35.298;835351545641279407;-502874;-512214;-520014;-650656;
2026-06-21T06:05:35.305;835351545648686815;-502900;-512240;-520040;-650656;
2026-06-21T06:05:35.313;835351545656094222;-502910;-512250;-520050;-650656;
2026-06-21T06:05:35.320;835351545663501630;-502904;-512244;-520044;-650656;
2026-06-21T06:05:35.328;835351545670909037;-502883;-512223;-520023;-650656;
2026-06-21T06:05:35.335;835351545678316444;-502847;-512187;-519987;-650655;
2026-06-21T06:05:35.342;835351545685723852;-502795;-512135;-519935;-650655;
2026-06-21T06:05:35.350;835351545693131259;-502730;-512070;-519870;-650655;
2026-06-21T06:05:35.357;835351545700538667;-502651;-511991;-519791;-650655;
2026-06-21T06:05:35.365;835351545707946074;-502560;-511900;-519700;-650655;
2026-06-21T06:05:35.372;835351545715353481;-502457;-511797;-519597;-650655;
2026-06-21T06:05:35.379;835351545722760889;-502342;-511682;-519482;-650655;
2026-06-21T06:05:35.387;835351545730168296;-502218;-511558;-519358;-650655;
2026-06-21T06:05:35.394;835351545737575704;-502085;-511425;-519225;-650655;
2026-06-21T06:05:35.402;835351545744983111;-501945;-511285;-519085;-650655;
2026-06-21T06:05:35.409;835351545752390519;-501798;-511138;-518938;-650655;
2026-06-21T06:05:35.416;835351545759797926;-501645;-510985;-518785;-650655;
2026-06-21T06:05:35.424;835351545767205333;-501488;-510828;-518628;-650655;
2026-06-21T06:05:35.431;835351545774612741;-501329;-510669;-518469;-650655;
2026-06-21T06:05:35.439;835351545782020148;-501167;-510507;-518307;-650655;
2026-06-21T06:05:35.446;835351545789427556;-501005;-510345;-518145;-650655;
2026-06-21T06:05:35.453;835351545796834963;-500844;-510184;-517984;-650655;
2026-06-21T06:05:35.461;835351545804242370;-500684;-510024;-517824;-650655;
2026-06-21T06:05:35.468;835351545811649778;-500527;-509867;-517667;-650655;
2026-06-21T06:05:35.476;835351545819057185;-500374;-509714;-517514;-650655;
2026-06-21T06:05:35.483;835351545826464593;-500226;-509566;-517366;-650655;
2026-06-21T06:05:35.491;835351545833872000;-500083;-509423;-517223;-650655;
2026-06-21T06:05:35.498;835351545841279407;-499946;-509286;-517086;-650655;
2026-06-21T06:05:35.505;835351545848686815;-499816;-509156;-516956;-650655;
2026-06-21T06:05:35.513;835351545856094222;-499694;-509034;-516834;-650655;
2026-06-21T06:05:35.520;835351545863501630;-499579;-508919;-516719;-650655;
2026-06-21T06:05:35.528;835351545870909037;-499473;-508813;-516613;-650655;
2026-06-21T06:05:35.535;835351545878316444;-499376;-508716;-516516;-650655;
2026-06-21T06:05:35.542;835351545885723852;-499287;-508627;-516427;-650655;
2026-06-21T06:05:35.550;835351545893131259;-499208;-508548;-516348;-650655;
2026-06-21T06:05:35.557;835351545900538667;-499137;-508477;-516277;-650655;
2026-06-21T06:05:35.565;835351545907946074;-499075;-508415;-516215;-650655;
2026-06-21T06:05:35.572;835351545915353481;-499021;-508361;-516161;-650655;
2026-06-21T06:05:35.579;835351545922760889;-498976;-508316;-516116;-650655;
2026-06-21T06:05:35.587;835351545930168296;-498938;-508278;-516078;-650655;
2026-06-21T06:05:35.594;835351545937575704;-498908;-508248;-516048;-650655;
2026-06-21T06:05:35.602;835351545944983111;-498884;-508224;-516024;-650655;
2026-06-21T06:05:35.609;835351545952390519;-498866;-508206;-516006;-650655;
2026-06-21T06:05:35.616;835351545959797926;-498854;-508194;-515994;-650655;
2026-06-21T06:05:35.624;835351545967205333;-498846;-508186;-515986;-650655;
2026-06-21T06:05:35.631;835351545974612741;-498842;-508182;-515982;-650655;
2026-06-21T06:05:35.639;835351545982020148;-498841;-508181;-515981;-650655;
2026-06-21T06:05:35.646;835351545989427556;-498843;-508183;-515983;-650655;
2026-06-21T06:05:35.653;835351545996834963;-498846;-508186;-515986;-650655;
2026-06-21T06:05:35.661;835351546004242370;-498850;-508190;-515990;-650655;
2026-06-21T06:05:35.668;835351546011649778;-498854;-508194;-515994;-650655;
2026-06-21T06:05:35.676;835351546019057185;-498856;-508196;-515996;-650655;
2026-06-21T06:05:35.683;835351546026464593;-498858;-508198;-515998;-650655;
2026-06-21T06:05:35.691;835351546033872000;-498857;-508197;-515997;-650655;
2026-06-21T06:05:35.698;835351546041279407;-498853;-508193;-515993;-650655;
2026-06-21T06:05:35.705;835351546048686815;-498846;-508186;-515986;-650655;
2026-06-21T06:05:35.713;835351546056094222;-498835;-508175;-515975;-650655;
2026-06-21T06:05:35.720;835351546063501630;-498820;-508160;-515960;-650655;
2026-06-21T06:05:35.728;835351546070909037;-498800;-508140;-515940;-650655;
2026-06-21T06:05:35.735;835351546078316444;-498776;-508116;-515916;-650655;
2026-06-21T06:05:35.742;835351546085723852;-498746;-508086;-515886;-650655;
2026-06-21T06:05:35.750;835351546093131259;-498711;-508051;-515851;-650655;
2026-06-21T06:05:35.757;835351546100538667;-498672;-508012;-515812;-650655;
2026-06-21T06:05:35.765;835351546107946074;-498627;-507967;-515767;-650655;
2026-06-21T06:05:35.772;835351546115353481;-498579;-507919;-515719;-650655;
2026-06-21T06:05:35.779;835351546122760889;-498525;-507865;-515665;-650655;
2026-06-21T06:05:35.787;835351546130168296;-498468;-507808;-515608;-650655;
2026-06-21T06:05:35.794;835351546137575704;-498408;-507748;-515548;-650655;
2026-06-21T06:05:35.802;835351546144983111;-498345;-507685;-515485;-650655;
2026-06-21T06:05:35.809;835351546152390519;-498280;-507620;-515420;-650655;
2026-06-21T06:05:35.816;835351546159797926;-498213;-507553;-515353;-650655;
2026-06-21T06:05:35.824;835351546167205333;-498146;-507486;-515286;-650655;
2026-06-21T06:05:35.831;835351546174612741;-498079;-507419;-515219;-650655;
2026-06-21T06:05:35.839;835351546182020148;-498014;-507354;-515154;-650655;
2026-06-21T06:05:35.846;835351546189427556;-497950;-507290;-515090;-650655;
2026-06-21T06:05:35.853;835351546196834963;-497890;-507230;-515030;-650655;
2026-06-21T06:05:35.861;835351546204242370;-497833;-507173;-514973;-650655;
2026-06-21T06:05:35.868;835351546211649778;-497782;-507122;-514922;-650655;
2026-06-21T06:05:35.876;835351546219057185;-497736;-507076;-514876;-650655;
2026-06-21T06:05:35.883;835351546226464593;-497697;-507037;-514837;-650655;
2026-06-21T06:05:35.891;835351546233872000;-497666;-507006;-514806;-650655;
2026-06-21T06:05:35.898;835351546241279407;-497643;-506983;-514783;-650655;
2026-06-21T06:05:35.905;835351546248686815;-497629;-506969;-514769;-650654;
2026-06-21T06:05:35.913;835351546256094222;-497626;-506966;-514766;-650654;
2026-06-21T06:05:35.920;835351546263501630;-497633;-506973;-514773;-650654;
2026-06-21T06:05:35.928;835351546270909037;-497652;-506992;-514792;-650654;
2026-06-21T06:05:35.935;835351546278316444;-497682;-507022;-514822;-650654;
2026-06-21T06:05:35.942;835351546285723852;-497724;-507064;-514864;-650654;
2026-06-21T06:05:35.950;835351546293131259;-497779;-507119;-514919;-650654;
2026-06-21T06:05:35.957;835351546300538667;-497847;-507187;-514987;-650654;
2026-06-21T06:05:35.965;835351546307946074;-497927;-507267;-515067;-650654;
2026-06-21T06:05:35.972;835351546315353481;-498020;-507360;-515160;-650654;
2026-06-21T06:05:35.979;835351546322760889;-498126;-507466;-515266;-650654;
2026-06-21T06:05:35.987;835351546330168296;-498243;-507583;-515383;-650654;
2026-06-21T06:05:35.994;835351546337575704;-498373;-507713;-515513;-650654;
2026-06-21T06:05:36.002;835351546344983111;-498514;-507854;-515654;-650654;
2026-06-21T06:05:36.009;835351546352390519;-498665;-508005;-515805;-650654;
2026-06-21T06:05:36.016;835351546359797926;-498827;-508167;-515967;-650654;
2026-06-21T06:05:36.024;835351546367205333;-498998;-508338;-516138;-650654;
2026-06-21T06:05:36.031;835351546374612741;-499177;-508517;-516317;-650654;
2026-06-21T06:05:36.039;835351546382020148;-499364;-508704;-516504;-650654;
2026-06-21T06:05:36.046;835351546389427556;-499557;-508897;-516697;-650654;
2026-06-21T06:05:36.053;835351546396834963;-499755;-509095;-516895;-650654;
2026-06-21T06:05:36.061;835351546404242370;-499956;-509296;-517096;-650654;
2026-06-21T06:05:36.068;835351546411649778;-500161;-509501;-517301;-650654;
2026-06-21T06:05:36.076;835351546419057185;-500367;-509707;-517507;-650654;
2026-06-21T06:05:36.083;835351546426464593;-500572;-509912;-517712;-650654;
2026-06-21T06:05:36.091;835351546433872000;-500777;-510117;-517917;-650654;
2026-06-21T06:05:36.098;835351546441279407;-500979;-510319;-518119;-650654;
2026-06-21T06:05:36.105;835351546448686815;-501176;-510516;-518316;-650654;
2026-06-21T06:05:36.113;835351546456094222;-501369;-510709;-518509;-650654;
2026-06-21T06:05:36.120;835351546463501630;-501554;-510894;-518694;-650654;
2026-06-21T06:05:36.128;835351546470909037;-501732;-511072;-518872;-650654;
2026-06-21T06:05:36.135;835351546478316444;-501901;-511241;-519041;-650654;
2026-06-21T06:05:36.142;835351546485723852;-502060;-511400;-519200;-650654;
2026-06-21T06:05:36.150;835351546493131259;-502207;-511547;-519347;-650654;
2026-06-21T06:05:36.157;835351546500538667;-502342;-511682;-519482;-650654;
2026-06-21T06:05:36.165;835351546507946074;-502465;-511805;-519605;-650654;
2026-06-21T06:05:36.172;835351546515353481;-502573;-511913;-519713;-650654;
2026-06-21T06:05:36.179;835351546522760889;-502667;-512007;-519807;-650654;
2026-06-21T06:05:36.187;835351546530168296;-502745;-512085;-519885;-650654;
2026-06-21T06:05:36.194;835351546537575704;-502809;-512149;-519949;-650654;
2026-06-21T06:05:36.202;835351546544983111;-502856;-512196;-519996;-650654;
2026-06-21T06:05:36.209;835351546552390519;-502888;-512228;-520028;-650654;
2026-06-21T06:05:36.216;835351546559797926;-502904;-512244;-520044;-650654;
2026-06-21T06:05:36.224;835351546567205333;-502903;-512243;-520043;-650654;
2026-06-21T06:05:36.231;835351546574612741;-502887;-512227;-520027;-650654;
2026-06-21T06:05:36.239;835351546582020148;-502856;-512196;-519996;-650654;
2026-06-21T06:05:36.246;835351546589427556;-502809;-512149;-519949;-650654;
2026-06-21T06:05:36.253;835351546596834963;-502748;-512088;-519888;-650654;
2026-06-21T06:05:36.261;835351546604242370;-502673;-512013;-519813;-650654;
2026-06-21T06:05:36.268;835351546611649778;-502585;-511925;-519725;-650654;
2026-06-21T06:05:36.276;835351546619057185;-502485;-511825;-519625;-650654;
2026-06-21T06:05:36.283;835351546626464593;-502374;-511714;-519514;-650654;
2026-06-21T06:05:36.291;835351546633872000;-502253;-511593;-519393;-650654;
2026-06-21T06:05:36.298;835351546641279407;-502122;-511462;-519262;-650654;
2026-06-21T06:05:36.305;835351546648686815;-501983;-511323;-519123;-650654;
2026-06-21T06:05:36.313;835351546656094222;-501837;-511177;-518977;-650654;
2026-06-21T06:05:36.320;835351546663501630;-501685;-511025;-518825;-650654;
2026-06-21T06:05:36.328;835351546670909037;-501529;-510869;-518669;-650654;
2026-06-21T06:05:36.335;835351546678316444;-501370;-510710;-518510;-650654;
2026-06-21T06:05:36.342;835351546685723852;-501208;-510548;-518348;-650654;
2026-06-21T06:05:36.350;835351546693131259;-501046;-510386;-518186;-650654;
2026-06-21T06:05:36.357;835351546700538667;-500883;-510223;-518023;-650654;
2026-06-21T06:05:36.365;835351546707946074;-500722;-510062;-517862;-650654;
2026-06-21T06:05:36.372;835351546715353481;-500564;-509904;-517704;-650654;
2026-06-21T06:05:36.379;835351546722760889;-500409;-509749;-517549;-650654;
2026-06-21T06:05:36.387;835351546730168296;-500259;-509599;-517399;-650654;
2026-06-21T06:05:36.394;835351546737575704;-500113;-509453;-517253;-650654;
2026-06-21T06:05:36.402;835351546744983111;-499974;-509314;-517114;-650654;
2026-06-21T06:05:36.409;835351546752390519;-499842;-509182;-516982;-650654;
2026-06-21T06:05:36.416;835351546759797926;-499717;-509057;-516857;-650654;
2026-06-21T06:05:36.424;835351546767205333;-499601;-508941;-516741;-650654;
2026-06-21T06:05:36.431;835351546774612741;-499492;-508832;-516632;-650654;
2026-06-21T06:05:36.439;835351546782020148;-499392;-508732;-516532;-650654;
2026-06-21T06:05:36.446;835351546789427556;-499301;-508641;-516441;-650654;
2026-06-21T06:05:36.453;835351546796834963;-499219;-508559;-516359;-650654;
2026-06-21T06:05:36.461;835351546804242370;-499146;-508486;-516286;-650654;
2026-06-21T06:05:36.468;835351546811649778;-499082;-508422;-516222;-650654;
2026-06-21T06:05:36.476;835351546819057185;-499026;-508366;-516166;-650654;
2026-06-21T06:05:36.483;835351546826464593;-498979;-508319;-516119;-650654;
2026-06-21T06:05:36.491;835351546833872000;-498939;-508279;-516079;-650654;
2026-06-21T06:05:36.498;835351546841279407;-498907;-508247;-516047;-650654;
2026-06-21T06:05:36.505;835351546848686815;-498882;-508222;-516022;-650654;
2026-06-21T06:05:36.513;835351546856094222;-498863;-508203;-516003;-650654;
2026-06-21T06:05:36.520;835351546863501630;-498849;-508189;-515989;-650654;
2026-06-21T06:05:36.528;835351546870909037;-498841;-508181;-515981;-650654;
2026-06-21T06:05:36.535;835351546878316444;-498836;-508176;-515976;-650653;
2026-06-21T06:05:36.542;835351546885723852;-498835;-508175;-515975;-650653;
2026-06-21T06:05:36.550;835351546893131259;-498836;-508176;-515976;-650653;
2026-06-21T06:05:36.557;835351546900538667;-498839;-508179;-515979;-650653;
2026-06-21T06:05:36.565;835351546907946074;-498842;-508182;-515982;-650653;
2026-06-21T06:05:36.572;835351546915353481;-498846;-508186;-515986;-650653;
2026-06-21T06:05:36.579;835351546922760889;-498849;-508189;-515989;-650653;
2026-06-21T06:05:36.587;835351546930168296;-498851;-508191;-515991;-650653;
2026-06-21T06:05:36.594;835351546937575704;-498850;-508190;-515990;-650653;
2026-06-21T06:05:36.602;835351546944983111;-498847;-508187;-515987;-650653;
2026-06-21T06:05:36.609;835351546952390519;-498840;-508180;-515980;-650653;
2026-06-21T06:05:36.616;835351546959797926;-498830;-508170;-515970;-650653;
2026-06-21T06:05:36.624;835351546967205333;-498815;-508155;-515955;-650653;
2026-06-21T06:05:36.631;835351546974612741;-498796;-508136;-515936;-650653;
2026-06-21T06:05:36.639;835351546982020148;-498772;-508112;-515912;-650653;
2026-06-21T06:05:36.646;835351546989427556;-498743;-508083;-515883;-650653;
2026-06-21T06:05:36.653;835351546996834963;-498709;-508049;-515849;-650653;
2026-06-21T06:05:36.661;835351547004242370;-498670;-508010;-515810;-650653;
2026-06-21T06:05:36.668;835351547011649778;-498626;-507966;-515766;-650653;
2026-06-21T06:05:36.676;835351547019057185;-498578;-507918;-515718;-650653;
2026-06-21T06:05:36.683;835351547026464593;-498525;-507865;-515665;-650653;
2026-06-21T06:05:36.691;835351547033872000;-498468;-507808;-515608;-650653;
2026-06-21T06:05:36.698;835351547041279407;-498408;-507748;-515548;-650653;
2026-06-21T06:05:36.705;835351547048686815;-498345;-507685;-515485;-650653;
2026-06-21T06:05:36.713;835351547056094222;-498279;-507619;-515419;-650653;
2026-06-21T06:05:36.720;835351547063501630;-498213;-507553;-515353;-650653;
2026-06-21T06:05:36.728;835351547070909037;-498145;-507485;-515285;-650653;
2026-06-21T06:05:36.735;835351547078316444;-498078;-507418;-515218;-650653;
2026-06-21T06:05:36.742;835351547085723852;-498012;-507352;-515152;-650653;
2026-06-21T06:05:36.750;835351547093131259;-497948;-507288;-515088;-650653;
2026-06-21T06:05:36.757;835351547100538667;-497887;-507227;-515027;-650653;
2026-06-21T06:05:36.765;835351547107946074;-497830;-507170;-514970;-650653;
2026-06-21T06:05:36.772;835351547115353481;-497778;-507118;-514918;-650653;
2026-06-21T06:05:36.779;835351547122760889;-497731;-507071;-514871;-650653;
2026-06-21T06:05:36.787;835351547130168296;-497692;-507032;-514832;-650653;
2026-06-21T06:05:36.794;835351547137575704;-497660;-507000;-514800;-650653;
2026-06-21T06:05:36.802;835351547144983111;-497636;-506976;-514776;-650653;
2026-06-21T06:05:36.809;835351547152390519;-497622;-506962;-514762;-650653;
2026-06-21T06:05:36.816;835351547159797926;-497618;-506958;-514758;-650653;
2026-06-21T06:05:36.824;835351547167205333;-497624;-506964;-514764;-650653;
2026-06-21T06:05:36.831;835351547174612741;-497642;-506982;-514782;-650653;
2026-06-21T06:05:36.839;835351547182020148;-497672;-507012;-514812;-650653;
2026-06-21T06:05:36.846;835351547189427556;-497714;-507054;-514854;-650653;
2026-06-21T06:05:36.853;835351547196834963;-497768;-507108;-514908;-650653;
2026-06-21T06:05:36.861;835351547204242370;-497836;-507176;-514976;-650653;
2026-06-21T06:05:36.868;835351547211649778;-497916;-507256;-515056;-650653;
2026-06-21T06:05:36.876;835351547219057185;-498008;-507348;-515148;-650653;
2026-06-21T06:05:36.883;835351547226464593;-498114;-507454;-515254;-650653;
2026-06-21T06:05:36.891;835351547233872000;-498231;-507571;-515371;-650653;
2026-06-21T06:05:36.898;835351547241279407;-498361;-507701;-515501;-650653;
2026-06-21T06:05:36.905;835351547248686815;-498502;-507842;-515642;-650653;
2026-06-21T06:05:36.913;835351547256094222;-498654;-507994;-515794;-650653;
2026-06-21T06:05:36.920;835351547263501630;-498816;-508156;-515956;-650653;
2026-06-21T06:05:36.928;835351547270909037;-498988;-508328;-516128;-650653;
2026-06-21T06:05:36.935;835351547278316444;-499167;-508507;-516307;-650653;
2026-06-21T06:05:36.942;835351547285723852;-499355;-508695;-516495;-650653;
2026-06-21T06:05:36.950;835351547293131259;-499548;-508888;-516688;-650653;
2026-06-21T06:05:36.957;835351547300538667;-499747;-509087;-516887;-650653;
2026-06-21T06:05:36.965;835351547307946074;-499949;-509289;-517089;-650653;
2026-06-21T06:05:36.972;835351547315353481;-500154;-509494;-517294;-650653;
2026-06-21T06:05:36.979;835351547322760889;-500361;-509701;-517501;-650653;
2026-06-21T06:05:36.987;835351547330168296;-500567;-509907;-517707;-650653;
2026-06-21T06:05:36.994;835351547337575704;-500772;-510112;-517912;-650653;
2026-06-21T06:05:37.002;835351547344983111;-500974;-510314;-518114;-650653;
2026-06-21T06:05:37.009;835351547352390519;-501173;-510513;-518313;-650653;
2026-06-21T06:05:37.016;835351547359797926;-501365;-510705;-518505;-650653;
2026-06-21T06:05:37.024;835351547367205333;-501552;-510892;-518692;-650653;
2026-06-21T06:05:37.031;835351547374612741;-501730;-511070;-518870;-650653;
2026-06-21T06:05:37.039;835351547382020148;-501899;-511239;-519039;-650653;
2026-06-21T06:05:37.046;835351547389427556;-502057;-511397;-519197;-650653;
2026-06-21T06:05:37.053;835351547396834963;-502205;-511545;-519345;-650653;
2026-06-21T06:05:37.061;835351547404242370;-502340;-511680;-519480;-650653;
2026-06-21T06:05:37.068;835351547411649778;-502461;-511801;-519601;-650653;
2026-06-21T06:05:37.076;835351547419057185;-502569;-511909;-519709;-650653;
2026-06-21T06:05:37.083;835351547426464593;-502662;-512002;-519802;-650653;
2026-06-21T06:05:37.091;835351547433872000;-502740;-512080;-519880;-650653;
2026-06-21T06:05:37.098;835351547441279407;-502803;-512143;-519943;-650653;
2026-06-21T06:05:37.105;835351547448686815;-502849;-512189;-519989;-650653;
2026-06-21T06:05:37.113;835351547456094222;-502880;-512220;-520020;-650653;
2026-06-21T06:05:37.120;835351547463501630;-502894;-512234;-520034;-650653;
2026-06-21T06:05:37.128;835351547470909037;-502893;-512233;-520033;-650653;
2026-06-21T06:05:37.135;835351547478316444;-502875;-512215;-520015;-650653;
2026-06-21T06:05:37.142;835351547485723852;-502842;-512182;-519982;-650653;
2026-06-21T06:05:37.150;835351547493131259;-502794;-512134;-519934;-650653;
2026-06-21T06:05:37.157;835351547500538667;-502732;-512072;-519872;-650653;
2026-06-21T06:05:37.165;835351547507946074;-502655;-511995;-519795;-650653;
2026-06-21T06:05:37.172;835351547515353481;-502566;-511906;-519706;-650653;
2026-06-21T06:05:37.179;835351547522760889;-502464;-511804;-519604;-650653;
2026-06-21T06:05:37.187;835351547530168296;-502351;-511691;-519491;-650653;
2026-06-21T06:05:37.194;835351547537575704;-502228;-511568;-519368;-650653;
2026-06-21T06:05:37.202;835351547544983111;-502096;-511436;-519236;-650653;
2026-06-21T06:05:37.209;835351547552390519;-501956;-511296;-519096;-650653;
2026-06-21T06:05:37.216;835351547559797926;-501809;-511149;-518949;-650653;
2026-06-21T06:05:37.224;835351547567205333;-501656;-510996;-518796;-650653;
2026-06-21T06:05:37.231;835351547574612741;-501499;-510839;-518639;-650653;
2026-06-21T06:05:37.239;835351547582020148;-501338;-510678;-518478;-650653;
2026-06-21T06:05:37.246;835351547589427556;-501176;-510516;-518316;-650653;
2026-06-21T06:05:37.253;835351547596834963;-501013;-510353;-518153;-650653;
2026-06-21T06:05:37.261;835351547604242370;-500850;-510190;-517990;-650652;
2026-06-21T06:05:37.268;835351547611649778;-500689;-510029;-517829;-650652;
2026-06-21T06:05:37.276;835351547619057185;-500530;-509870;-517670;-650652;
2026-06-21T06:05:37.283;835351547626464593;-500375;-509715;-517515;-650652;
2026-06-21T06:05:37.291;835351547633872000;-500225;-509565;-517365;-650652;
2026-06-21T06:05:37.298;835351547641279407;-500080;-509420;-517220;-650652;
2026-06-21T06:05:37.305;835351547648686815;-499942;-509282;-517082;-650652;
2026-06-21T06:05:37.313;835351547656094222;-499810;-509150;-516950;-650652;
2026-06-21T06:05:37.320;835351547663501630;-499687;-509027;-516827;-650652;
2026-06-21T06:05:37.328;835351547670909037;-499571;-508911;-516711;-650652;
2026-06-21T06:05:37.335;835351547678316444;-499463;-508803;-516603;-650652;
2026-06-21T06:05:37.342;835351547685723852;-499365;-508705;-516505;-650652;
2026-06-21T06:05:37.350;835351547693131259;-499275;-508615;-516415;-650652;
2026-06-21T06:05:37.357;835351547700538667;-499194;-508534;-516334;-650652;
2026-06-21T06:05:37.365;835351547707946074;-499122;-508462;-516262;-650652;
2026-06-21T06:05:37.372;835351547715353481;-499060;-508400;-516200;-650652;
2026-06-21T06:05:37.379;835351547722760889;-499005;-508345;-516145;-650652;
2026-06-21T06:05:37.387;835351547730168296;-498959;-508299;-516099;-650652;
2026-06-21T06:05:37.394;835351547737575704;-498921;-508261;-516061;-650652;
2026-06-21T06:05:37.402;835351547744983111;-498890;-508230;-516030;-650652;
2026-06-21T06:05:37.409;835351547752390519;-498866;-508206;-516006;-650652;
2026-06-21T06:05:37.416;835351547759797926;-498848;-508188;-515988;-650652;
2026-06-21T06:05:37.424;835351547767205333;-498836;-508176;-515976;-650652;
2026-06-21T06:05:37.431;835351547774612741;-498828;-508168;-515968;-650652;
2026-06-21T06:05:37.439;835351547782020148;-498824;-508164;-515964;-650652;
2026-06-21T06:05:37.446;835351547789427556;-498823;-508163;-515963;-650652;
2026-06-21T06:05:37.453;835351547796834963;-498825;-508165;-515965;-650652;
2026-06-21T06:05:37.461;835351547804242370;-498828;-508168;-515968;-650652;
2026-06-21T06:05:37.468;835351547811649778;-498832;-508172;-515972;-650652;
2026-06-21T06:05:37.476;835351547819057185;-498835;-508175;-515975;-650652;
2026-06-21T06:05:37.483;835351547826464593;-498838;-508178;-515978;-650652;
2026-06-21T06:05:37.491;835351547833872000;-498839;-508179;-515979;-650652;
2026-06-21T06:05:37.498;835351547841279407;-498838;-508178;-515978;-650652;
2026-06-21T06:05:37.505;835351547848686815;-498834;-508174;-515974;-650652;
2026-06-21T06:05:37.513;835351547856094222;-498826;-508166;-515966;-650652;
2026-06-21T06:05:37.520;835351547863501630;-498815;-508155;-515955;-650652;
2026-06-21T06:05:37.528;835351547870909037;-498799;-508139;-515939;-650652;
2026-06-21T06:05:37.535;835351547878316444;-498779;-508119;-515919;-650652;
2026-06-21T06:05:37.542;835351547885723852;-498753;-508093;-515893;-650652;
2026-06-21T06:05:37.550;835351547893131259;-498723;-508063;-515863;-650652;
2026-06-21T06:05:37.557;835351547900538667;-498687;-508027;-515827;-650652;
2026-06-21T06:05:37.565;835351547907946074;-498646;-507986;-515786;-650652;
2026-06-21T06:05:37.572;835351547915353481;-498601;-507941;-515741;-650652;
2026-06-21T06:05:37.579;835351547922760889;-498551;-507891;-515691;-650652;
2026-06-21T06:05:37.587;835351547930168296;-498497;-507837;-515637;-650652;
2026-06-21T06:05:37.594;835351547937575704;-498439;-507779;-515579;-650652;
2026-06-21T06:05:37.602;835351547944983111;-498377;-507717;-515517;-650652;
2026-06-21T06:05:37.609;835351547952390519;-498313;-507653;-515453;-650652;
2026-06-21T06:05:37.616;835351547959797926;-498247;-507587;-515387;-650652;
2026-06-21T06:05:37.624;835351547967205333;-498180;-507520;-515320;-650652;
2026-06-21T06:05:37.631;835351547974612741;-498113;-507453;-515253;-650652;
2026-06-21T06:05:37.639;835351547982020148;-498045;-507385;-515185;-650652;
2026-06-21T06:05:37.646;835351547989427556;-497980;-507320;-515120;-650652;
2026-06-21T06:05:37.653;835351547996834963;-497916;-507256;-515056;-650652;
2026-06-21T06:05:37.661;835351548004242370;-497856;-507196;-514996;-650652;
2026-06-21T06:05:37.668;835351548011649778;-497800;-507140;-514940;-650652;
2026-06-21T06:05:37.676;835351548019057185;-497749;-507089;-514889;-650652;
2026-06-21T06:05:37.683;835351548026464593;-497705;-507045;-514845;-650652;
2026-06-21T06:05:37.691;835351548033872000;-497667;-507007;-514807;-650652;
2026-06-21T06:05:37.698;835351548041279407;-497638;-506978;-514778;-650652;
2026-06-21T06:05:37.705;835351548048686815;-497617;-506957;-514757;-650652;
2026-06-21T06:05:37.713;835351548056094222;-497606;-506946;-514746;-650652;
2026-06-21T06:05:37.720;835351548063501630;-497606;-506946;-514746;-650652;
2026-06-21T06:05:37.728;835351548070909037;-497616;-506956;-514756;-650652;
2026-06-21T06:05:37.735;835351548078316444;-497638;-506978;-514778;-650652;
2026-06-21T06:05:37.742;835351548085723852;-497672;-507012;-514812;-650652;
2026-06-21T06:05:37.750;835351548093131259;-497719;-507059;-514859;-650652;
2026-06-21T06:05:37.757;835351548100538667;-497778;-507118;-514918;-650652;
2026-06-21T06:05:37.765;835351548107946074;-497850;-507190;-514990;-650652;
2026-06-21T06:05:37.772;835351548115353481;-497935;-507275;-515075;-650652;
2026-06-21T06:05:37.779;835351548122760889;-498032;-507372;-515172;-650652;
2026-06-21T06:05:37.787;835351548130168296;-498142;-507482;-515282;-650652;
2026-06-21T06:05:37.794;835351548137575704;-498265;-507605;-515405;-650652;
2026-06-21T06:05:37.802;835351548144983111;-498399;-507739;-515539;-650652;
2026-06-21T06:05:37.809;835351548152390519;-498545;-507885;-515685;-650652;
2026-06-21T06:05:37.816;835351548159797926;-498701;-508041;-515841;-650652;
2026-06-21T06:05:37.824;835351548167205333;-498868;-508208;-516008;-650652;
2026-06-21T06:05:37.831;835351548174612741;-499043;-508383;-516183;-650652;
2026-06-21T06:05:37.839;835351548182020148;-499226;-508566;-516366;-650652;
2026-06-21T06:05:37.846;835351548189427556;-499416;-508756;-516556;-650652;
2026-06-21T06:05:37.853;835351548196834963;-499612;-508952;-516752;-650652;
2026-06-21T06:05:37.861;835351548204242370;-499813;-509153;-516953;-650652;
2026-06-21T06:05:37.868;835351548211649778;-500018;-509358;-517158;-650652;
2026-06-21T06:05:37.876;835351548219057185;-500224;-509564;-517364;-650652;
2026-06-21T06:05:37.883;835351548226464593;-500431;-509771;-517571;-650652;
2026-06-21T06:05:37.891;835351548233872000;-500638;-509978;-517778;-650652;
2026-06-21T06:05:37.898;835351548241279407;-500842;-510182;-517982;-650652;
2026-06-21T06:05:37.905;835351548248686815;-501044;-510384;-518184;-650652;
2026-06-21T06:05:37.913;835351548256094222;-501241;-510581;-518381;-650652;
2026-06-21T06:05:37.920;835351548263501630;-501431;-510771;-518571;-650652;
2026-06-21T06:05:37.928;835351548270909037;-501615;-510955;-518755;-650652;
2026-06-21T06:05:37.935;835351548278316444;-501789;-511129;-518929;-650652;
2026-06-21T06:05:37.942;835351548285723852;-501955;-511295;-519095;-650652;
2026-06-21T06:05:37.950;835351548293131259;-502109;-511449;-519249;-650652;
2026-06-21T06:05:37.957;835351548300538667;-502251;-511591;-519391;-650652;
2026-06-21T06:05:37.965;835351548307946074;-502381;-511721;-519521;-650652;
2026-06-21T06:05:37.972;835351548315353481;-502497;-511837;-519637;-650652;
2026-06-21T06:05:37.979;835351548322760889;-502599;-511939;-519739;-650652;
2026-06-21T06:05:37.987;835351548330168296;-502685;-512025;-519825;-650652;
2026-06-21T06:05:37.994;835351548337575704;-502756;-512096;-519896;-650652;
2026-06-21T06:05:38.002;835351548344983111;-502812;-512152;-519952;-650652;
2026-06-21T06:05:38.009;835351548352390519;-502851;-512191;-519991;-650652;
2026-06-21T06:05:38.016;835351548359797926;-502874;-512214;-520014;-650652;
2026-06-21T06:05:38.024;835351548367205333;-502881;-512221;-520021;-650652;
2026-06-21T06:05:38.031;835351548374612741;-502872;-512212;-520012;-650652;
2026-06-21T06:05:38.039;835351548382020148;-502847;-512187;-519987;-650652;
2026-06-21T06:05:38.046;835351548389427556;-502807;-512147;-519947;-650652;
2026-06-21T06:05:38.053;835351548396834963;-502751;-512091;-519891;-650652;
2026-06-21T06:05:38.061;835351548404242370;-502682;-512022;-519822;-650652;
2026-06-21T06:05:38.068;835351548411649778;-502599;-511939;-519739;-650652;
2026-06-21T06:05:38.076;835351548419057185;-502503;-511843;-519643;-650652;
2026-06-21T06:05:38.083;835351548426464593;-502396;-511736;-519536;-650652;
2026-06-21T06:05:38.091;835351548433872000;-502277;-511617;-519417;-650652;
2026-06-21T06:05:38.098;835351548441279407;-502149;-511489;-519289;-650652;
2026-06-21T06:05:38.105;835351548448686815;-502012;-511352;-519152;-650652;
2026-06-21T06:05:38.113;835351548456094222;-501868;-511208;-519008;-650652;
2026-06-21T06:05:38.120;835351548463501630;-501717;-511057;-518857;-650652;
2026-06-21T06:05:38.128;835351548470909037;-501561;-510901;-518701;-650652;
2026-06-21T06:05:38.135;835351548478316444;-501402;-510742;-518542;-650652;
2026-06-21T06:05:38.142;835351548485723852;-501240;-510580;-518380;-650652;
2026-06-21T06:05:38.150;835351548493131259;-501076;-510416;-518216;-650651;
2026-06-21T06:05:38.157;835351548500538667;-500913;-510253;-518053;-650651;
2026-06-21T06:05:38.165;835351548507946074;-500750;-510090;-517890;-650651;
2026-06-21T06:05:38.172;835351548515353481;-500590;-509930;-517730;-650651;
2026-06-21T06:05:38.179;835351548522760889;-500433;-509773;-517573;-650651;
2026-06-21T06:05:38.187;835351548530168296;-500280;-509620;-517420;-650651;
2026-06-21T06:05:38.194;835351548537575704;-500132;-509472;-517272;-650651;
2026-06-21T06:05:38.202;835351548544983111;-499990;-509330;-517130;-650651;
2026-06-21T06:05:38.209;835351548552390519;-499855;-509195;-516995;-650651;
2026-06-21T06:05:38.216;835351548559797926;-499727;-509067;-516867;-650651;
2026-06-21T06:05:38.224;835351548567205333;-499607;-508947;-516747;-650651;
2026-06-21T06:05:38.231;835351548574612741;-499495;-508835;-516635;-650651;
2026-06-21T06:05:38.239;835351548582020148;-499392;-508732;-516532;-650651;
2026-06-21T06:05:38.246;835351548589427556;-499298;-508638;-516438;-650651;
2026-06-21T06:05:38.253;835351548596834963;-499213;-508553;-516353;-650651;
2026-06-21T06:05:38.261;835351548604242370;-499137;-508477;-516277;-650651;
2026-06-21T06:05:38.268;835351548611649778;-499070;-508410;-516210;-650651;
2026-06-21T06:05:38.276;835351548619057185;-499012;-508352;-516152;-650651;
2026-06-21T06:05:38.283;835351548626464593;-498962;-508302;-516102;-650651;
2026-06-21T06:05:38.291;835351548633872000;-498921;-508261;-516061;-650651;
2026-06-21T06:05:38.298;835351548641279407;-498887;-508227;-516027;-650651;
2026-06-21T06:05:38.305;835351548648686815;-498860;-508200;-516000;-650651;
2026-06-21T06:05:38.313;835351548656094222;-498839;-508179;-515979;-650651;
2026-06-21T06:05:38.320;835351548663501630;-498824;-508164;-515964;-650651;
2026-06-21T06:05:38.328;835351548670909037;-498815;-508155;-515955;-650651;
2026-06-21T06:05:38.335;835351548678316444;-498809;-508149;-515949;-650651;
2026-06-21T06:05:38.342;835351548685723852;-498807;-508147;-515947;-650651;
2026-06-21T06:05:38.350;835351548693131259;-498808;-508148;-515948;-650651;
2026-06-21T06:05:38.357;835351548700538667;-498811;-508151;-515951;-650651;
2026-06-21T06:05:38.365;835351548707946074;-498814;-508154;-515954;-650651;
2026-06-21T06:05:38.372;835351548715353481;-498818;-508158;-515958;-650651;
2026-06-21T06:05:38.379;835351548722760889;-498821;-508161;-515961;-650651;
2026-06-21T06:05:38.387;835351548730168296;-498823;-508163;-515963;-650651;
2026-06-21T06:05:38.394;835351548737575704;-498823;-508163;-515963;-650651;
2026-06-21T06:05:38.402;835351548744983111;-498820;-508160;-515960;-650651;
2026-06-21T06:05:38.409;835351548752390519;-498813;-508153;-515953;-650651;
2026-06-21T06:05:38.416;835351548759797926;-498803;-508143;-515943;-650651;
2026-06-21T06:05:38.424;835351548767205333;-498789;-508129;-515929;-650651;
2026-06-21T06:05:38.431;835351548774612741;-498770;-508110;-515910;-650651;
2026-06-21T06:05:38.439;835351548782020148;-498747;-508087;-515887;-650651;
2026-06-21T06:05:38.446;835351548789427556;-498718;-508058;-515858;-650651;
2026-06-21T06:05:38.453;835351548796834963;-498684;-508024;-515824;-650651;
2026-06-21T06:05:38.461;835351548804242370;-498645;-507985;-515785;-650651;
2026-06-21T06:05:38.468;835351548811649778;-498601;-507941;-515741;-650651;
2026-06-21T06:05:38.476;835351548819057185;-498553;-507893;-515693;-650651;
2026-06-21T06:05:38.483;835351548826464593;-498500;-507840;-515640;-650651;
2026-06-21T06:05:38.491;835351548833872000;-498443;-507783;-515583;-650651;
2026-06-21T06:05:38.498;835351548841279407;-498382;-507722;-515522;-650651;
2026-06-21T06:05:38.505;835351548848686815;-498319;-507659;-515459;-650651;
2026-06-21T06:05:38.513;835351548856094222;-498253;-507593;-515393;-650651;
2026-06-21T06:05:38.520;835351548863501630;-498186;-507526;-515326;-650651;
2026-06-21T06:05:38.528;835351548870909037;-498118;-507458;-515258;-650651;
2026-06-21T06:05:38.535;835351548878316444;-498051;-507391;-515191;-650651;
2026-06-21T06:05:38.542;835351548885723852;-497984;-507324;-515124;-650651;
2026-06-21T06:05:38.550;835351548893131259;-497920;-507260;-515060;-650651;
2026-06-21T06:05:38.557;835351548900538667;-497858;-507198;-514998;-650651;
2026-06-21T06:05:38.565;835351548907946074;-497800;-507140;-514940;-650651;
2026-06-21T06:05:38.572;835351548915353481;-497748;-507088;-514888;-650651;
2026-06-21T06:05:38.579;835351548922760889;-497701;-507041;-514841;-650651;
2026-06-21T06:05:38.587;835351548930168296;-497661;-507001;-514801;-650651;
2026-06-21T06:05:38.594;835351548937575704;-497629;-506969;-514769;-650651;
2026-06-21T06:05:38.602;835351548944983111;-497605;-506945;-514745;-650651;
2026-06-21T06:05:38.609;835351548952390519;-497591;-506931;-514731;-650651;
2026-06-21T06:05:38.616;835351548959797926;-497587;-506927;-514727;-650651;
2026-06-21T06:05:38.624;835351548967205333;-497595;-506935;-514735;-650651;
2026-06-21T06:05:38.631;835351548974612741;-497613;-506953;-514753;-650651;
2026-06-21T06:05:38.639;835351548982020148;-497644;-506984;-514784;-650651;
2026-06-21T06:05:38.646;835351548989427556;-497686;-507026;-514826;-650651;
2026-06-21T06:05:38.653;835351548996834963;-497742;-507082;-514882;-650651;
2026-06-21T06:05:38.661;835351549004242370;-497810;-507150;-514950;-650651;
2026-06-21T06:05:38.668;835351549011649778;-497892;-507232;-515032;-650651;
2026-06-21T06:05:38.676;835351549019057185;-497986;-507326;-515126;-650651;
2026-06-21T06:05:38.683;835351549026464593;-498093;-507433;-515233;-650651;
2026-06-21T06:05:38.691;835351549033872000;-498213;-507553;-515353;-650651;
2026-06-21T06:05:38.698;835351549041279407;-498344;-507684;-515484;-650651;
2026-06-21T06:05:38.705;835351549048686815;-498487;-507827;-515627;-650651;
2026-06-21T06:05:38.713;835351549056094222;-498641;-507981;-515781;-650651;
2026-06-21T06:05:38.720;835351549063501630;-498805;-508145;-515945;-650651;
2026-06-21T06:05:38.728;835351549070909037;-498979;-508319;-516119;-650651;
2026-06-21T06:05:38.735;835351549078316444;-499160;-508500;-516300;-650651;
2026-06-21T06:05:38.742;835351549085723852;-499350;-508690;-516490;-650651;
2026-06-21T06:05:38.750;835351549093131259;-499545;-508885;-516685;-650651;
2026-06-21T06:05:38.757;835351549100538667;-499745;-509085;-516885;-650651;
2026-06-21T06:05:38.765;835351549107946074;-499949;-509289;-517089;-650651;
2026-06-21T06:05:38.772;835351549115353481;-500156;-509496;-517296;-650651;
2026-06-21T06:05:38.779;835351549122760889;-500363;-509703;-517503;-650651;
2026-06-21T06:05:38.787;835351549130168296;-500571;-509911;-517711;-650651;
2026-06-21T06:05:38.794;835351549137575704;-500777;-510117;-517917;-650651;
2026-06-21T06:05:38.802;835351549144983111;-500979;-510319;-518119;-650651;
2026-06-21T06:05:38.809;835351549152390519;-501178;-510518;-518318;-650651;
2026-06-21T06:05:38.816;835351549159797926;-501370;-510710;-518510;-650651;
2026-06-21T06:05:38.824;835351549167205333;-501556;-510896;-518696;-650651;
2026-06-21T06:05:38.831;835351549174612741;-501733;-511073;-518873;-650651;
2026-06-21T06:05:38.839;835351549182020148;-501901;-511241;-519041;-650651;
2026-06-21T06:05:38.846;835351549189427556;-502058;-511398;-519198;-650651;
2026-06-21T06:05:38.853;835351549196834963;-502204;-511544;-519344;-650651;
2026-06-21T06:05:38.861;835351549204242370;-502336;-511676;-519476;-650651;
2026-06-21T06:05:38.868;835351549211649778;-502456;-511796;-519596;-650651;
2026-06-21T06:05:38.876;835351549219057185;-502560;-511900;-519700;-650651;
2026-06-21T06:05:38.883;835351549226464593;-502650;-511990;-519790;-650651;
2026-06-21T06:05:38.891;835351549233872000;-502725;-512065;-519865;-650651;
2026-06-21T06:05:38.898;835351549241279407;-502784;-512124;-519924;-650651;
2026-06-21T06:05:38.905;835351549248686815;-502826;-512166;-519966;-650651;
2026-06-21T06:05:38.913;835351549256094222;-502852;-512192;-519992;-650651;
2026-06-21T06:05:38.920;835351549263501630;-502862;-512202;-520002;-650651;
2026-06-21T06:05:38.928;835351549270909037;-502856;-512196;-519996;-650651;
2026-06-21T06:05:38.935;835351549278316444;-502834;-512174;-519974;-650651;
2026-06-21T06:05:38.942;835351549285723852;-502796;-512136;-519936;-650651;
2026-06-21T06:05:38.950;835351549293131259;-502743;-512083;-519883;-650651;
2026-06-21T06:05:38.957;835351549300538667;-502676;-512016;-519816;-650651;
2026-06-21T06:05:38.965;835351549307946074;-502595;-511935;-519735;-650651;
2026-06-21T06:05:38.972;835351549315353481;-502501;-511841;-519641;-650651;
2026-06-21T06:05:38.979;835351549322760889;-502395;-511735;-519535;-650651;
2026-06-21T06:05:38.987;835351549330168296;-502278;-511618;-519418;-650651;
2026-06-21T06:05:38.994;835351549337575704;-502151;-511491;-519291;-650651;
2026-06-21T06:05:39.002;835351549344983111;-502015;-511355;-519155;-650651;
2026-06-21T06:05:39.009;835351549352390519;-501871;-511211;-519011;-650651;
2026-06-21T06:05:39.016;835351549359797926;-501721;-511061;-518861;-650651;
2026-06-21T06:05:39.024;835351549367205333;-501566;-510906;-518706;-650651;
2026-06-21T06:05:39.031;835351549374612741;-501406;-510746;-518546;-650651;
2026-06-21T06:05:39.039;835351549382020148;-501244;-510584;-518384;-650651;
2026-06-21T06:05:39.046;835351549389427556;-501080;-510420;-518220;-650651;
2026-06-21T06:05:39.053;835351549396834963;-500916;-510256;-518056;-650651;
2026-06-21T06:05:39.061;835351549404242370;-500753;-510093;-517893;-650651;
2026-06-21T06:05:39.068;835351549411649778;-500592;-509932;-517732;-650651;
2026-06-21T06:05:39.076;835351549419057185;-500433;-509773;-517573;-650651;
2026-06-21T06:05:39.083;835351549426464593;-500279;-509619;-517419;-650651;
2026-06-21T06:05:39.091;835351549433872000;-500130;-509470;-517270;-650651;
2026-06-21T06:05:39.098;835351549441279407;-499987;-509327;-517127;-650651;
2026-06-21T06:05:39.105;835351549448686815;-499851;-509191;-516991;-650651;
2026-06-21T06:05:39.113;835351549456094222;-499722;-509062;-516862;-650651;
2026-06-21T06:05:39.120;835351549463501630;-499600;-508940;-516740;-650651;
2026-06-21T06:05:39.128;835351549470909037;-499487;-508827;-516627;-650651;
2026-06-21T06:05:39.135;835351549478316444;-499383;-508723;-516523;-650651;
2026-06-21T06:05:39.142;835351549485723852;-499288;-508628;-516428;-650651;
2026-06-21T06:05:39.150;835351549493131259;-499202;-508542;-516342;-650651;
2026-06-21T06:05:39.157;835351549500538667;-499125;-508465;-516265;-650651;
2026-06-21T06:05:39.165;835351549507946074;-499056;-508396;-516196;-650651;
2026-06-21T06:05:39.172;835351549515353481;-498997;-508337;-516137;-650651;
2026-06-21T06:05:39.179;835351549522760889;-498947;-508287;-516087;-650651;
2026-06-21T06:05:39.187;835351549530168296;-498904;-508244;-516044;-650651;
2026-06-21T06:05:39.194;835351549537575704;-498869;-508209;-516009;-650651;
2026-06-21T06:05:39.202;835351549544983111;-498841;-508181;-515981;-650651;
2026-06-21T06:05:39.209;835351549552390519;-498820;-508160;-515960;-650651;
2026-06-21T06:05:39.216;835351549559797926;-498805;-508145;-515945;-650651;
2026-06-21T06:05:39.224;835351549567205333;-498795;-508135;-515935;-650651;
2026-06-21T06:05:39.231;835351549574612741;-498789;-508129;-515929;-650651;
2026-06-21T06:05:39.239;835351549582020148;-498787;-508127;-515927;-650651;
2026-06-21T06:05:39.246;835351549589427556;-498787;-508127;-515927;-650651;
2026-06-21T06:05:39.253;835351549596834963;-498790;-508130;-515930;-650651;
2026-06-21T06:05:39.261;835351549604242370;-498793;-508133;-515933;-650651;
2026-06-21T06:05:39.268;835351549611649778;-498797;-508137;-515937;-650651;
2026-06-21T06:05:39.276;835351549619057185;-498800;-508140;-515940;-650651;
2026-06-21T06:05:39.283;835351549626464593;-498802;-508142;-515942;-650651;
2026-06-21T06:05:39.291;835351549633872000;-498802;-508142;-515942;-650651;
2026-06-21T06:05:39.298;835351549641279407;-498799;-508139;-515939;-650651;
2026-06-21T06:05:39.305;835351549648686815;-498793;-508133;-515933;-650651;
2026-06-21T06:05:39.313;835351549656094222;-498783;-508123;-515923;-650651;
2026-06-21T06:05:39.320;835351549663501630;-498769;-508109;-515909;-650651;
2026-06-21T06:05:39.328;835351549670909037;-498750;-508090;-515890;-650651;
2026-06-21T06:05:39.335;835351549678316444;-498727;-508067;-515867;-650651;
2026-06-21T06:05:39.342;835351549685723852;-498698;-508038;-515838;-650651;
2026-06-21T06:05:39.350;835351549693131259;-498664;-508004;-515804;-650651;
2026-06-21T06:05:39.357;835351549700538667;-498626;-507966;-515766;-650651;
2026-06-21T06:05:39.365;835351549707946074;-498582;-507922;-515722;-650651;
2026-06-21T06:05:39.372;835351549715353481;-498533;-507873;-515673;-650651;
2026-06-21T06:05:39.379;835351549722760889;-498480;-507820;-515620;-650651;
2026-06-21T06:05:39.387;835351549730168296;-498423;-507763;-515563;-650651;
2026-06-21T06:05:39.394;835351549737575704;-498362;-507702;-515502;-650651;
2026-06-21T06:05:39.402;835351549744983111;-498299;-507639;-515439;-650651;
2026-06-21T06:05:39.409;835351549752390519;-498233;-507573;-515373;-650651;
2026-06-21T06:05:39.416;835351549759797926;-498166;-507506;-515306;-650651;
2026-06-21T06:05:39.424;835351549767205333;-498098;-507438;-515238;-650651;
2026-06-21T06:05:39.431;835351549774612741;-498030;-507370;-515170;-650650;
2026-06-21T06:05:39.439;835351549782020148;-497963;-507303;-515103;-650650;
2026-06-21T06:05:39.446;835351549789427556;-497898;-507238;-515038;-650650;
2026-06-21T06:05:39.453;835351549796834963;-497837;-507177;-514977;-650650;
2026-06-21T06:05:39.461;835351549804242370;-497779;-507119;-514919;-650650;
2026-06-21T06:05:39.468;835351549811649778;-497726;-507066;-514866;-650650;
2026-06-21T06:05:39.476;835351549819057185;-497679;-507019;-514819;-650650;
2026-06-21T06:05:39.483;835351549826464593;-497639;-506979;-514779;-650650;
2026-06-21T06:05:39.491;835351549833872000;-497607;-506947;-514747;-650650;
2026-06-21T06:05:39.498;835351549841279407;-497584;-506924;-514724;-650650;
2026-06-21T06:05:39.505;835351549848686815;-497570;-506910;-514710;-650650;
2026-06-21T06:05:39.513;835351549856094222;-497566;-506906;-514706;-650650;
2026-06-21T06:05:39.520;835351549863501630;-497573;-506913;-514713;-650650;
2026-06-21T06:05:39.528;835351549870909037;-497592;-506932;-514732;-650650;
2026-06-21T06:05:39.535;835351549878316444;-497623;-506963;-514763;-650650;
2026-06-21T06:05:39.542;835351549885723852;-497666;-507006;-514806;-650650;
2026-06-21T06:05:39.550;835351549893131259;-497722;-507062;-514862;-650650;
2026-06-21T06:05:39.557;835351549900538667;-497791;-507131;-514931;-650650;
2026-06-21T06:05:39.565;835351549907946074;-497873;-507213;-515013;-650650;
2026-06-21T06:05:39.572;835351549915353481;-497968;-507308;-515108;-650650;
2026-06-21T06:05:39.579;835351549922760889;-498076;-507416;-515216;-650650;
2026-06-21T06:05:39.587;835351549930168296;-498196;-507536;-515336;-650650;
2026-06-21T06:05:39.594;835351549937575704;-498329;-507669;-515469;-650650;
2026-06-21T06:05:39.602;835351549944983111;-498473;-507813;-515613;-650650;
2026-06-21T06:05:39.609;835351549952390519;-498628;-507968;-515768;-650650;
2026-06-21T06:05:39.616;835351549959797926;-498793;-508133;-515933;-650650;
2026-06-21T06:05:39.624;835351549967205333;-498967;-508307;-516107;-650650;
2026-06-21T06:05:39.631;835351549974612741;-499150;-508490;-516290;-650650;
2026-06-21T06:05:39.639;835351549982020148;-499339;-508679;-516479;-650650;
2026-06-21T06:05:39.646;835351549989427556;-499536;-508876;-516676;-650650;
2026-06-21T06:05:39.653;835351549996834963;-499737;-509077;-516877;-650650;
2026-06-21T06:05:39.661;835351550004242370;-499941;-509281;-517081;-650650;
2026-06-21T06:05:39.668;835351550011649778;-500149;-509489;-517289;-650650;
2026-06-21T06:05:39.676;835351550019057185;-500357;-509697;-517497;-650650;
2026-06-21T06:05:39.683;835351550026464593;-500564;-509904;-517704;-650650;
2026-06-21T06:05:39.691;835351550033872000;-500771;-510111;-517911;-650650;
2026-06-21T06:05:39.698;835351550041279407;-500973;-510313;-518113;-650650;
2026-06-21T06:05:39.705;835351550048686815;-501172;-510512;-518312;-650650;
2026-06-21T06:05:39.713;835351550056094222;-501364;-510704;-518504;-650650;
2026-06-21T06:05:39.720;835351550063501630;-501550;-510890;-518690;-650650;
2026-06-21T06:05:39.728;835351550070909037;-501727;-511067;-518867;-650650;
2026-06-21T06:05:39.735;835351550078316444;-501894;-511234;-519034;-650650;
2026-06-21T06:05:39.742;835351550085723852;-502050;-511390;-519190;-650650;
2026-06-21T06:05:39.750;835351550093131259;-502195;-511535;-519335;-650650;
2026-06-21T06:05:39.757;835351550100538667;-502326;-511666;-519466;-650650;
2026-06-21T06:05:39.765;835351550107946074;-502444;-511784;-519584;-650650;
2026-06-21T06:05:39.772;835351550115353481;-502548;-511888;-519688;-650650;
2026-06-21T06:05:39.779;835351550122760889;-502636;-511976;-519776;-650650;
2026-06-21T06:05:39.787;835351550130168296;-502709;-512049;-519849;-650650;
2026-06-21T06:05:39.794;835351550137575704;-502766;-512106;-519906;-650650;
2026-06-21T06:05:39.802;835351550144983111;-502807;-512147;-519947;-650650;
2026-06-21T06:05:39.809;835351550152390519;-502831;-512171;-519971;-650650;
2026-06-21T06:05:39.816;835351550159797926;-502839;-512179;-519979;-650650;
2026-06-21T06:05:39.824;835351550167205333;-502831;-512171;-519971;-650650;
2026-06-21T06:05:39.831;835351550174612741;-502807;-512147;-519947;-650650;
2026-06-21T06:05:39.839;835351550182020148;-502767;-512107;-519907;-650650;
2026-06-21T06:05:39.846;835351550189427556;-502712;-512052;-519852;-650650;
2026-06-21T06:05:39.853;835351550196834963;-502643;-511983;-519783;-650650;
2026-06-21T06:05:39.861;835351550204242370;-502560;-511900;-519700;-650650;
2026-06-21T06:05:39.868;835351550211649778;-502464;-511804;-519604;-650650;
2026-06-21T06:05:39.876;835351550219057185;-502356;-511696;-519496;-650650;
2026-06-21T06:05:39.883;835351550226464593;-502237;-511577;-519377;-650650;
2026-06-21T06:05:39.891;835351550233872000;-502109;-511449;-519249;-650650;
2026-06-21T06:05:39.898;835351550241279407;-501971;-511311;-519111;-650650;
2026-06-21T06:05:39.905;835351550248686815;-501826;-511166;-518966;-650650;
2026-06-21T06:05:39.913;835351550256094222;-501675;-511015;-518815;-650650;
2026-06-21T06:05:39.920;835351550263501630;-501518;-510858;-518658;-650650;
2026-06-21T06:05:39.928;835351550270909037;-501358;-510698;-518498;-650650;
2026-06-21T06:05:39.935;835351550278316444;-501195;-510535;-518335;-650650;
2026-06-21T06:05:39.942;835351550285723852;-501030;-510370;-518170;-650650;
2026-06-21T06:05:39.950;835351550293131259;-500866;-510206;-518006;-650650;
2026-06-21T06:05:39.957;835351550300538667;-500703;-510043;-517843;-650650;
2026-06-21T06:05:39.965;835351550307946074;-500541;-509881;-517681;-650650;
2026-06-21T06:05:39.972;835351550315353481;-500383;-509723;-517523;-650650;
2026-06-21T06:05:39.979;835351550322760889;-500230;-509570;-517370;-650650;
2026-06-21T06:05:39.987;835351550330168296;-500081;-509421;-517221;-650650;
2026-06-21T06:05:39.994;835351550337575704;-499939;-509279;-517079;-650650;
2026-06-21T06:05:40.002;835351550344983111;-499803;-509143;-516943;-650650;
2026-06-21T06:05:40.009;835351550352390519;-499675;-509015;-516815;-650650;
2026-06-21T06:05:40.016;835351550359797926;-499555;-508895;-516695;-650650;
2026-06-21T06:05:40.024;835351550367205333;-499444;-508784;-516584;-650650;
2026-06-21T06:05:40.031;835351550374612741;-499341;-508681;-516481;-650650;
2026-06-21T06:05:40.039;835351550382020148;-499247;-508587;-516387;-650650;
2026-06-21T06:05:40.046;835351550389427556;-499162;-508502;-516302;-650650;
2026-06-21T06:05:40.053;835351550396834963;-499087;-508427;-516227;-650650;
2026-06-21T06:05:40.061;835351550404242370;-499020;-508360;-516160;-650650;
2026-06-21T06:05:40.068;835351550411649778;-498962;-508302;-516102;-650650;
2026-06-21T06:05:40.076;835351550419057185;-498913;-508253;-516053;-650650;
2026-06-21T06:05:40.083;835351550426464593;-498872;-508212;-516012;-650650;
2026-06-21T06:05:40.091;835351550433872000;-498839;-508179;-515979;-650650;
2026-06-21T06:05:40.098;835351550441279407;-498812;-508152;-515952;-650650;
2026-06-21T06:05:40.105;835351550448686815;-498793;-508133;-515933;-650650;
2026-06-21T06:05:40.113;835351550456094222;-498778;-508118;-515918;-650650;
2026-06-21T06:05:40.120;835351550463501630;-498769;-508109;-515909;-650650;
2026-06-21T06:05:40.128;835351550470909037;-498764;-508104;-515904;-650650;
2026-06-21T06:05:40.135;835351550478316444;-498763;-508103;-515903;-650650;
2026-06-21T06:05:40.142;835351550485723852;-498764;-508104;-515904;-650650;
2026-06-21T06:05:40.150;835351550493131259;-498766;-508106;-515906;-650650;
2026-06-21T06:05:40.157;835351550500538667;-498770;-508110;-515910;-650650;
2026-06-21T06:05:40.165;835351550507946074;-498774;-508114;-515914;-650650;
2026-06-21T06:05:40.172;835351550515353481;-498776;-508116;-515916;-650650;
2026-06-21T06:05:40.179;835351550522760889;-498778;-508118;-515918;-650650;
2026-06-21T06:05:40.187;835351550530168296;-498777;-508117;-515917;-650650;
2026-06-21T06:05:40.194;835351550537575704;-498774;-508114;-515914;-650650;
2026-06-21T06:05:40.202;835351550544983111;-498767;-508107;-515907;-650650;
2026-06-21T06:05:40.209;835351550552390519;-498756;-508096;-515896;-650650;
2026-06-21T06:05:40.216;835351550559797926;-498740;-508080;-515880;-650650;
2026-06-21T06:05:40.224;835351550567205333;-498720;-508060;-515860;-650650;
2026-06-21T06:05:40.231;835351550574612741;-498695;-508035;-515835;-650650;
2026-06-21T06:05:40.239;835351550582020148;-498665;-508005;-515805;-650650;
2026-06-21T06:05:40.246;835351550589427556;-498630;-507970;-515770;-650650;
2026-06-21T06:05:40.253;835351550596834963;-498590;-507930;-515730;-650650;
2026-06-21T06:05:40.261;835351550604242370;-498545;-507885;-515685;-650650;
2026-06-21T06:05:40.268;835351550611649778;-498495;-507835;-515635;-650650;
2026-06-21T06:05:40.276;835351550619057185;-498441;-507781;-515581;-650650;
2026-06-21T06:05:40.283;835351550626464593;-498382;-507722;-515522;-650650;
2026-06-21T06:05:40.291;835351550633872000;-498321;-507661;-515461;-650650;
2026-06-21T06:05:40.298;835351550641279407;-498256;-507596;-515396;-650650;
2026-06-21T06:05:40.305;835351550648686815;-498190;-507530;-515330;-650650;
2026-06-21T06:05:40.313;835351550656094222;-498122;-507462;-515262;-650650;
2026-06-21T06:05:40.320;835351550663501630;-498054;-507394;-515194;-650650;
2026-06-21T06:05:40.328;835351550670909037;-497986;-507326;-515126;-650650;
2026-06-21T06:05:40.335;835351550678316444;-497920;-507260;-515060;-650650;
2026-06-21T06:05:40.342;835351550685723852;-497855;-507195;-514995;-650650;
2026-06-21T06:05:40.350;835351550693131259;-497795;-507135;-514935;-650650;
2026-06-21T06:05:40.357;835351550700538667;-497738;-507078;-514878;-650650;
2026-06-21T06:05:40.365;835351550707946074;-497687;-507027;-514827;-650650;
2026-06-21T06:05:40.372;835351550715353481;-497642;-506982;-514782;-650650;
2026-06-21T06:05:40.379;835351550722760889;-497604;-506944;-514744;-650650;
2026-06-21T06:05:40.387;835351550730168296;-497574;-506914;-514714;-650650;
2026-06-21T06:05:40.394;835351550737575704;-497553;-506893;-514693;-650650;
2026-06-21T06:05:40.402;835351550744983111;-497542;-506882;-514682;-650650;
2026-06-21T06:05:40.409;835351550752390519;-497542;-506882;-514682;-650650;
2026-06-21T06:05:40.416;835351550759797926;-497552;-506892;-514692;-650650;
2026-06-21T06:05:40.424;835351550767205333;-497575;-506915;-514715;-650650;
2026-06-21T06:05:40.431;835351550774612741;-497609;-506949;-514749;-650650;
2026-06-21T06:05:40.439;835351550782020148;-497657;-506997;-514797;-650650;
2026-06-21T06:05:40.446;835351550789427556;-497717;-507057;-514857;-650650;
2026-06-21T06:05:40.453;835351550796834963;-497790;-507130;-514930;-650650;
2026-06-21T06:05:40.461;835351550804242370;-497876;-507216;-515016;-650650;
2026-06-21T06:05:40.468;835351550811649778;-497976;-507316;-515116;-650650;
2026-06-21T06:05:40.476;835351550819057185;-498088;-507428;-515228;-650650;
2026-06-21T06:05:40.483;835351550826464593;-498212;-507552;-515352;-650650;
2026-06-21T06:05:40.491;835351550833872000;-498349;-507689;-515489;-650650;
2026-06-21T06:05:40.498;835351550841279407;-498497;-507837;-515637;-650650;
2026-06-21T06:05:40.505;835351550848686815;-498655;-507995;-515795;-650650;
2026-06-21T06:05:40.513;835351550856094222;-498824;-508164;-515964;-650650;
2026-06-21T06:05:40.520;835351550863501630;-499001;-508341;-516141;-650650;
2026-06-21T06:05:40.528;835351550870909037;-499187;-508527;-516327;-650650;
2026-06-21T06:05:40.535;835351550878316444;-499379;-508719;-516519;-650650;
2026-06-21T06:05:40.542;835351550885723852;-499578;-508918;-516718;-650650;
2026-06-21T06:05:40.550;835351550893131259;-499780;-509120;-516920;-650650;
2026-06-21T06:05:40.557;835351550900538667;-499987;-509327;-517127;-650650;
2026-06-21T06:05:40.565;835351550907946074;-500195;-509535;-517335;-650650;
2026-06-21T06:05:40.572;835351550915353481;-500403;-509743;-517543;-650650;
2026-06-21T06:05:40.579;835351550922760889;-500611;-509951;-517751;-650650;
2026-06-21T06:05:40.587;835351550930168296;-500817;-510157;-517957;-650650;
2026-06-21T06:05:40.594;835351550937575704;-501018;-510358;-518158;-650650;
2026-06-21T06:05:40.602;835351550944983111;-501215;-510555;-518355;-650650;
2026-06-21T06:05:40.609;835351550952390519;-501406;-510746;-518546;-650650;
2026-06-21T06:05:40.616;835351550959797926;-501588;-510928;-518728;-650650;
2026-06-21T06:05:40.624;835351550967205333;-501762;-511102;-518902;-650650;
2026-06-21T06:05:40.631;835351550974612741;-501926;-511266;-519066;-650650;
2026-06-21T06:05:40.639;835351550982020148;-502078;-511418;-519218;-650650;
2026-06-21T06:05:40.646;835351550989427556;-502219;-511559;-519359;-650650;
2026-06-21T06:05:40.653;835351550996834963;-502346;-511686;-519486;-650650;
2026-06-21T06:05:40.661;835351551004242370;-502458;-511798;-519598;-650650;
2026-06-21T06:05:40.668;835351551011649778;-502557;-511897;-519697;-650650;
2026-06-21T06:05:40.676;835351551019057185;-502639;-511979;-519779;-650650;
2026-06-21T06:05:40.683;835351551026464593;-502706;-512046;-519846;-650650;
2026-06-21T06:05:40.691;835351551033872000;-502757;-512097;-519897;-650650;
2026-06-21T06:05:40.698;835351551041279407;-502792;-512132;-519932;-650650;
2026-06-21T06:05:40.705;835351551048686815;-502810;-512150;-519950;-650650;
2026-06-21T06:05:40.713;835351551056094222;-502812;-512152;-519952;-650650;
2026-06-21T06:05:40.720;835351551063501630;-502797;-512137;-519937;-650650;
2026-06-21T06:05:40.728;835351551070909037;-502767;-512107;-519907;-650650;
2026-06-21T06:05:40.735;835351551078316444;-502721;-512061;-519861;-650650;
2026-06-21T06:05:40.742;835351551085723852;-502660;-512000;-519800;-650650;
2026-06-21T06:05:40.750;835351551093131259;-502585;-511925;-519725;-650650;
2026-06-21T06:05:40.757;835351551100538667;-502496;-511836;-519636;-650650;
2026-06-21T06:05:40.765;835351551107946074;-502395;-511735;-519535;-650650;
2026-06-21T06:05:40.772;835351551115353481;-502283;-511623;-519423;-650650;
2026-06-21T06:05:40.779;835351551122760889;-502159;-511499;-519299;-650650;
2026-06-21T06:05:40.787;835351551130168296;-502027;-511367;-519167;-650650;
2026-06-21T06:05:40.794;835351551137575704;-501885;-511225;-519025;-650650;
2026-06-21T06:05:40.802;835351551144983111;-501737;-511077;-518877;-650650;
2026-06-21T06:05:40.809;835351551152390519;-501583;-510923;-518723;-650650;
2026-06-21T06:05:40.816;835351551159797926;-501425;-510765;-518565;-650650;
2026-06-21T06:05:40.824;835351551167205333;-501263;-510603;-518403;-650650;
2026-06-21T06:05:40.831;835351551174612741;-501099;-510439;-518239;-650650;
2026-06-21T06:05:40.839;835351551182020148;-500934;-510274;-518074;-650650;
2026-06-21T06:05:40.846;835351551189427556;-500769;-510109;-517909;-650650;
2026-06-21T06:05:40.853;835351551196834963;-500606;-509946;-517746;-650650;
2026-06-21T06:05:40.861;835351551204242370;-500446;-509786;-517586;-650650;
2026-06-21T06:05:40.868;835351551211649778;-500290;-509630;-517430;-650650;
2026-06-21T06:05:40.876;835351551219057185;-500138;-509478;-517278;-650650;
2026-06-21T06:05:40.883;835351551226464593;-499991;-509331;-517131;-650650;
2026-06-21T06:05:40.891;835351551233872000;-499852;-509192;-516992;-650650;
2026-06-21T06:05:40.898;835351551241279407;-499719;-509059;-516859;-650650;
2026-06-21T06:05:40.905;835351551248686815;-499594;-508934;-516734;-650650;
2026-06-21T06:05:40.913;835351551256094222;-499477;-508817;-516617;-650650;
2026-06-21T06:05:40.920;835351551263501630;-499369;-508709;-516509;-650650;
2026-06-21T06:05:40.928;835351551270909037;-499270;-508610;-516410;-650650;
2026-06-21T06:05:40.935;835351551278316444;-499180;-508520;-516320;-650650;
2026-06-21T06:05:40.942;835351551285723852;-499100;-508440;-516240;-650650;
2026-06-21T06:05:40.950;835351551293131259;-499028;-508368;-516168;-650650;
2026-06-21T06:05:40.957;835351551300538667;-498965;-508305;-516105;-650650;
2026-06-21T06:05:40.965;835351551307946074;-498911;-508251;-516051;-650650;
2026-06-21T06:05:40.972;835351551315353481;-498866;-508206;-516006;-650650;
2026-06-21T06:05:40.979;835351551322760889;-498828;-508168;-515968;-650650;
2026-06-21T06:05:40.987;835351551330168296;-498798;-508138;-515938;-650650;
2026-06-21T06:05:40.994;835351551337575704;-498775;-508115;-515915;-650650;
2026-06-21T06:05:41.002;835351551344983111;-498758;-508098;-515898;-650650;
2026-06-21T06:05:41.009;835351551352390519;-498746;-508086;-515886;-650650;
2026-06-21T06:05:41.016;835351551359797926;-498739;-508079;-515879;-650650;
2026-06-21T06:05:41.024;835351551367205333;-498735;-508075;-515875;-650650;
2026-06-21T06:05:41.031;835351551374612741;-498735;-508075;-515875;-650650;
2026-06-21T06:05:41.039;835351551382020148;-498737;-508077;-515877;-650650;
2026-06-21T06:05:41.046;835351551389427556;-498740;-508080;-515880;-650650;
2026-06-21T06:05:41.053;835351551396834963;-498744;-508084;-515884;-650650;
2026-06-21T06:05:41.061;835351551404242370;-498747;-508087;-515887;-650650;
2026-06-21T06:05:41.068;835351551411649778;-498749;-508089;-515889;-650650;
2026-06-21T06:05:41.076;835351551419057185;-498750;-508090;-515890;-650650;
2026-06-21T06:05:41.083;835351551426464593;-498748;-508088;-515888;-650650;
2026-06-21T06:05:41.091;835351551433872000;-498743;-508083;-515883;-650650;
2026-06-21T06:05:41.098;835351551441279407;-498734;-508074;-515874;-650650;
2026-06-21T06:05:41.105;835351551448686815;-498721;-508061;-515861;-650650;
2026-06-21T06:05:41.113;835351551456094222;-498703;-508043;-515843;-650650;
2026-06-21T06:05:41.120;835351551463501630;-498681;-508021;-515821;-650650;
2026-06-21T06:05:41.128;835351551470909037;-498653;-507993;-515793;-650650;
2026-06-21T06:05:41.135;835351551478316444;-498620;-507960;-515760;-650650;
2026-06-21T06:05:41.142;835351551485723852;-498582;-507922;-515722;-650650;
2026-06-21T06:05:41.150;835351551493131259;-498540;-507880;-515680;-650650;
2026-06-21T06:05:41.157;835351551500538667;-498492;-507832;-515632;-650650;
2026-06-21T06:05:41.165;835351551507946074;-498439;-507779;-515579;-650650;
2026-06-21T06:05:41.172;835351551515353481;-498383;-507723;-515523;-650650;
2026-06-21T06:05:41.179;835351551522760889;-498323;-507663;-515463;-650650;
2026-06-21T06:05:41.187;835351551530168296;-498260;-507600;-515400;-650650;
2026-06-21T06:05:41.194;835351551537575704;-498194;-507534;-515334;-650650;
2026-06-21T06:05:41.202;835351551544983111;-498127;-507467;-515267;-650650;
2026-06-21T06:05:41.209;835351551552390519;-498058;-507398;-515198;-650650;
2026-06-21T06:05:41.216;835351551559797926;-497990;-507330;-515130;-650650;
2026-06-21T06:05:41.224;835351551567205333;-497923;-507263;-515063;-650650;
2026-06-21T06:05:41.231;835351551574612741;-497857;-507197;-514997;-650650;
2026-06-21T06:05:41.239;835351551582020148;-497794;-507134;-514934;-650650;
2026-06-21T06:05:41.246;835351551589427556;-497736;-507076;-514876;-650650;
2026-06-21T06:05:41.253;835351551596834963;-497681;-507021;-514821;-650650;
2026-06-21T06:05:41.261;835351551604242370;-497633;-506973;-514773;-650650;
2026-06-21T06:05:41.268;835351551611649778;-497592;-506932;-514732;-650650;
2026-06-21T06:05:41.276;835351551619057185;-497558;-506898;-514698;-650650;
2026-06-21T06:05:41.283;835351551626464593;-497533;-506873;-514673;-650650;
2026-06-21T06:05:41.291;835351551633872000;-497517;-506857;-514657;-650650;
2026-06-21T06:05:41.298;835351551641279407;-497512;-506852;-514652;-650650;
2026-06-21T06:05:41.305;835351551648686815;-497517;-506857;-514657;-650650;
2026-06-21T06:05:41.313;835351551656094222;-497534;-506874;-514674;-650650;
2026-06-21T06:05:41.320;835351551663501630;-497563;-506903;-514703;-650650;
2026-06-21T06:05:41.328;835351551670909037;-497605;-506945;-514745;-650650;
2026-06-21T06:05:41.335;835351551678316444;-497659;-506999;-514799;-650650;
2026-06-21T06:05:41.342;835351551685723852;-497727;-507067;-514867;-650650;
2026-06-21T06:05:41.350;835351551693131259;-497807;-507147;-514947;-650650;
2026-06-21T06:05:41.357;835351551700538667;-497901;-507241;-515041;-650650;
2026-06-21T06:05:41.365;835351551707946074;-498008;-507348;-515148;-650650;
2026-06-21T06:05:41.372;835351551715353481;-498127;-507467;-515267;-650650;
2026-06-21T06:05:41.379;835351551722760889;-498258;-507598;-515398;-650650;
2026-06-21T06:05:41.387;835351551730168296;-498401;-507741;-515541;-650650;
2026-06-21T06:05:41.394;835351551737575704;-498556;-507896;-515696;-650650;
2026-06-21T06:05:41.402;835351551744983111;-498720;-508060;-515860;-650650;
2026-06-21T06:05:41.409;835351551752390519;-498894;-508234;-516034;-650650;
2026-06-21T06:05:41.416;835351551759797926;-499077;-508417;-516217;-650650;
2026-06-21T06:05:41.424;835351551767205333;-499267;-508607;-516407;-650650;
2026-06-21T06:05:41.431;835351551774612741;-499463;-508803;-516603;-650650;
2026-06-21T06:05:41.439;835351551782020148;-499665;-509005;-516805;-650650;
2026-06-21T06:05:41.446;835351551789427556;-499870;-509210;-517010;-650650;
2026-06-21T06:05:41.453;835351551796834963;-500078;-509418;-517218;-650650;
2026-06-21T06:05:41.461;835351551804242370;-500286;-509626;-517426;-650650;
2026-06-21T06:05:41.468;835351551811649778;-500495;-509835;-517635;-650650;
2026-06-21T06:05:41.476;835351551819057185;-500702;-510042;-517842;-650650;
2026-06-21T06:05:41.483;835351551826464593;-500906;-510246;-518046;-650650;
2026-06-21T06:05:41.491;835351551833872000;-501105;-510445;-518245;-650650;
2026-06-21T06:05:41.498;835351551841279407;-501299;-510639;-518439;-650650;
2026-06-21T06:05:41.505;835351551848686815;-501485;-510825;-518625;-650650;
2026-06-21T06:05:41.513;835351551856094222;-501663;-511003;-518803;-650650;
2026-06-21T06:05:41.520;835351551863501630;-501831;-511171;-518971;-650650;
2026-06-21T06:05:41.528;835351551870909037;-501989;-511329;-519129;-650650;
2026-06-21T06:05:41.535;835351551878316444;-502134;-511474;-519274;-650650;
2026-06-21T06:05:41.542;835351551885723852;-502267;-511607;-519407;-650650;
2026-06-21T06:05:41.550;835351551893131259;-502386;-511726;-519526;-650650;
2026-06-21T06:05:41.557;835351551900538667;-502490;-511830;-519630;-650650;
2026-06-21T06:05:41.565;835351551907946074;-502579;-511919;-519719;-650650;
2026-06-21T06:05:41.572;835351551915353481;-502652;-511992;-519792;-650650;
2026-06-21T06:05:41.579;835351551922760889;-502710;-512050;-519850;-650650;
2026-06-21T06:05:41.587;835351551930168296;-502751;-512091;-519891;-650650;
2026-06-21T06:05:41.594;835351551937575704;-502775;-512115;-519915;-650650;
2026-06-21T06:05:41.602;835351551944983111;-502783;-512123;-519923;-650650;
2026-06-21T06:05:41.609;835351551952390519;-502775;-512115;-519915;-650650;
2026-06-21T06:05:41.616;835351551959797926;-502750;-512090;-519890;-650650;
2026-06-21T06:05:41.624;835351551967205333;-502710;-512050;-519850;-650650;
2026-06-21T06:05:41.631;835351551974612741;-502655;-511995;-519795;-650650;
2026-06-21T06:05:41.639;835351551982020148;-502585;-511925;-519725;-650650;
2026-06-21T06:05:41.646;835351551989427556;-502501;-511841;-519641;-650650;
2026-06-21T06:05:41.653;835351551996834963;-502405;-511745;-519545;-650650;
2026-06-21T06:05:41.661;835351552004242370;-502296;-511636;-519436;-650650;
2026-06-21T06:05:41.668;835351552011649778;-502176;-511516;-519316;-650650;
2026-06-21T06:05:41.676;835351552019057185;-502047;-511387;-519187;-650650;
2026-06-21T06:05:41.683;835351552026464593;-501908;-511248;-519048;-650650;
2026-06-21T06:05:41.691;835351552033872000;-501762;-511102;-518902;-650650;
2026-06-21T06:05:41.698;835351552041279407;-501610;-510950;-518750;-650650;
2026-06-21T06:05:41.705;835351552048686815;-501453;-510793;-518593;-650650;
2026-06-21T06:05:41.713;835351552056094222;-501291;-510631;-518431;-650650;
2026-06-21T06:05:41.720;835351552063501630;-501128;-510468;-518268;-650650;
2026-06-21T06:05:41.728;835351552070909037;-500963;-510303;-518103;-650650;
2026-06-21T06:05:41.735;835351552078316444;-500798;-510138;-517938;-650650;
2026-06-21T06:05:41.742;835351552085723852;-500634;-509974;-517774;-650650;
2026-06-21T06:05:41.750;835351552093131259;-500472;-509812;-517612;-650650;
2026-06-21T06:05:41.757;835351552100538667;-500314;-509654;-517454;-650650;
2026-06-21T06:05:41.765;835351552107946074;-500160;-509500;-517300;-650650;
2026-06-21T06:05:41.772;835351552115353481;-500011;-509351;-517151;-650650;
2026-06-21T06:05:41.779;835351552122760889;-499869;-509209;-517009;-650650;
2026-06-21T06:05:41.787;835351552130168296;-499733;-509073;-516873;-650650;
2026-06-21T06:05:41.794;835351552137575704;-499606;-508946;-516746;-650650;
2026-06-21T06:05:41.802;835351552144983111;-499486;-508826;-516626;-650650;
2026-06-21T06:05:41.809;835351552152390519;-499375;-508715;-516515;-650650;
2026-06-21T06:05:41.816;835351552159797926;-499272;-508612;-516412;-650650;
2026-06-21T06:05:41.824;835351552167205333;-499179;-508519;-516319;-650650;
2026-06-21T06:05:41.831;835351552174612741;-499095;-508435;-516235;-650650;
2026-06-21T06:05:41.839;835351552182020148;-499020;-508360;-516160;-650650;
2026-06-21T06:05:41.846;835351552189427556;-498955;-508295;-516095;-650650;
2026-06-21T06:05:41.853;835351552196834963;-498898;-508238;-516038;-650650;
2026-06-21T06:05:41.861;835351552204242370;-498849;-508189;-515989;-650650;
2026-06-21T06:05:41.868;835351552211649778;-498809;-508149;-515949;-650650;
2026-06-21T06:05:41.876;835351552219057185;-498776;-508116;-515916;-650650;
2026-06-21T06:05:41.883;835351552226464593;-498751;-508091;-515891;-650650;
2026-06-21T06:05:41.891;835351552233872000;-498732;-508072;-515872;-650650;
2026-06-21T06:05:41.898;835351552241279407;-498718;-508058;-515858;-650650;
2026-06-21T06:05:41.905;835351552248686815;-498710;-508050;-515850;-650650;
2026-06-21T06:05:41.913;835351552256094222;-498705;-508045;-515845;-650650;
2026-06-21T06:05:41.920;835351552263501630;-498704;-508044;-515844;-650650;
2026-06-21T06:05:41.928;835351552270909037;-498705;-508045;-515845;-650650;
2026-06-21T06:05:41.935;835351552278316444;-498708;-508048;-515848;-650650;
2026-06-21T06:05:41.942;835351552285723852;-498712;-508052;-515852;-650650;
2026-06-21T06:05:41.950;835351552293131259;-498715;-508055;-515855;-650650;
2026-06-21T06:05:41.957;835351552300538667;-498718;-508058;-515858;-650650;
2026-06-21T06:05:41.965;835351552307946074;-498719;-508059;-515859;-650650;
2026-06-21T06:05:41.972;835351552315353481;-498718;-508058;-515858;-650650;
2026-06-21T06:05:41.979;835351552322760889;-498714;-508054;-515854;-650650;
2026-06-21T06:05:41.987;835351552330168296;-498706;-508046;-515846;-650650;
2026-06-21T06:05:41.994;835351552337575704;-498694;-508034;-515834;-650650;
2026-06-21T06:05:42.002;835351552344983111;-498678;-508018;-515818;-650650;
2026-06-21T06:05:42.009;835351552352390519;-498657;-507997;-515797;-650650;
2026-06-21T06:05:42.016;835351552359797926;-498631;-507971;-515771;-650650;
2026-06-21T06:05:42.024;835351552367205333;-498599;-507939;-515739;-650650;
2026-06-21T06:05:42.031;835351552374612741;-498563;-507903;-515703;-650650;
2026-06-21T06:05:42.039;835351552382020148;-498521;-507861;-515661;-650650;
2026-06-21T06:05:42.046;835351552389427556;-498475;-507815;-515615;-650650;
2026-06-21T06:05:42.053;835351552396834963;-498424;-507764;-515564;-650650;
2026-06-21T06:05:42.061;835351552404242370;-498368;-507708;-515508;-650650;
2026-06-21T06:05:42.068;835351552411649778;-498309;-507649;-515449;-650650;
2026-06-21T06:05:42.076;835351552419057185;-498246;-507586;-515386;-650650;
2026-06-21T06:05:42.083;835351552426464593;-498181;-507521;-515321;-650650;
2026-06-21T06:05:42.091;835351552433872000;-498114;-507454;-515254;-650650;
2026-06-21T06:05:42.098;835351552441279407;-498046;-507386;-515186;-650650;
2026-06-21T06:05:42.105;835351552448686815;-497977;-507317;-515117;-650650;
2026-06-21T06:05:42.113;835351552456094222;-497910;-507250;-515050;-650650;
2026-06-21T06:05:42.120;835351552463501630;-497843;-507183;-514983;-650650;
2026-06-21T06:05:42.128;835351552470909037;-497780;-507120;-514920;-650650;
2026-06-21T06:05:42.135;835351552478316444;-497720;-507060;-514860;-650650;
2026-06-21T06:05:42.142;835351552485723852;-497664;-507004;-514804;-650650;
2026-06-21T06:05:42.150;835351552493131259;-497614;-506954;-514754;-650650;
2026-06-21T06:05:42.157;835351552500538667;-497570;-506910;-514710;-650650;
2026-06-21T06:05:42.165;835351552507946074;-497535;-506875;-514675;-650650;
2026-06-21T06:05:42.172;835351552515353481;-497507;-506847;-514647;-650650;
2026-06-21T06:05:42.179;835351552522760889;-497489;-506829;-514629;-650650;
2026-06-21T06:05:42.187;835351552530168296;-497480;-506820;-514620;-650650;
2026-06-21T06:05:42.194;835351552537575704;-497483;-506823;-514623;-650650;
2026-06-21T06:05:42.202;835351552544983111;-497497;-506837;-514637;-650650;
2026-06-21T06:05:42.209;835351552552390519;-497523;-506863;-514663;-650650;
2026-06-21T06:05:42.216;835351552559797926;-497561;-506901;-514701;-650650;
2026-06-21T06:05:42.224;835351552567205333;-497613;-506953;-514753;-650650;
2026-06-21T06:05:42.231;835351552574612741;-497677;-507017;-514817;-650650;
2026-06-21T06:05:42.239;835351552582020148;-497754;-507094;-514894;-650650;
2026-06-21T06:05:42.246;835351552589427556;-497845;-507185;-514985;-650650;
2026-06-21T06:05:42.253;835351552596834963;-497948;-507288;-515088;-650650;
2026-06-21T06:05:42.261;835351552604242370;-498064;-507404;-515204;-650650;
2026-06-21T06:05:42.268;835351552611649778;-498193;-507533;-515333;-650650;
2026-06-21T06:05:42.276;835351552619057185;-498334;-507674;-515474;-650650;
2026-06-21T06:05:42.283;835351552626464593;-498486;-507826;-515626;-650650;
2026-06-21T06:05:42.291;835351552633872000;-498648;-507988;-515788;-650650;
2026-06-21T06:05:42.298;835351552641279407;-498820;-508160;-515960;-650650;
2026-06-21T06:05:42.305;835351552648686815;-499001;-508341;-516141;-650650;
2026-06-21T06:05:42.313;835351552656094222;-499189;-508529;-516329;-650650;
2026-06-21T06:05:42.320;835351552663501630;-499385;-508725;-516525;-650650;
2026-06-21T06:05:42.328;835351552670909037;-499585;-508925;-516725;-650650;
2026-06-21T06:05:42.335;835351552678316444;-499790;-509130;-516930;-650650;
2026-06-21T06:05:42.342;835351552685723852;-499997;-509337;-517137;-650650;
2026-06-21T06:05:42.350;835351552693131259;-500206;-509546;-517346;-650650;
2026-06-21T06:05:42.357;835351552700538667;-500416;-509756;-517556;-650650;
2026-06-21T06:05:42.365;835351552707946074;-500623;-509963;-517763;-650650;
2026-06-21T06:05:42.372;835351552715353481;-500828;-510168;-517968;-650650;
2026-06-21T06:05:42.379;835351552722760889;-501029;-510369;-518169;-650650;
2026-06-21T06:05:42.387;835351552730168296;-501224;-510564;-518364;-650650;
2026-06-21T06:05:42.394;835351552737575704;-501413;-510753;-518553;-650650;
2026-06-21T06:05:42.402;835351552744983111;-501593;-510933;-518733;-650650;
2026-06-21T06:05:42.409;835351552752390519;-501763;-511103;-518903;-650650;
2026-06-21T06:05:42.416;835351552759797926;-501923;-511263;-519063;-650650;
2026-06-21T06:05:42.424;835351552767205333;-502072;-511412;-519212;-650650;
2026-06-21T06:05:42.431;835351552774612741;-502207;-511547;-519347;-650650;
2026-06-21T06:05:42.439;835351552782020148;-502329;-511669;-519469;-650650;
2026-06-21T06:05:42.446;835351552789427556;-502437;-511777;-519577;-650650;
2026-06-21T06:05:42.453;835351552796834963;-502529;-511869;-519669;-650650;
2026-06-21T06:05:42.461;835351552804242370;-502606;-511946;-519746;-650650;
2026-06-21T06:05:42.468;835351552811649778;-502667;-512007;-519807;-650650;
2026-06-21T06:05:42.476;835351552819057185;-502711;-512051;-519851;-650650;
2026-06-21T06:05:42.483;835351552826464593;-502739;-512079;-519879;-650650;
2026-06-21T06:05:42.491;835351552833872000;-502750;-512090;-519890;-650650;
2026-06-21T06:05:42.498;835351552841279407;-502745;-512085;-519885;-650650;
2026-06-21T06:05:42.505;835351552848686815;-502724;-512064;-519864;-650650;
2026-06-21T06:05:42.513;835351552856094222;-502687;-512027;-519827;-650650;
2026-06-21T06:05:42.520;835351552863501630;-502634;-511974;-519774;-650650;
2026-06-21T06:05:42.528;835351552870909037;-502567;-511907;-519707;-650650;
2026-06-21T06:05:42.535;835351552878316444;-502486;-511826;-519626;-650650;
2026-06-21T06:05:42.542;835351552885723852;-502391;-511731;-519531;-650650;
2026-06-21T06:05:42.550;835351552893131259;-502285;-511625;-519425;-650650;
2026-06-21T06:05:42.557;835351552900538667;-502167;-511507;-519307;-650650;
2026-06-21T06:05:42.565;835351552907946074;-502039;-511379;-519179;-650650;
2026-06-21T06:05:42.572;835351552915353481;-501902;-511242;-519042;-650650;
2026-06-21T06:05:42.579;835351552922760889;-501757;-511097;-518897;-650650;
2026-06-21T06:05:42.587;835351552930168296;-501606;-510946;-518746;-650650;
2026-06-21T06:05:42.594;835351552937575704;-501449;-510789;-518589;-650650;
2026-06-21T06:05:42.602;835351552944983111;-501288;-510628;-518428;-650650;
2026-06-21T06:05:42.609;835351552952390519;-501124;-510464;-518264;-650650;
2026-06-21T06:05:42.616;835351552959797926;-500959;-510299;-518099;-650650;
2026-06-21T06:05:42.624;835351552967205333;-500794;-510134;-517934;-650650;
2026-06-21T06:05:42.631;835351552974612741;-500630;-509970;-517770;-650650;
2026-06-21T06:05:42.639;835351552982020148;-500467;-509807;-517607;-650650;
2026-06-21T06:05:42.646;835351552989427556;-500308;-509648;-517448;-650650;
2026-06-21T06:05:42.653;835351552996834963;-500153;-509493;-517293;-650650;
2026-06-21T06:05:42.661;835351553004242370;-500003;-509343;-517143;-650650;
2026-06-21T06:05:42.668;835351553011649778;-499860;-509200;-517000;-650650;
2026-06-21T06:05:42.676;835351553019057185;-499723;-509063;-516863;-650650;
2026-06-21T06:05:42.683;835351553026464593;-499593;-508933;-516733;-650650;
2026-06-21T06:05:42.691;835351553033872000;-499472;-508812;-516612;-650650;
2026-06-21T06:05:42.698;835351553041279407;-499359;-508699;-516499;-650650;
2026-06-21T06:05:42.705;835351553048686815;-499255;-508595;-516395;-650650;
2026-06-21T06:05:42.713;835351553056094222;-499160;-508500;-516300;-650650;
2026-06-21T06:05:42.720;835351553063501630;-499075;-508415;-516215;-650650;
2026-06-21T06:05:42.728;835351553070909037;-498998;-508338;-516138;-650650;
2026-06-21T06:05:42.735;835351553078316444;-498931;-508271;-516071;-650650;
2026-06-21T06:05:42.742;835351553085723852;-498873;-508213;-516013;-650650;
2026-06-21T06:05:42.750;835351553093131259;-498823;-508163;-515963;-650650;
2026-06-21T06:05:42.757;835351553100538667;-498782;-508122;-515922;-650650;
2026-06-21T06:05:42.765;835351553107946074;-498748;-508088;-515888;-650650;
2026-06-21T06:05:42.772;835351553115353481;-498721;-508061;-515861;-650650;
2026-06-21T06:05:42.779;835351553122760889;-498701;-508041;-515841;-650650;
2026-06-21T06:05:42.787;835351553130168296;-498687;-508027;-515827;-650650;
2026-06-21T06:05:42.794;835351553137575704;-498677;-508017;-515817;-650650;
2026-06-21T06:05:42.802;835351553144983111;-498672;-508012;-515812;-650650;
2026-06-21T06:05:42.809;835351553152390519;-498671;-508011;-515811;-650650;
2026-06-21T06:05:42.816;835351553159797926;-498672;-508012;-515812;-650650;
2026-06-21T06:05:42.824;835351553167205333;-498674;-508014;-515814;-650650;
2026-06-21T06:05:42.831;835351553174612741;-498678;-508018;-515818;-650650;
2026-06-21T06:05:42.839;835351553182020148;-498681;-508021;-515821;-650650;
2026-06-21T06:05:42.846;835351553189427556;-498684;-508024;-515824;-650650;
2026-06-21T06:05:42.853;835351553196834963;-498685;-508025;-515825;-650650;
2026-06-21T06:05:42.861;835351553204242370;-498685;-508025;-515825;-650650;
2026-06-21T06:05:42.868;835351553211649778;-498681;-508021;-515821;-650650;
2026-06-21T06:05:42.876;835351553219057185;-498673;-508013;-515813;-650650;
2026-06-21T06:05:42.883;835351553226464593;-498662;-508002;-515802;-650650;
2026-06-21T06:05:42.891;835351553233872000;-498646;-507986;-515786;-650650;
2026-06-21T06:05:42.898;835351553241279407;-498626;-507966;-515766;-650650;
2026-06-21T06:05:42.905;835351553248686815;-498601;-507941;-515741;-650650;
2026-06-21T06:05:42.913;835351553256094222;-498570;-507910;-515710;-650651;
2026-06-21T06:05:42.920;835351553263501630;-498534;-507874;-515674;-650651;
2026-06-21T06:05:42.928;835351553270909037;-498493;-507833;-515633;-650651;
2026-06-21T06:05:42.935;835351553278316444;-498447;-507787;-515587;-650651;
2026-06-21T06:05:42.942;835351553285723852;-498397;-507737;-515537;-650651;
2026-06-21T06:05:42.950;835351553293131259;-498342;-507682;-515482;-650651;
2026-06-21T06:05:42.957;835351553300538667;-498283;-507623;-515423;-650651;
2026-06-21T06:05:42.965;835351553307946074;-498220;-507560;-515360;-650651;
2026-06-21T06:05:42.972;835351553315353481;-498155;-507495;-515295;-650651;
2026-06-21T06:05:42.979;835351553322760889;-498088;-507428;-515228;-650651;
2026-06-21T06:05:42.987;835351553330168296;-498020;-507360;-515160;-650651;
2026-06-21T06:05:42.994;835351553337575704;-497952;-507292;-515092;-650651;
2026-06-21T06:05:43.002;835351553344983111;-497883;-507223;-515023;-650651;
2026-06-21T06:05:43.009;835351553352390519;-497817;-507157;-514957;-650651;
2026-06-21T06:05:43.016;835351553359797926;-497753;-507093;-514893;-650651;
2026-06-21T06:05:43.024;835351553367205333;-497692;-507032;-514832;-650651;
2026-06-21T06:05:43.031;835351553374612741;-497636;-506976;-514776;-650651;
2026-06-21T06:05:43.039;835351553382020148;-497585;-506925;-514725;-650651;
2026-06-21T06:05:43.046;835351553389427556;-497541;-506881;-514681;-650651;
2026-06-21T06:05:43.053;835351553396834963;-497504;-506844;-514644;-650651;
2026-06-21T06:05:43.061;835351553404242370;-497475;-506815;-514615;-650651;
2026-06-21T06:05:43.068;835351553411649778;-497456;-506796;-514596;-650651;
2026-06-21T06:05:43.076;835351553419057185;-497447;-506787;-514587;-650651;
2026-06-21T06:05:43.083;835351553426464593;-497448;-506788;-514588;-650651;
2026-06-21T06:05:43.091;835351553433872000;-497461;-506801;-514601;-650651;
2026-06-21T06:05:43.098;835351553441279407;-497486;-506826;-514626;-650651;
2026-06-21T06:05:43.105;835351553448686815;-497523;-506863;-514663;-650651;
2026-06-21T06:05:43.113;835351553456094222;-497573;-506913;-514713;-650651;
2026-06-21T06:05:43.120;835351553463501630;-497636;-506976;-514776;-650651;
2026-06-21T06:05:43.128;835351553470909037;-497712;-507052;-514852;-650651;
2026-06-21T06:05:43.135;835351553478316444;-497801;-507141;-514941;-650651;
2026-06-21T06:05:43.142;835351553485723852;-497904;-507244;-515044;-650651;
2026-06-21T06:05:43.150;835351553493131259;-498019;-507359;-515159;-650651;
2026-06-21T06:05:43.157;835351553500538667;-498147;-507487;-515287;-650651;
2026-06-21T06:05:43.165;835351553507946074;-498286;-507626;-515426;-650651;
2026-06-21T06:05:43.172;835351553515353481;-498437;-507777;-515577;-650651;
2026-06-21T06:05:43.179;835351553522760889;-498599;-507939;-515739;-650651;
2026-06-21T06:05:43.187;835351553530168296;-498770;-508110;-515910;-650651;
2026-06-21T06:05:43.194;835351553537575704;-498951;-508291;-516091;-650651;
2026-06-21T06:05:43.202;835351553544983111;-499139;-508479;-516279;-650651;
2026-06-21T06:05:43.209;835351553552390519;-499334;-508674;-516474;-650651;
2026-06-21T06:05:43.216;835351553559797926;-499534;-508874;-516674;-650651;
2026-06-21T06:05:43.224;835351553567205333;-499739;-509079;-516879;-650651;
2026-06-21T06:05:43.231;835351553574612741;-499946;-509286;-517086;-650651;
2026-06-21T06:05:43.239;835351553582020148;-500155;-509495;-517295;-650651;
2026-06-21T06:05:43.246;835351553589427556;-500365;-509705;-517505;-650651;
2026-06-21T06:05:43.253;835351553596834963;-500573;-509913;-517713;-650651;
2026-06-21T06:05:43.261;835351553604242370;-500778;-510118;-517918;-650651;
2026-06-21T06:05:43.268;835351553611649778;-500980;-510320;-518120;-650651;
2026-06-21T06:05:43.276;835351553619057185;-501176;-510516;-518316;-650651;
2026-06-21T06:05:43.283;835351553626464593;-501365;-510705;-518505;-650651;
2026-06-21T06:05:43.291;835351553633872000;-501545;-510885;-518685;-650651;
2026-06-21T06:05:43.298;835351553641279407;-501717;-511057;-518857;-650651;
2026-06-21T06:05:43.305;835351553648686815;-501878;-511218;-519018;-650651;
2026-06-21T06:05:43.313;835351553656094222;-502027;-511367;-519167;-650651;
2026-06-21T06:05:43.320;835351553663501630;-502164;-511504;-519304;-650651;
2026-06-21T06:05:43.328;835351553670909037;-502287;-511627;-519427;-650651;
2026-06-21T06:05:43.335;835351553678316444;-502395;-511735;-519535;-650651;
2026-06-21T06:05:43.342;835351553685723852;-502489;-511829;-519629;-650651;
2026-06-21T06:05:43.350;835351553693131259;-502567;-511907;-519707;-650651;
2026-06-21T06:05:43.357;835351553700538667;-502629;-511969;-519769;-650651;
2026-06-21T06:05:43.365;835351553707946074;-502674;-512014;-519814;-650651;
2026-06-21T06:05:43.372;835351553715353481;-502703;-512043;-519843;-650651;
2026-06-21T06:05:43.379;835351553722760889;-502715;-512055;-519855;-650651;
2026-06-21T06:05:43.387;835351553730168296;-502711;-512051;-519851;-650651;
2026-06-21T06:05:43.394;835351553737575704;-502691;-512031;-519831;-650651;
2026-06-21T06:05:43.402;835351553744983111;-502654;-511994;-519794;-650651;
2026-06-21T06:05:43.409;835351553752390519;-502603;-511943;-519743;-650651;
2026-06-21T06:05:43.416;835351553759797926;-502536;-511876;-519676;-650651;
2026-06-21T06:05:43.424;835351553767205333;-502456;-511796;-519596;-650651;
2026-06-21T06:05:43.431;835351553774612741;-502362;-511702;-519502;-650651;
2026-06-21T06:05:43.439;835351553782020148;-502256;-511596;-519396;-650651;
2026-06-21T06:05:43.446;835351553789427556;-502138;-511478;-519278;-650651;
2026-06-21T06:05:43.453;835351553796834963;-502011;-511351;-519151;-650651;
2026-06-21T06:05:43.461;835351553804242370;-501874;-511214;-519014;-650651;
2026-06-21T06:05:43.468;835351553811649778;-501729;-511069;-518869;-650651;
2026-06-21T06:05:43.476;835351553819057185;-501578;-510918;-518718;-650651;
2026-06-21T06:05:43.483;835351553826464593;-501421;-510761;-518561;-650651;
2026-06-21T06:05:43.491;835351553833872000;-501260;-510600;-518400;-650651;
2026-06-21T06:05:43.498;835351553841279407;-501097;-510437;-518237;-650651;
2026-06-21T06:05:43.505;835351553848686815;-500931;-510271;-518071;-650651;
2026-06-21T06:05:43.513;835351553856094222;-500766;-510106;-517906;-650651;
2026-06-21T06:05:43.520;835351553863501630;-500601;-509941;-517741;-650651;
2026-06-21T06:05:43.528;835351553870909037;-500439;-509779;-517579;-650651;
2026-06-21T06:05:43.535;835351553878316444;-500279;-509619;-517419;-650651;
2026-06-21T06:05:43.542;835351553885723852;-500124;-509464;-517264;-650651;
2026-06-21T06:05:43.550;835351553893131259;-499974;-509314;-517114;-650651;
2026-06-21T06:05:43.557;835351553900538667;-499830;-509170;-516970;-650651;
2026-06-21T06:05:43.565;835351553907946074;-499692;-509032;-516832;-650651;
2026-06-21T06:05:43.572;835351553915353481;-499563;-508903;-516703;-650651;
2026-06-21T06:05:43.579;835351553922760889;-499441;-508781;-516581;-650651;
2026-06-21T06:05:43.587;835351553930168296;-499328;-508668;-516468;-650651;
2026-06-21T06:05:43.594;835351553937575704;-499223;-508563;-516363;-650651;
2026-06-21T06:05:43.602;835351553944983111;-499128;-508468;-516268;-650651;
2026-06-21T06:05:43.609;835351553952390519;-499042;-508382;-516182;-650651;
2026-06-21T06:05:43.616;835351553959797926;-498965;-508305;-516105;-650651;
2026-06-21T06:05:43.624;835351553967205333;-498898;-508238;-516038;-650651;
2026-06-21T06:05:43.631;835351553974612741;-498839;-508179;-515979;-650651;
2026-06-21T06:05:43.639;835351553982020148;-498789;-508129;-515929;-650651;
2026-06-21T06:05:43.646;835351553989427556;-498747;-508087;-515887;-650651;
2026-06-21T06:05:43.653;835351553996834963;-498713;-508053;-515853;-650651;
2026-06-21T06:05:43.661;835351554004242370;-498686;-508026;-515826;-650651;
2026-06-21T06:05:43.668;835351554011649778;-498666;-508006;-515806;-650651;
2026-06-21T06:05:43.676;835351554019057185;-498651;-507991;-515791;-650651;
2026-06-21T06:05:43.683;835351554026464593;-498642;-507982;-515782;-650651;
2026-06-21T06:05:43.691;835351554033872000;-498637;-507977;-515777;-650651;
2026-06-21T06:05:43.698;835351554041279407;-498635;-507975;-515775;-650651;
2026-06-21T06:05:43.705;835351554048686815;-498636;-507976;-515776;-650651;
2026-06-21T06:05:43.713;835351554056094222;-498639;-507979;-515779;-650651;
2026-06-21T06:05:43.720;835351554063501630;-498642;-507982;-515782;-650651;
2026-06-21T06:05:43.728;835351554070909037;-498646;-507986;-515786;-650651;
2026-06-21T06:05:43.735;835351554078316444;-498649;-507989;-515789;-650651;
2026-06-21T06:05:43.742;835351554085723852;-498650;-507990;-515790;-650651;
2026-06-21T06:05:43.750;835351554093131259;-498649;-507989;-515789;-650651;
2026-06-21T06:05:43.757;835351554100538667;-498645;-507985;-515785;-650651;
2026-06-21T06:05:43.765;835351554107946074;-498638;-507978;-515778;-650651;
2026-06-21T06:05:43.772;835351554115353481;-498627;-507967;-515767;-650651;
2026-06-21T06:05:43.779;835351554122760889;-498611;-507951;-515751;-650651;
2026-06-21T06:05:43.787;835351554130168296;-498591;-507931;-515731;-650651;
2026-06-21T06:05:43.794;835351554137575704;-498565;-507905;-515705;-650651;
2026-06-21T06:05:43.802;835351554144983111;-498535;-507875;-515675;-650651;
2026-06-21T06:05:43.809;835351554152390519;-498499;-507839;-515639;-650651;
2026-06-21T06:05:43.816;835351554159797926;-498458;-507798;-515598;-650651;
2026-06-21T06:05:43.824;835351554167205333;-498412;-507752;-515552;-650651;
2026-06-21T06:05:43.831;835351554174612741;-498361;-507701;-515501;-650651;
2026-06-21T06:05:43.839;835351554182020148;-498306;-507646;-515446;-650651;
2026-06-21T06:05:43.846;835351554189427556;-498247;-507587;-515387;-650651;
2026-06-21T06:05:43.853;835351554196834963;-498185;-507525;-515325;-650651;
2026-06-21T06:05:43.861;835351554204242370;-498120;-507460;-515260;-650651;
2026-06-21T06:05:43.868;835351554211649778;-498053;-507393;-515193;-650651;
2026-06-21T06:05:43.876;835351554219057185;-497984;-507324;-515124;-650651;
2026-06-21T06:05:43.883;835351554226464593;-497916;-507256;-515056;-650651;
2026-06-21T06:05:43.891;835351554233872000;-497847;-507187;-514987;-650651;
2026-06-21T06:05:43.898;835351554241279407;-497781;-507121;-514921;-650651;
2026-06-21T06:05:43.905;835351554248686815;-497717;-507057;-514857;-650651;
2026-06-21T06:05:43.913;835351554256094222;-497656;-506996;-514796;-650651;
2026-06-21T06:05:43.920;835351554263501630;-497600;-506940;-514740;-650651;
2026-06-21T06:05:43.928;835351554270909037;-497549;-506889;-514689;-650651;
2026-06-21T06:05:43.935;835351554278316444;-497505;-506845;-514645;-650651;
2026-06-21T06:05:43.942;835351554285723852;-497468;-506808;-514608;-650651;
2026-06-21T06:05:43.950;835351554293131259;-497439;-506779;-514579;-650651;
2026-06-21T06:05:43.957;835351554300538667;-497420;-506760;-514560;-650651;
2026-06-21T06:05:43.965;835351554307946074;-497411;-506751;-514551;-650651;
2026-06-21T06:05:43.972;835351554315353481;-497412;-506752;-514552;-650651;
2026-06-21T06:05:43.979;835351554322760889;-497425;-506765;-514565;-650651;
2026-06-21T06:05:43.987;835351554330168296;-497450;-506790;-514590;-650651;
2026-06-21T06:05:43.994;835351554337575704;-497487;-506827;-514627;-650651;
2026-06-21T06:05:44.002;835351554344983111;-497538;-506878;-514678;-650651;
2026-06-21T06:05:44.009;835351554352390519;-497601;-506941;-514741;-650651;
2026-06-21T06:05:44.016;835351554359797926;-497677;-507017;-514817;-650651;
2026-06-21T06:05:44.024;835351554367205333;-497767;-507107;-514907;-650651;
2026-06-21T06:05:44.031;835351554374612741;-497870;-507210;-515010;-650651;
2026-06-21T06:05:44.039;835351554382020148;-497985;-507325;-515125;-650651;
2026-06-21T06:05:44.046;835351554389427556;-498113;-507453;-515253;-650651;
2026-06-21T06:05:44.053;835351554396834963;-498253;-507593;-515393;-650651;
2026-06-21T06:05:44.061;835351554404242370;-498404;-507744;-515544;-650651;
2026-06-21T06:05:44.068;835351554411649778;-498566;-507906;-515706;-650651;
2026-06-21T06:05:44.076;835351554419057185;-498738;-508078;-515878;-650651;
2026-06-21T06:05:44.083;835351554426464593;-498919;-508259;-516059;-650651;
2026-06-21T06:05:44.091;835351554433872000;-499107;-508447;-516247;-650651;
2026-06-21T06:05:44.098;835351554441279407;-499302;-508642;-516442;-650651;
2026-06-21T06:05:44.105;835351554448686815;-499503;-508843;-516643;-650651;
2026-06-21T06:05:44.113;835351554456094222;-499708;-509048;-516848;-650651;
2026-06-21T06:05:44.120;835351554463501630;-499916;-509256;-517056;-650651;
2026-06-21T06:05:44.128;835351554470909037;-500125;-509465;-517265;-650651;
2026-06-21T06:05:44.135;835351554478316444;-500334;-509674;-517474;-650651;
2026-06-21T06:05:44.142;835351554485723852;-500543;-509883;-517683;-650651;
2026-06-21T06:05:44.150;835351554493131259;-500748;-510088;-517888;-650651;
2026-06-21T06:05:44.157;835351554500538667;-500949;-510289;-518089;-650651;
2026-06-21T06:05:44.165;835351554507946074;-501145;-510485;-518285;-650651;
2026-06-21T06:05:44.172;835351554515353481;-501334;-510674;-518474;-650651;
2026-06-21T06:05:44.179;835351554522760889;-501515;-510855;-518655;-650651;
2026-06-21T06:05:44.187;835351554530168296;-501686;-511026;-518826;-650651;
2026-06-21T06:05:44.194;835351554537575704;-501847;-511187;-518987;-650652;
2026-06-21T06:05:44.202;835351554544983111;-501996;-511336;-519136;-650652;
2026-06-21T06:05:44.209;835351554552390519;-502132;-511472;-519272;-650652;
2026-06-21T06:05:44.216;835351554559797926;-502255;-511595;-519395;-650652;
2026-06-21T06:05:44.224;835351554567205333;-502363;-511703;-519503;-650652;
2026-06-21T06:05:44.231;835351554574612741;-502456;-511796;-519596;-650652;
2026-06-21T06:05:44.239;835351554582020148;-502533;-511873;-519673;-650652;
2026-06-21T06:05:44.246;835351554589427556;-502594;-511934;-519734;-650652;
2026-06-21T06:05:44.253;835351554596834963;-502639;-511979;-519779;-650652;
2026-06-21T06:05:44.261;835351554604242370;-502667;-512007;-519807;-650652;
2026-06-21T06:05:44.268;835351554611649778;-502679;-512019;-519819;-650652;
2026-06-21T06:05:44.276;835351554619057185;-502674;-512014;-519814;-650652;
2026-06-21T06:05:44.283;835351554626464593;-502653;-511993;-519793;-650652;
2026-06-21T06:05:44.291;835351554633872000;-502616;-511956;-519756;-650652;
2026-06-21T06:05:44.298;835351554641279407;-502564;-511904;-519704;-650652;
2026-06-21T06:05:44.305;835351554648686815;-502496;-511836;-519636;-650652;
2026-06-21T06:05:44.313;835351554656094222;-502415;-511755;-519555;-650652;
2026-06-21T06:05:44.320;835351554663501630;-502321;-511661;-519461;-650652;
2026-06-21T06:05:44.328;835351554670909037;-502214;-511554;-519354;-650652;
2026-06-21T06:05:44.335;835351554678316444;-502096;-511436;-519236;-650652;
2026-06-21T06:05:44.342;835351554685723852;-501968;-511308;-519108;-650652;
2026-06-21T06:05:44.350;835351554693131259;-501831;-511171;-518971;-650652;
2026-06-21T06:05:44.357;835351554700538667;-501685;-511025;-518825;-650652;
2026-06-21T06:05:44.365;835351554707946074;-501534;-510874;-518674;-650652;
2026-06-21T06:05:44.372;835351554715353481;-501377;-510717;-518517;-650652;
2026-06-21T06:05:44.379;835351554722760889;-501216;-510556;-518356;-650652;
2026-06-21T06:05:44.387;835351554730168296;-501052;-510392;-518192;-650652;
2026-06-21T06:05:44.394;835351554737575704;-500886;-510226;-518026;-650652;
2026-06-21T06:05:44.402;835351554744983111;-500721;-510061;-517861;-650652;
2026-06-21T06:05:44.409;835351554752390519;-500556;-509896;-517696;-650652;
2026-06-21T06:05:44.416;835351554759797926;-500393;-509733;-517533;-650652;
2026-06-21T06:05:44.424;835351554767205333;-500234;-509574;-517374;-650652;
2026-06-21T06:05:44.431;835351554774612741;-500079;-509419;-517219;-650652;
2026-06-21T06:05:44.439;835351554782020148;-499929;-509269;-517069;-650652;
2026-06-21T06:05:44.446;835351554789427556;-499785;-509125;-516925;-650652;
2026-06-21T06:05:44.453;835351554796834963;-499648;-508988;-516788;-650652;
2026-06-21T06:05:44.461;835351554804242370;-499519;-508859;-516659;-650652;
2026-06-21T06:05:44.468;835351554811649778;-499397;-508737;-516537;-650652;
2026-06-21T06:05:44.476;835351554819057185;-499285;-508625;-516425;-650652;
2026-06-21T06:05:44.483;835351554826464593;-499181;-508521;-516321;-650652;
2026-06-21T06:05:44.491;835351554833872000;-499086;-508426;-516226;-650652;
2026-06-21T06:05:44.498;835351554841279407;-499000;-508340;-516140;-650652;
2026-06-21T06:05:44.505;835351554848686815;-498924;-508264;-516064;-650652;
2026-06-21T06:05:44.513;835351554856094222;-498857;-508197;-515997;-650652;
2026-06-21T06:05:44.520;835351554863501630;-498799;-508139;-515939;-650652;
2026-06-21T06:05:44.528;835351554870909037;-498749;-508089;-515889;-650652;
2026-06-21T06:05:44.535;835351554878316444;-498708;-508048;-515848;-650652;
2026-06-21T06:05:44.542;835351554885723852;-498674;-508014;-515814;-650652;
2026-06-21T06:05:44.550;835351554893131259;-498648;-507988;-515788;-650652;
2026-06-21T06:05:44.557;835351554900538667;-498628;-507968;-515768;-650652;
2026-06-21T06:05:44.565;835351554907946074;-498614;-507954;-515754;-650652;
2026-06-21T06:05:44.572;835351554915353481;-498605;-507945;-515745;-650652;
2026-06-21T06:05:44.579;835351554922760889;-498600;-507940;-515740;-650652;
2026-06-21T06:05:44.587;835351554930168296;-498598;-507938;-515738;-650652;
2026-06-21T06:05:44.594;835351554937575704;-498599;-507939;-515739;-650652;
2026-06-21T06:05:44.602;835351554944983111;-498602;-507942;-515742;-650652;
2026-06-21T06:05:44.609;835351554952390519;-498606;-507946;-515746;-650652;
2026-06-21T06:05:44.616;835351554959797926;-498609;-507949;-515749;-650652;
2026-06-21T06:05:44.624;835351554967205333;-498612;-507952;-515752;-650652;
2026-06-21T06:05:44.631;835351554974612741;-498613;-507953;-515753;-650652;
2026-06-21T06:05:44.639;835351554982020148;-498612;-507952;-515752;-650652;
2026-06-21T06:05:44.646;835351554989427556;-498608;-507948;-515748;-650652;
2026-06-21T06:05:44.653;835351554996834963;-498600;-507940;-515740;-650652;
2026-06-21T06:05:44.661;835351555004242370;-498589;-507929;-515729;-650652;
2026-06-21T06:05:44.668;835351555011649778;-498573;-507913;-515713;-650652;
2026-06-21T06:05:44.676;835351555019057185;-498552;-507892;-515692;-650652;
2026-06-21T06:05:44.683;835351555026464593;-498526;-507866;-515666;-650652;
2026-06-21T06:05:44.691;835351555033872000;-498495;-507835;-515635;-650652;
2026-06-21T06:05:44.698;835351555041279407;-498459;-507799;-515599;-650652;
2026-06-21T06:05:44.705;835351555048686815;-498417;-507757;-515557;-650652;
2026-06-21T06:05:44.713;835351555056094222;-498371;-507711;-515511;-650652;
2026-06-21T06:05:44.720;835351555063501630;-498320;-507660;-515460;-650652;
2026-06-21T06:05:44.728;835351555070909037;-498265;-507605;-515405;-650652;
2026-06-21T06:05:44.735;835351555078316444;-498205;-507545;-515345;-650652;
2026-06-21T06:05:44.742;835351555085723852;-498143;-507483;-515283;-650652;
2026-06-21T06:05:44.750;835351555093131259;-498077;-507417;-515217;-650652;
2026-06-21T06:05:44.757;835351555100538667;-498010;-507350;-515150;-650652;
2026-06-21T06:05:44.765;835351555107946074;-497942;-507282;-515082;-650652;
2026-06-21T06:05:44.772;835351555115353481;-497873;-507213;-515013;-650652;
2026-06-21T06:05:44.779;835351555122760889;-497805;-507145;-514945;-650652;
2026-06-21T06:05:44.787;835351555130168296;-497739;-507079;-514879;-650652;
2026-06-21T06:05:44.794;835351555137575704;-497675;-507015;-514815;-650652;
2026-06-21T06:05:44.802;835351555144983111;-497614;-506954;-514754;-650652;
2026-06-21T06:05:44.809;835351555152390519;-497558;-506898;-514698;-650652;
2026-06-21T06:05:44.816;835351555159797926;-497508;-506848;-514648;-650652;
2026-06-21T06:05:44.824;835351555167205333;-497464;-506804;-514604;-650652;
2026-06-21T06:05:44.831;835351555174612741;-497428;-506768;-514568;-650652;
2026-06-21T06:05:44.839;835351555182020148;-497400;-506740;-514540;-650652;
2026-06-21T06:05:44.846;835351555189427556;-497382;-506722;-514522;-650652;
2026-06-21T06:05:44.853;835351555196834963;-497373;-506713;-514513;-650652;
2026-06-21T06:05:44.861;835351555204242370;-497376;-506716;-514516;-650652;
2026-06-21T06:05:44.868;835351555211649778;-497390;-506730;-514530;-650652;
2026-06-21T06:05:44.876;835351555219057185;-497416;-506756;-514556;-650652;
2026-06-21T06:05:44.883;835351555226464593;-497454;-506794;-514594;-650652;
2026-06-21T06:05:44.891;835351555233872000;-497505;-506845;-514645;-650652;
2026-06-21T06:05:44.898;835351555241279407;-497570;-506910;-514710;-650652;
2026-06-21T06:05:44.905;835351555248686815;-497647;-506987;-514787;-650652;
2026-06-21T06:05:44.913;835351555256094222;-497738;-507078;-514878;-650652;
2026-06-21T06:05:44.920;835351555263501630;-497842;-507182;-514982;-650652;
2026-06-21T06:05:44.928;835351555270909037;-497959;-507299;-515099;-650652;
2026-06-21T06:05:44.935;835351555278316444;-498088;-507428;-515228;-650652;
2026-06-21T06:05:44.942;835351555285723852;-498229;-507569;-515369;-650652;
2026-06-21T06:05:44.950;835351555293131259;-498381;-507721;-515521;-650652;
2026-06-21T06:05:44.957;835351555300538667;-498544;-507884;-515684;-650652;
2026-06-21T06:05:44.965;835351555307946074;-498717;-508057;-515857;-650652;
2026-06-21T06:05:44.972;835351555315353481;-498898;-508238;-516038;-650652;
2026-06-21T06:05:44.979;835351555322760889;-499087;-508427;-516227;-650652;
2026-06-21T06:05:44.987;835351555330168296;-499283;-508623;-516423;-650652;
2026-06-21T06:05:44.994;835351555337575704;-499484;-508824;-516624;-650652;
2026-06-21T06:05:45.002;835351555344983111;-499689;-509029;-516829;-650652;
2026-06-21T06:05:45.009;835351555352390519;-499897;-509237;-517037;-650652;
2026-06-21T06:05:45.016;835351555359797926;-500107;-509447;-517247;-650652;
2026-06-21T06:05:45.024;835351555367205333;-500316;-509656;-517456;-650652;
2026-06-21T06:05:45.031;835351555374612741;-500524;-509864;-517664;-650652;
2026-06-21T06:05:45.039;835351555382020148;-500730;-510070;-517870;-650652;
2026-06-21T06:05:45.046;835351555389427556;-500930;-510270;-518070;-650652;
2026-06-21T06:05:45.053;835351555396834963;-501126;-510466;-518266;-650652;
2026-06-21T06:05:45.061;835351555404242370;-501314;-510654;-518454;-650652;
2026-06-21T06:05:45.068;835351555411649778;-501494;-510834;-518634;-650652;
2026-06-21T06:05:45.076;835351555419057185;-501664;-511004;-518804;-650652;
2026-06-21T06:05:45.083;835351555426464593;-501824;-511164;-518964;-650653;
2026-06-21T06:05:45.091;835351555433872000;-501972;-511312;-519112;-650653;
2026-06-21T06:05:45.098;835351555441279407;-502107;-511447;-519247;-650653;
2026-06-21T06:05:45.105;835351555448686815;-502228;-511568;-519368;-650653;
2026-06-21T06:05:45.113;835351555456094222;-502335;-511675;-519475;-650653;
2026-06-21T06:05:45.120;835351555463501630;-502426;-511766;-519566;-650653;
2026-06-21T06:05:45.128;835351555470909037;-502502;-511842;-519642;-650653;
2026-06-21T06:05:45.135;835351555478316444;-502562;-511902;-519702;-650653;
2026-06-21T06:05:45.142;835351555485723852;-502605;-511945;-519745;-650653;
2026-06-21T06:05:45.150;835351555493131259;-502632;-511972;-519772;-650653;
2026-06-21T06:05:45.157;835351555500538667;-502642;-511982;-519782;-650653;
2026-06-21T06:05:45.165;835351555507946074;-502635;-511975;-519775;-650653;
2026-06-21T06:05:45.172;835351555515353481;-502612;-511952;-519752;-650653;
2026-06-21T06:05:45.179;835351555522760889;-502574;-511914;-519714;-650653;
2026-06-21T06:05:45.187;835351555530168296;-502520;-511860;-519660;-650653;
2026-06-21T06:05:45.194;835351555537575704;-502451;-511791;-519591;-650653;
2026-06-21T06:05:45.202;835351555544983111;-502369;-511709;-519509;-650653;
2026-06-21T06:05:45.209;835351555552390519;-502273;-511613;-519413;-650653;
2026-06-21T06:05:45.216;835351555559797926;-502165;-511505;-519305;-650653;
2026-06-21T06:05:45.224;835351555567205333;-502046;-511386;-519186;-650653;
2026-06-21T06:05:45.231;835351555574612741;-501917;-511257;-519057;-650653;
2026-06-21T06:05:45.239;835351555582020148;-501779;-511119;-518919;-650653;
2026-06-21T06:05:45.246;835351555589427556;-501633;-510973;-518773;-650653;
2026-06-21T06:05:45.253;835351555596834963;-501480;-510820;-518620;-650653;
2026-06-21T06:05:45.261;835351555604242370;-501323;-510663;-518463;-650653;
2026-06-21T06:05:45.268;835351555611649778;-501161;-510501;-518301;-650653;
2026-06-21T06:05:45.276;835351555619057185;-500997;-510337;-518137;-650653;
2026-06-21T06:05:45.283;835351555626464593;-500832;-510172;-517972;-650653;
2026-06-21T06:05:45.291;835351555633872000;-500666;-510006;-517806;-650653;
2026-06-21T06:05:45.298;835351555641279407;-500501;-509841;-517641;-650653;
2026-06-21T06:05:45.305;835351555648686815;-500339;-509679;-517479;-650653;
2026-06-21T06:05:45.313;835351555656094222;-500180;-509520;-517320;-650653;
2026-06-21T06:05:45.320;835351555663501630;-500025;-509365;-517165;-650653;
2026-06-21T06:05:45.328;835351555670909037;-499876;-509216;-517016;-650653;
2026-06-21T06:05:45.335;835351555678316444;-499733;-509073;-516873;-650653;
2026-06-21T06:05:45.342;835351555685723852;-499597;-508937;-516737;-650653;
2026-06-21T06:05:45.350;835351555693131259;-499468;-508808;-516608;-650653;
2026-06-21T06:05:45.357;835351555700538667;-499347;-508687;-516487;-650653;
2026-06-21T06:05:45.365;835351555707946074;-499236;-508576;-516376;-650653;
2026-06-21T06:05:45.372;835351555715353481;-499133;-508473;-516273;-650653;
2026-06-21T06:05:45.379;835351555722760889;-499039;-508379;-516179;-650653;
2026-06-21T06:05:45.387;835351555730168296;-498954;-508294;-516094;-650653;
2026-06-21T06:05:45.394;835351555737575704;-498879;-508219;-516019;-650653;
2026-06-21T06:05:45.402;835351555744983111;-498813;-508153;-515953;-650653;
2026-06-21T06:05:45.409;835351555752390519;-498755;-508095;-515895;-650653;
2026-06-21T06:05:45.416;835351555759797926;-498707;-508047;-515847;-650653;
2026-06-21T06:05:45.424;835351555767205333;-498666;-508006;-515806;-650653;
2026-06-21T06:05:45.431;835351555774612741;-498634;-507974;-515774;-650653;
2026-06-21T06:05:45.439;835351555782020148;-498608;-507948;-515748;-650653;
2026-06-21T06:05:45.446;835351555789427556;-498588;-507928;-515728;-650653;
2026-06-21T06:05:45.453;835351555796834963;-498575;-507915;-515715;-650653;
2026-06-21T06:05:45.461;835351555804242370;-498566;-507906;-515706;-650653;
2026-06-21T06:05:45.468;835351555811649778;-498562;-507902;-515702;-650653;
2026-06-21T06:05:45.476;835351555819057185;-498561;-507901;-515701;-650653;
2026-06-21T06:05:45.483;835351555826464593;-498562;-507902;-515702;-650653;
2026-06-21T06:05:45.491;835351555833872000;-498565;-507905;-515705;-650653;
2026-06-21T06:05:45.498;835351555841279407;-498568;-507908;-515708;-650653;
2026-06-21T06:05:45.505;835351555848686815;-498572;-507912;-515712;-650653;
2026-06-21T06:05:45.513;835351555856094222;-498574;-507914;-515714;-650653;
2026-06-21T06:05:45.520;835351555863501630;-498575;-507915;-515715;-650653;
2026-06-21T06:05:45.528;835351555870909037;-498574;-507914;-515714;-650653;
2026-06-21T06:05:45.535;835351555878316444;-498569;-507909;-515709;-650653;
2026-06-21T06:05:45.542;835351555885723852;-498562;-507902;-515702;-650653;
2026-06-21T06:05:45.550;835351555893131259;-498549;-507889;-515689;-650653;
2026-06-21T06:05:45.557;835351555900538667;-498533;-507873;-515673;-650653;
2026-06-21T06:05:45.565;835351555907946074;-498512;-507852;-515652;-650653;
2026-06-21T06:05:45.572;835351555915353481;-498485;-507825;-515625;-650653;
2026-06-21T06:05:45.579;835351555922760889;-498454;-507794;-515594;-650653;
2026-06-21T06:05:45.587;835351555930168296;-498417;-507757;-515557;-650653;
2026-06-21T06:05:45.594;835351555937575704;-498375;-507715;-515515;-650653;
2026-06-21T06:05:45.602;835351555944983111;-498328;-507668;-515468;-650653;
2026-06-21T06:05:45.609;835351555952390519;-498276;-507616;-515416;-650653;
2026-06-21T06:05:45.616;835351555959797926;-498220;-507560;-515360;-650653;
2026-06-21T06:05:45.624;835351555967205333;-498161;-507501;-515301;-650653;
2026-06-21T06:05:45.631;835351555974612741;-498098;-507438;-515238;-650653;
2026-06-21T06:05:45.639;835351555982020148;-498032;-507372;-515172;-650653;
2026-06-21T06:05:45.646;835351555989427556;-497965;-507305;-515105;-650653;
2026-06-21T06:05:45.653;835351555996834963;-497896;-507236;-515036;-650653;
2026-06-21T06:05:45.661;835351556004242370;-497828;-507168;-514968;-650653;
2026-06-21T06:05:45.668;835351556011649778;-497760;-507100;-514900;-650653;
2026-06-21T06:05:45.676;835351556019057185;-497693;-507033;-514833;-650653;
2026-06-21T06:05:45.683;835351556026464593;-497630;-506970;-514770;-650653;
2026-06-21T06:05:45.691;835351556033872000;-497570;-506910;-514710;-650653;
2026-06-21T06:05:45.698;835351556041279407;-497514;-506854;-514654;-650653;
2026-06-21T06:05:45.705;835351556048686815;-497465;-506805;-514605;-650653;
2026-06-21T06:05:45.713;835351556056094222;-497422;-506762;-514562;-650653;
2026-06-21T06:05:45.720;835351556063501630;-497387;-506727;-514527;-650653;
2026-06-21T06:05:45.728;835351556070909037;-497360;-506700;-514500;-650653;
2026-06-21T06:05:45.735;835351556078316444;-497342;-506682;-514482;-650653;
2026-06-21T06:05:45.742;835351556085723852;-497335;-506675;-514475;-650653;
2026-06-21T06:05:45.750;835351556093131259;-497339;-506679;-514479;-650653;
2026-06-21T06:05:45.757;835351556100538667;-497354;-506694;-514494;-650653;
2026-06-21T06:05:45.765;835351556107946074;-497381;-506721;-514521;-650653;
2026-06-21T06:05:45.772;835351556115353481;-497421;-506761;-514561;-650653;
2026-06-21T06:05:45.779;835351556122760889;-497474;-506814;-514614;-650653;
2026-06-21T06:05:45.787;835351556130168296;-497540;-506880;-514680;-650653;
2026-06-21T06:05:45.794;835351556137575704;-497619;-506959;-514759;-650653;
2026-06-21T06:05:45.802;835351556144983111;-497711;-507051;-514851;-650653;
2026-06-21T06:05:45.809;835351556152390519;-497816;-507156;-514956;-650654;
2026-06-21T06:05:45.816;835351556159797926;-497934;-507274;-515074;-650654;
2026-06-21T06:05:45.824;835351556167205333;-498065;-507405;-515205;-650654;
2026-06-21T06:05:45.831;835351556174612741;-498207;-507547;-515347;-650654;
2026-06-21T06:05:45.839;835351556182020148;-498361;-507701;-515501;-650654;
2026-06-21T06:05:45.846;835351556189427556;-498525;-507865;-515665;-650654;
2026-06-21T06:05:45.853;835351556196834963;-498699;-508039;-515839;-650654;
2026-06-21T06:05:45.861;835351556204242370;-498881;-508221;-516021;-650654;
2026-06-21T06:05:45.868;835351556211649778;-499071;-508411;-516211;-650654;
2026-06-21T06:05:45.876;835351556219057185;-499267;-508607;-516407;-650654;
2026-06-21T06:05:45.883;835351556226464593;-499469;-508809;-516609;-650654;
2026-06-21T06:05:45.891;835351556233872000;-499675;-509015;-516815;-650654;
2026-06-21T06:05:45.898;835351556241279407;-499883;-509223;-517023;-650654;
2026-06-21T06:05:45.905;835351556248686815;-500092;-509432;-517232;-650654;
2026-06-21T06:05:45.913;835351556256094222;-500302;-509642;-517442;-650654;
2026-06-21T06:05:45.920;835351556263501630;-500509;-509849;-517649;-650654;
2026-06-21T06:05:45.928;835351556270909037;-500714;-510054;-517854;-650654;
2026-06-21T06:05:45.935;835351556278316444;-500915;-510255;-518055;-650654;
2026-06-21T06:05:45.942;835351556285723852;-501109;-510449;-518249;-650654;
2026-06-21T06:05:45.950;835351556293131259;-501297;-510637;-518437;-650654;
2026-06-21T06:05:45.957;835351556300538667;-501476;-510816;-518616;-650654;
2026-06-21T06:05:45.965;835351556307946074;-501645;-510985;-518785;-650654;
2026-06-21T06:05:45.972;835351556315353481;-501803;-511143;-518943;-650654;
2026-06-21T06:05:45.979;835351556322760889;-501950;-511290;-519090;-650654;
2026-06-21T06:05:45.987;835351556330168296;-502083;-511423;-519223;-650654;
2026-06-21T06:05:45.994;835351556337575704;-502203;-511543;-519343;-650654;
2026-06-21T06:05:46.002;835351556344983111;-502308;-511648;-519448;-650654;
2026-06-21T06:05:46.009;835351556352390519;-502398;-511738;-519538;-650654;
2026-06-21T06:05:46.016;835351556359797926;-502472;-511812;-519612;-650654;
2026-06-21T06:05:46.024;835351556367205333;-502529;-511869;-519669;-650654;
2026-06-21T06:05:46.031;835351556374612741;-502571;-511911;-519711;-650654;
2026-06-21T06:05:46.039;835351556382020148;-502596;-511936;-519736;-650654;
2026-06-21T06:05:46.046;835351556389427556;-502604;-511944;-519744;-650654;
2026-06-21T06:05:46.053;835351556396834963;-502595;-511935;-519735;-650654;
2026-06-21T06:05:46.061;835351556404242370;-502571;-511911;-519711;-650654;
2026-06-21T06:05:46.068;835351556411649778;-502531;-511871;-519671;-650654;
2026-06-21T06:05:46.076;835351556419057185;-502475;-511815;-519615;-650654;
2026-06-21T06:05:46.083;835351556426464593;-502405;-511745;-519545;-650654;
2026-06-21T06:05:46.091;835351556433872000;-502321;-511661;-519461;-650654;
2026-06-21T06:05:46.098;835351556441279407;-502224;-511564;-519364;-650654;
2026-06-21T06:05:46.105;835351556448686815;-502115;-511455;-519255;-650654;
2026-06-21T06:05:46.113;835351556456094222;-501994;-511334;-519134;-650654;
2026-06-21T06:05:46.120;835351556463501630;-501864;-511204;-519004;-650654;
2026-06-21T06:05:46.128;835351556470909037;-501725;-511065;-518865;-650654;
2026-06-21T06:05:46.135;835351556478316444;-501578;-510918;-518718;-650654;
2026-06-21T06:05:46.142;835351556485723852;-501425;-510765;-518565;-650654;
2026-06-21T06:05:46.150;835351556493131259;-501267;-510607;-518407;-650654;
2026-06-21T06:05:46.157;835351556500538667;-501105;-510445;-518245;-650654;
2026-06-21T06:05:46.165;835351556507946074;-500941;-510281;-518081;-650654;
2026-06-21T06:05:46.172;835351556515353481;-500776;-510116;-517916;-650654;
2026-06-21T06:05:46.179;835351556522760889;-500610;-509950;-517750;-650654;
2026-06-21T06:05:46.187;835351556530168296;-500446;-509786;-517586;-650654;
2026-06-21T06:05:46.194;835351556537575704;-500284;-509624;-517424;-650654;
2026-06-21T06:05:46.202;835351556544983111;-500125;-509465;-517265;-650654;
2026-06-21T06:05:46.209;835351556552390519;-499971;-509311;-517111;-650654;
2026-06-21T06:05:46.216;835351556559797926;-499822;-509162;-516962;-650654;
2026-06-21T06:05:46.224;835351556567205333;-499680;-509020;-516820;-650654;
2026-06-21T06:05:46.231;835351556574612741;-499544;-508884;-516684;-650654;
2026-06-21T06:05:46.239;835351556582020148;-499417;-508757;-516557;-650654;
2026-06-21T06:05:46.246;835351556589427556;-499297;-508637;-516437;-650654;
2026-06-21T06:05:46.253;835351556596834963;-499186;-508526;-516326;-650654;
2026-06-21T06:05:46.261;835351556604242370;-499084;-508424;-516224;-650654;
2026-06-21T06:05:46.268;835351556611649778;-498991;-508331;-516131;-650654;
2026-06-21T06:05:46.276;835351556619057185;-498908;-508248;-516048;-650654;
2026-06-21T06:05:46.283;835351556626464593;-498833;-508173;-515973;-650654;
2026-06-21T06:05:46.291;835351556633872000;-498768;-508108;-515908;-650654;
2026-06-21T06:05:46.298;835351556641279407;-498712;-508052;-515852;-650654;
2026-06-21T06:05:46.305;835351556648686815;-498664;-508004;-515804;-650654;
2026-06-21T06:05:46.313;835351556656094222;-498624;-507964;-515764;-650654;
2026-06-21T06:05:46.320;835351556663501630;-498592;-507932;-515732;-650654;
2026-06-21T06:05:46.328;835351556670909037;-498567;-507907;-515707;-650654;
2026-06-21T06:05:46.335;835351556678316444;-498549;-507889;-515689;-650654;
2026-06-21T06:05:46.342;835351556685723852;-498536;-507876;-515676;-650654;
2026-06-21T06:05:46.350;835351556693131259;-498528;-507868;-515668;-650654;
2026-06-21T06:05:46.357;835351556700538667;-498523;-507863;-515663;-650654;
2026-06-21T06:05:46.365;835351556707946074;-498523;-507863;-515663;-650654;
2026-06-21T06:05:46.372;835351556715353481;-498524;-507864;-515664;-650654;
2026-06-21T06:05:46.379;835351556722760889;-498527;-507867;-515667;-650654;
2026-06-21T06:05:46.387;835351556730168296;-498531;-507871;-515671;-650654;
2026-06-21T06:05:46.394;835351556737575704;-498534;-507874;-515674;-650654;
2026-06-21T06:05:46.402;835351556744983111;-498536;-507876;-515676;-650654;
2026-06-21T06:05:46.409;835351556752390519;-498537;-507877;-515677;-650654;
2026-06-21T06:05:46.416;835351556759797926;-498536;-507876;-515676;-650654;
2026-06-21T06:05:46.424;835351556767205333;-498531;-507871;-515671;-650654;
2026-06-21T06:05:46.431;835351556774612741;-498522;-507862;-515662;-650654;
2026-06-21T06:05:46.439;835351556782020148;-498510;-507850;-515650;-650655;
2026-06-21T06:05:46.446;835351556789427556;-498493;-507833;-515633;-650655;
2026-06-21T06:05:46.453;835351556796834963;-498471;-507811;-515611;-650655;
2026-06-21T06:05:46.461;835351556804242370;-498444;-507784;-515584;-650655;
2026-06-21T06:05:46.468;835351556811649778;-498412;-507752;-515552;-650655;
2026-06-21T06:05:46.476;835351556819057185;-498375;-507715;-515515;-650655;
2026-06-21T06:05:46.483;835351556826464593;-498332;-507672;-515472;-650655;
2026-06-21T06:05:46.491;835351556833872000;-498285;-507625;-515425;-650655;
2026-06-21T06:05:46.498;835351556841279407;-498233;-507573;-515373;-650655;
2026-06-21T06:05:46.505;835351556848686815;-498177;-507517;-515317;-650655;
2026-06-21T06:05:46.513;835351556856094222;-498117;-507457;-515257;-650655;
2026-06-21T06:05:46.520;835351556863501630;-498053;-507393;-515193;-650655;
2026-06-21T06:05:46.528;835351556870909037;-497988;-507328;-515128;-650655;
2026-06-21T06:05:46.535;835351556878316444;-497920;-507260;-515060;-650655;
2026-06-21T06:05:46.542;835351556885723852;-497851;-507191;-514991;-650655;
2026-06-21T06:05:46.550;835351556893131259;-497783;-507123;-514923;-650655;
2026-06-21T06:05:46.557;835351556900538667;-497715;-507055;-514855;-650655;
2026-06-21T06:05:46.565;835351556907946074;-497649;-506989;-514789;-650655;
2026-06-21T06:05:46.572;835351556915353481;-497586;-506926;-514726;-650655;
2026-06-21T06:05:46.579;835351556922760889;-497526;-506866;-514666;-650655;
2026-06-21T06:05:46.587;835351556930168296;-497471;-506811;-514611;-650655;
2026-06-21T06:05:46.594;835351556937575704;-497422;-506762;-514562;-650655;
2026-06-21T06:05:46.602;835351556944983111;-497380;-506720;-514520;-650655;
2026-06-21T06:05:46.609;835351556952390519;-497346;-506686;-514486;-650655;
2026-06-21T06:05:46.616;835351556959797926;-497320;-506660;-514460;-650655;
2026-06-21T06:05:46.624;835351556967205333;-497303;-506643;-514443;-650655;
2026-06-21T06:05:46.631;835351556974612741;-497297;-506637;-514437;-650655;
2026-06-21T06:05:46.639;835351556982020148;-497302;-506642;-514442;-650655;
2026-06-21T06:05:46.646;835351556989427556;-497318;-506658;-514458;-650655;
2026-06-21T06:05:46.653;835351556996834963;-497347;-506687;-514487;-650655;
2026-06-21T06:05:46.661;835351557004242370;-497388;-506728;-514528;-650655;
2026-06-21T06:05:46.668;835351557011649778;-497442;-506782;-514582;-650655;
2026-06-21T06:05:46.676;835351557019057185;-497509;-506849;-514649;-650655;
2026-06-21T06:05:46.683;835351557026464593;-497589;-506929;-514729;-650655;
2026-06-21T06:05:46.691;835351557033872000;-497682;-507022;-514822;-650655;
2026-06-21T06:05:46.698;835351557041279407;-497789;-507129;-514929;-650655;
2026-06-21T06:05:46.705;835351557048686815;-497908;-507248;-515048;-650655;
2026-06-21T06:05:46.713;835351557056094222;-498040;-507380;-515180;-650655;
2026-06-21T06:05:46.720;835351557063501630;-498183;-507523;-515323;-650655;
2026-06-21T06:05:46.728;835351557070909037;-498337;-507677;-515477;-650655;
2026-06-21T06:05:46.735;835351557078316444;-498502;-507842;-515642;-650655;
2026-06-21T06:05:46.742;835351557085723852;-498677;-508017;-515817;-650655;
2026-06-21T06:05:46.750;835351557093131259;-498860;-508200;-516000;-650655;
2026-06-21T06:05:46.757;835351557100538667;-499050;-508390;-516190;-650655;
2026-06-21T06:05:46.765;835351557107946074;-499247;-508587;-516387;-650655;
2026-06-21T06:05:46.772;835351557115353481;-499449;-508789;-516589;-650655;
2026-06-21T06:05:46.779;835351557122760889;-499655;-508995;-516795;-650655;
2026-06-21T06:05:46.787;835351557130168296;-499863;-509203;-517003;-650655;
2026-06-21T06:05:46.794;835351557137575704;-500073;-509413;-517213;-650655;
2026-06-21T06:05:46.802;835351557144983111;-500282;-509622;-517422;-650655;
2026-06-21T06:05:46.809;835351557152390519;-500490;-509830;-517630;-650655;
2026-06-21T06:05:46.816;835351557159797926;-500694;-510034;-517834;-650655;
2026-06-21T06:05:46.824;835351557167205333;-500894;-510234;-518034;-650655;
2026-06-21T06:05:46.831;835351557174612741;-501088;-510428;-518228;-650655;
2026-06-21T06:05:46.839;835351557182020148;-501274;-510614;-518414;-650655;
2026-06-21T06:05:46.846;835351557189427556;-501452;-510792;-518592;-650655;
2026-06-21T06:05:46.853;835351557196834963;-501621;-510961;-518761;-650655;
2026-06-21T06:05:46.861;835351557204242370;-501778;-511118;-518918;-650655;
2026-06-21T06:05:46.868;835351557211649778;-501923;-511263;-519063;-650655;
2026-06-21T06:05:46.876;835351557219057185;-502056;-511396;-519196;-650655;
2026-06-21T06:05:46.883;835351557226464593;-502174;-511514;-519314;-650655;
2026-06-21T06:05:46.891;835351557233872000;-502278;-511618;-519418;-650655;
2026-06-21T06:05:46.898;835351557241279407;-502366;-511706;-519506;-650655;
2026-06-21T06:05:46.905;835351557248686815;-502439;-511779;-519579;-650655;
2026-06-21T06:05:46.913;835351557256094222;-502496;-511836;-519636;-650655;
2026-06-21T06:05:46.920;835351557263501630;-502536;-511876;-519676;-650655;
2026-06-21T06:05:46.928;835351557270909037;-502559;-511899;-519699;-650655;
2026-06-21T06:05:46.935;835351557278316444;-502566;-511906;-519706;-650655;
2026-06-21T06:05:46.942;835351557285723852;-502556;-511896;-519696;-650655;
2026-06-21T06:05:46.950;835351557293131259;-502530;-511870;-519670;-650655;
2026-06-21T06:05:46.957;835351557300538667;-502489;-511829;-519629;-650655;
2026-06-21T06:05:46.965;835351557307946074;-502432;-511772;-519572;-650655;
2026-06-21T06:05:46.972;835351557315353481;-502361;-511701;-519501;-650655;
2026-06-21T06:05:46.979;835351557322760889;-502276;-511616;-519416;-650655;
2026-06-21T06:05:46.987;835351557330168296;-502178;-511518;-519318;-650655;
2026-06-21T06:05:46.994;835351557337575704;-502068;-511408;-519208;-650655;
2026-06-21T06:05:47.002;835351557344983111;-501947;-511287;-519087;-650655;
2026-06-21T06:05:47.009;835351557352390519;-501816;-511156;-518956;-650656;
2026-06-21T06:05:47.016;835351557359797926;-501676;-511016;-518816;-650656;
2026-06-21T06:05:47.024;835351557367205333;-501529;-510869;-518669;-650656;
2026-06-21T06:05:47.031;835351557374612741;-501376;-510716;-518516;-650656;
2026-06-21T06:05:47.039;835351557382020148;-501218;-510558;-518358;-650656;
2026-06-21T06:05:47.046;835351557389427556;-501056;-510396;-518196;-650656;
2026-06-21T06:05:47.053;835351557396834963;-500891;-510231;-518031;-650656;
2026-06-21T06:05:47.061;835351557404242370;-500726;-510066;-517866;-650656;
2026-06-21T06:05:47.068;835351557411649778;-500560;-509900;-517700;-650656;
2026-06-21T06:05:47.076;835351557419057185;-500396;-509736;-517536;-650656;
2026-06-21T06:05:47.083;835351557426464593;-500234;-509574;-517374;-650656;
2026-06-21T06:05:47.091;835351557433872000;-500076;-509416;-517216;-650656;
2026-06-21T06:05:47.098;835351557441279407;-499923;-509263;-517063;-650656;
2026-06-21T06:05:47.105;835351557448686815;-499774;-509114;-516914;-650656;
2026-06-21T06:05:47.113;835351557456094222;-499632;-508972;-516772;-650656;
2026-06-21T06:05:47.120;835351557463501630;-499498;-508838;-516638;-650656;
2026-06-21T06:05:47.128;835351557470909037;-499370;-508710;-516510;-650656;
2026-06-21T06:05:47.135;835351557478316444;-499251;-508591;-516391;-650656;
2026-06-21T06:05:47.142;835351557485723852;-499141;-508481;-516281;-650656;
2026-06-21T06:05:47.150;835351557493131259;-499040;-508380;-516180;-650656;
2026-06-21T06:05:47.157;835351557500538667;-498948;-508288;-516088;-650656;
2026-06-21T06:05:47.165;835351557507946074;-498865;-508205;-516005;-650656;
2026-06-21T06:05:47.172;835351557515353481;-498791;-508131;-515931;-650656;
2026-06-21T06:05:47.179;835351557522760889;-498727;-508067;-515867;-650656;
2026-06-21T06:05:47.187;835351557530168296;-498671;-508011;-515811;-650656;
2026-06-21T06:05:47.194;835351557537575704;-498624;-507964;-515764;-650656;
2026-06-21T06:05:47.202;835351557544983111;-498585;-507925;-515725;-650656;
2026-06-21T06:05:47.209;835351557552390519;-498553;-507893;-515693;-650656;
2026-06-21T06:05:47.216;835351557559797926;-498528;-507868;-515668;-650656;
2026-06-21T06:05:47.224;835351557567205333;-498510;-507850;-515650;-650656;
2026-06-21T06:05:47.231;835351557574612741;-498497;-507837;-515637;-650656;
2026-06-21T06:05:47.239;835351557582020148;-498489;-507829;-515629;-650656;
2026-06-21T06:05:47.246;835351557589427556;-498486;-507826;-515626;-650656;
2026-06-21T06:05:47.253;835351557596834963;-498485;-507825;-515625;-650656;
2026-06-21T06:05:47.261;835351557604242370;-498486;-507826;-515626;-650656;
2026-06-21T06:05:47.268;835351557611649778;-498489;-507829;-515629;-650656;
2026-06-21T06:05:47.276;835351557619057185;-498493;-507833;-515633;-650656;
2026-06-21T06:05:47.283;835351557626464593;-498496;-507836;-515636;-650656;
2026-06-21T06:05:47.291;835351557633872000;-498499;-507839;-515639;-650656;
2026-06-21T06:05:47.298;835351557641279407;-498499;-507839;-515639;-650656;
2026-06-21T06:05:47.305;835351557648686815;-498498;-507838;-515638;-650656;
2026-06-21T06:05:47.313;835351557656094222;-498493;-507833;-515633;-650656;
2026-06-21T06:05:47.320;835351557663501630;-498484;-507824;-515624;-650656;
2026-06-21T06:05:47.328;835351557670909037;-498472;-507812;-515612;-650656;
2026-06-21T06:05:47.335;835351557678316444;-498454;-507794;-515594;-650656;
2026-06-21T06:05:47.342;835351557685723852;-498432;-507772;-515572;-650656;
2026-06-21T06:05:47.350;835351557693131259;-498405;-507745;-515545;-650656;
2026-06-21T06:05:47.357;835351557700538667;-498373;-507713;-515513;-650656;
2026-06-21T06:05:47.365;835351557707946074;-498335;-507675;-515475;-650656;
2026-06-21T06:05:47.372;835351557715353481;-498292;-507632;-515432;-650656;
2026-06-21T06:05:47.379;835351557722760889;-498245;-507585;-515385;-650656;
2026-06-21T06:05:47.387;835351557730168296;-498193;-507533;-515333;-650656;
2026-06-21T06:05:47.394;835351557737575704;-498136;-507476;-515276;-650656;
2026-06-21T06:05:47.402;835351557744983111;-498076;-507416;-515216;-650656;
2026-06-21T06:05:47.409;835351557752390519;-498013;-507353;-515153;-650656;
2026-06-21T06:05:47.416;835351557759797926;-497947;-507287;-515087;-650656;
2026-06-21T06:05:47.424;835351557767205333;-497879;-507219;-515019;-650656;
2026-06-21T06:05:47.431;835351557774612741;-497811;-507151;-514951;-650656;
2026-06-21T06:05:47.439;835351557782020148;-497742;-507082;-514882;-650656;
2026-06-21T06:05:47.446;835351557789427556;-497675;-507015;-514815;-650656;
2026-06-21T06:05:47.453;835351557796834963;-497609;-506949;-514749;-650656;
2026-06-21T06:05:47.461;835351557804242370;-497546;-506886;-514686;-650656;
2026-06-21T06:05:47.468;835351557811649778;-497486;-506826;-514626;-650656;
2026-06-21T06:05:47.476;835351557819057185;-497432;-506772;-514572;-650656;
2026-06-21T06:05:47.483;835351557826464593;-497383;-506723;-514523;-650656;
2026-06-21T06:05:47.491;835351557833872000;-497341;-506681;-514481;-650656;
2026-06-21T06:05:47.498;835351557841279407;-497307;-506647;-514447;-650656;
2026-06-21T06:05:47.505;835351557848686815;-497281;-506621;-514421;-650656;
2026-06-21T06:05:47.513;835351557856094222;-497265;-506605;-514405;-650656;
2026-06-21T06:05:47.520;835351557863501630;-497259;-506599;-514399;-650656;
2026-06-21T06:05:47.528;835351557870909037;-497265;-506605;-514405;-650656;
2026-06-21T06:05:47.535;835351557878316444;-497281;-506621;-514421;-650657;
2026-06-21T06:05:47.542;835351557885723852;-497310;-506650;-514450;-650657;
2026-06-21T06:05:47.550;835351557893131259;-497352;-506692;-514492;-650657;
2026-06-21T06:05:47.557;835351557900538667;-497406;-506746;-514546;-650657;
2026-06-21T06:05:47.565;835351557907946074;-497473;-506813;-514613;-650657;
2026-06-21T06:05:47.572;835351557915353481;-497554;-506894;-514694;-650657;
2026-06-21T06:05:47.579;835351557922760889;-497648;-506988;-514788;-650657;
2026-06-21T06:05:47.587;835351557930168296;-497755;-507095;-514895;-650657;
2026-06-21T06:05:47.594;835351557937575704;-497874;-507214;-515014;-650657;
2026-06-21T06:05:47.602;835351557944983111;-498006;-507346;-515146;-650657;
2026-06-21T06:05:47.609;835351557952390519;-498149;-507489;-515289;-650657;
2026-06-21T06:05:47.616;835351557959797926;-498304;-507644;-515444;-650657;
2026-06-21T06:05:47.624;835351557967205333;-498469;-507809;-515609;-650657;
2026-06-21T06:05:47.631;835351557974612741;-498644;-507984;-515784;-650657;
2026-06-21T06:05:47.639;835351557982020148;-498827;-508167;-515967;-650657;
2026-06-21T06:05:47.646;835351557989427556;-499017;-508357;-516157;-650657;
2026-06-21T06:05:47.653;835351557996834963;-499214;-508554;-516354;-650657;
2026-06-21T06:05:47.661;835351558004242370;-499416;-508756;-516556;-650657;
2026-06-21T06:05:47.668;835351558011649778;-499622;-508962;-516762;-650657;
2026-06-21T06:05:47.676;835351558019057185;-499830;-509170;-516970;-650657;
2026-06-21T06:05:47.683;835351558026464593;-500039;-509379;-517179;-650657;
2026-06-21T06:05:47.691;835351558033872000;-500249;-509589;-517389;-650657;
2026-06-21T06:05:47.698;835351558041279407;-500456;-509796;-517596;-650657;
2026-06-21T06:05:47.705;835351558048686815;-500660;-510000;-517800;-650657;
2026-06-21T06:05:47.713;835351558056094222;-500860;-510200;-518000;-650657;
2026-06-21T06:05:47.720;835351558063501630;-501053;-510393;-518193;-650657;
2026-06-21T06:05:47.728;835351558070909037;-501240;-510580;-518380;-650657;
2026-06-21T06:05:47.735;835351558078316444;-501418;-510758;-518558;-650657;
2026-06-21T06:05:47.742;835351558085723852;-501586;-510926;-518726;-650657;
2026-06-21T06:05:47.750;835351558093131259;-501743;-511083;-518883;-650657;
2026-06-21T06:05:47.757;835351558100538667;-501888;-511228;-519028;-650657;
2026-06-21T06:05:47.765;835351558107946074;-502020;-511360;-519160;-650657;
2026-06-21T06:05:47.772;835351558115353481;-502138;-511478;-519278;-650657;
2026-06-21T06:05:47.779;835351558122760889;-502242;-511582;-519382;-650657;
2026-06-21T06:05:47.787;835351558130168296;-502330;-511670;-519470;-650657;
2026-06-21T06:05:47.794;835351558137575704;-502402;-511742;-519542;-650657;
2026-06-21T06:05:47.802;835351558144983111;-502459;-511799;-519599;-650657;
2026-06-21T06:05:47.809;835351558152390519;-502498;-511838;-519638;-650657;
2026-06-21T06:05:47.816;835351558159797926;-502522;-511862;-519662;-650657;
2026-06-21T06:05:47.824;835351558167205333;-502529;-511869;-519669;-650657;
2026-06-21T06:05:47.831;835351558174612741;-502519;-511859;-519659;-650657;
2026-06-21T06:05:47.839;835351558182020148;-502493;-511833;-519633;-650657;
2026-06-21T06:05:47.846;835351558189427556;-502452;-511792;-519592;-650657;
2026-06-21T06:05:47.853;835351558196834963;-502395;-511735;-519535;-650657;
2026-06-21T06:05:47.861;835351558204242370;-502324;-511664;-519464;-650657;
2026-06-21T06:05:47.868;835351558211649778;-502239;-511579;-519379;-650657;
2026-06-21T06:05:47.876;835351558219057185;-502141;-511481;-519281;-650657;
2026-06-21T06:05:47.883;835351558226464593;-502031;-511371;-519171;-650657;
2026-06-21T06:05:47.891;835351558233872000;-501910;-511250;-519050;-650657;
2026-06-21T06:05:47.898;835351558241279407;-501779;-511119;-518919;-650657;
2026-06-21T06:05:47.905;835351558248686815;-501640;-510980;-518780;-650657;
2026-06-21T06:05:47.913;835351558256094222;-501493;-510833;-518633;-650657;
2026-06-21T06:05:47.920;835351558263501630;-501340;-510680;-518480;-650657;
2026-06-21T06:05:47.928;835351558270909037;-501182;-510522;-518322;-650657;
2026-06-21T06:05:47.935;835351558278316444;-501020;-510360;-518160;-650657;
2026-06-21T06:05:47.942;835351558285723852;-500856;-510196;-517996;-650657;
2026-06-21T06:05:47.950;835351558293131259;-500690;-510030;-517830;-650657;
2026-06-21T06:05:47.957;835351558300538667;-500525;-509865;-517665;-650657;
2026-06-21T06:05:47.965;835351558307946074;-500361;-509701;-517501;-650657;
2026-06-21T06:05:47.972;835351558315353481;-500199;-509539;-517339;-650657;
2026-06-21T06:05:47.979;835351558322760889;-500041;-509381;-517181;-650657;
2026-06-21T06:05:47.987;835351558330168296;-499888;-509228;-517028;-650657;
2026-06-21T06:05:47.994;835351558337575704;-499740;-509080;-516880;-650657;
2026-06-21T06:05:48.002;835351558344983111;-499598;-508938;-516738;-650657;
2026-06-21T06:05:48.009;835351558352390519;-499463;-508803;-516603;-650657;
2026-06-21T06:05:48.016;835351558359797926;-499336;-508676;-516476;-650658;
2026-06-21T06:05:48.024;835351558367205333;-499217;-508557;-516357;-650658;
2026-06-21T06:05:48.031;835351558374612741;-499106;-508446;-516246;-650658;
2026-06-21T06:05:48.039;835351558382020148;-499005;-508345;-516145;-650658;
2026-06-21T06:05:48.046;835351558389427556;-498913;-508253;-516053;-650658;
2026-06-21T06:05:48.053;835351558396834963;-498830;-508170;-515970;-650658;
2026-06-21T06:05:48.061;835351558404242370;-498756;-508096;-515896;-650658;
2026-06-21T06:05:48.068;835351558411649778;-498691;-508031;-515831;-650658;
2026-06-21T06:05:48.076;835351558419057185;-498635;-507975;-515775;-650658;
2026-06-21T06:05:48.083;835351558426464593;-498588;-507928;-515728;-650658;
2026-06-21T06:05:48.091;835351558433872000;-498549;-507889;-515689;-650658;
2026-06-21T06:05:48.098;835351558441279407;-498517;-507857;-515657;-650658;
2026-06-21T06:05:48.105;835351558448686815;-498492;-507832;-515632;-650658;
2026-06-21T06:05:48.113;835351558456094222;-498474;-507814;-515614;-650658;
2026-06-21T06:05:48.120;835351558463501630;-498461;-507801;-515601;-650658;
2026-06-21T06:05:48.128;835351558470909037;-498453;-507793;-515593;-650658;
2026-06-21T06:05:48.135;835351558478316444;-498449;-507789;-515589;-650658;
2026-06-21T06:05:48.142;835351558485723852;-498448;-507788;-515588;-650658;
2026-06-21T06:05:48.150;835351558493131259;-498449;-507789;-515589;-650658;
2026-06-21T06:05:48.157;835351558500538667;-498452;-507792;-515592;-650658;
2026-06-21T06:05:48.165;835351558507946074;-498456;-507796;-515596;-650658;
2026-06-21T06:05:48.172;835351558515353481;-498460;-507800;-515600;-650658;
2026-06-21T06:05:48.179;835351558522760889;-498462;-507802;-515602;-650658;
2026-06-21T06:05:48.187;835351558530168296;-498463;-507803;-515603;-650658;
2026-06-21T06:05:48.194;835351558537575704;-498461;-507801;-515601;-650658;
2026-06-21T06:05:48.202;835351558544983111;-498456;-507796;-515596;-650658;
2026-06-21T06:05:48.209;835351558552390519;-498448;-507788;-515588;-650658;
2026-06-21T06:05:48.216;835351558559797926;-498435;-507775;-515575;-650658;
2026-06-21T06:05:48.224;835351558567205333;-498418;-507758;-515558;-650658;
2026-06-21T06:05:48.231;835351558574612741;-498397;-507737;-515537;-650658;
2026-06-21T06:05:48.239;835351558582020148;-498370;-507710;-515510;-650658;
2026-06-21T06:05:48.246;835351558589427556;-498338;-507678;-515478;-650658;
2026-06-21T06:05:48.253;835351558596834963;-498300;-507640;-515440;-650658;
2026-06-21T06:05:48.261;835351558604242370;-498258;-507598;-515398;-650658;
2026-06-21T06:05:48.268;835351558611649778;-498211;-507551;-515351;-650658;
2026-06-21T06:05:48.276;835351558619057185;-498159;-507499;-515299;-650658;
2026-06-21T06:05:48.283;835351558626464593;-498103;-507443;-515243;-650658;
2026-06-21T06:05:48.291;835351558633872000;-498043;-507383;-515183;-650658;
2026-06-21T06:05:48.298;835351558641279407;-497980;-507320;-515120;-650658;
2026-06-21T06:05:48.305;835351558648686815;-497914;-507254;-515054;-650658;
2026-06-21T06:05:48.313;835351558656094222;-497847;-507187;-514987;-650658;
2026-06-21T06:05:48.320;835351558663501630;-497778;-507118;-514918;-650658;
2026-06-21T06:05:48.328;835351558670909037;-497710;-507050;-514850;-650658;
2026-06-21T06:05:48.335;835351558678316444;-497642;-506982;-514782;-650658;
2026-06-21T06:05:48.342;835351558685723852;-497576;-506916;-514716;-650658;
2026-06-21T06:05:48.350;835351558693131259;-497513;-506853;-514653;-650658;
2026-06-21T06:05:48.357;835351558700538667;-497453;-506793;-514593;-650658;
2026-06-21T06:05:48.365;835351558707946074;-497399;-506739;-514539;-650658;
2026-06-21T06:05:48.372;835351558715353481;-497350;-506690;-514490;-650658;
2026-06-21T06:05:48.379;835351558722760889;-497307;-506647;-514447;-650658;
2026-06-21T06:05:48.387;835351558730168296;-497272;-506612;-514412;-650658;
2026-06-21T06:05:48.394;835351558737575704;-497246;-506586;-514386;-650658;
2026-06-21T06:05:48.402;835351558744983111;-497230;-506570;-514370;-650658;
2026-06-21T06:05:48.409;835351558752390519;-497223;-506563;-514363;-650658;
2026-06-21T06:05:48.416;835351558759797926;-497227;-506567;-514367;-650658;
2026-06-21T06:05:48.424;835351558767205333;-497243;-506583;-514383;-650658;
2026-06-21T06:05:48.431;835351558774612741;-497271;-506611;-514411;-650658;
2026-06-21T06:05:48.439;835351558782020148;-497312;-506652;-514452;-650658;
2026-06-21T06:05:48.446;835351558789427556;-497365;-506705;-514505;-650658;
2026-06-21T06:05:48.453;835351558796834963;-497431;-506771;-514571;-650658;
2026-06-21T06:05:48.461;835351558804242370;-497511;-506851;-514651;-650658;
2026-06-21T06:05:48.468;835351558811649778;-497604;-506944;-514744;-650658;
2026-06-21T06:05:48.476;835351558819057185;-497709;-507049;-514849;-650659;
2026-06-21T06:05:48.483;835351558826464593;-497828;-507168;-514968;-650659;
2026-06-21T06:05:48.491;835351558833872000;-497958;-507298;-515098;-650659;
2026-06-21T06:05:48.498;835351558841279407;-498101;-507441;-515241;-650659;
2026-06-21T06:05:48.505;835351558848686815;-498254;-507594;-515394;-650659;
2026-06-21T06:05:48.513;835351558856094222;-498418;-507758;-515558;-650659;
2026-06-21T06:05:48.520;835351558863501630;-498592;-507932;-515732;-650659;
2026-06-21T06:05:48.528;835351558870909037;-498774;-508114;-515914;-650659;
2026-06-21T06:05:48.535;835351558878316444;-498964;-508304;-516104;-650659;
2026-06-21T06:05:48.542;835351558885723852;-499160;-508500;-516300;-650659;
2026-06-21T06:05:48.550;835351558893131259;-499361;-508701;-516501;-650659;
2026-06-21T06:05:48.557;835351558900538667;-499567;-508907;-516707;-650659;
2026-06-21T06:05:48.565;835351558907946074;-499774;-509114;-516914;-650659;
2026-06-21T06:05:48.572;835351558915353481;-499984;-509324;-517124;-650659;
2026-06-21T06:05:48.579;835351558922760889;-500192;-509532;-517332;-650659;
2026-06-21T06:05:48.587;835351558930168296;-500400;-509740;-517540;-650659;
2026-06-21T06:05:48.594;835351558937575704;-500604;-509944;-517744;-650659;
2026-06-21T06:05:48.602;835351558944983111;-500804;-510144;-517944;-650659;
2026-06-21T06:05:48.609;835351558952390519;-500998;-510338;-518138;-650659;
2026-06-21T06:05:48.616;835351558959797926;-501185;-510525;-518325;-650659;
2026-06-21T06:05:48.624;835351558967205333;-501364;-510704;-518504;-650659;
2026-06-21T06:05:48.631;835351558974612741;-501533;-510873;-518673;-650659;
2026-06-21T06:05:48.639;835351558982020148;-501691;-511031;-518831;-650659;
2026-06-21T06:05:48.646;835351558989427556;-501837;-511177;-518977;-650659;
2026-06-21T06:05:48.653;835351558996834963;-501970;-511310;-519110;-650659;
2026-06-21T06:05:48.661;835351559004242370;-502090;-511430;-519230;-650659;
2026-06-21T06:05:48.668;835351559011649778;-502195;-511535;-519335;-650659;
2026-06-21T06:05:48.676;835351559019057185;-502285;-511625;-519425;-650659;
2026-06-21T06:05:48.683;835351559026464593;-502359;-511699;-519499;-650659;
2026-06-21T06:05:48.691;835351559033872000;-502417;-511757;-519557;-650659;
2026-06-21T06:05:48.698;835351559041279407;-502459;-511799;-519599;-650659;
2026-06-21T06:05:48.705;835351559048686815;-502484;-511824;-519624;-650659;
2026-06-21T06:05:48.713;835351559056094222;-502493;-511833;-519633;-650659;
2026-06-21T06:05:48.720;835351559063501630;-502485;-511825;-519625;-650659;
2026-06-21T06:05:48.728;835351559070909037;-502461;-511801;-519601;-650659;
2026-06-21T06:05:48.735;835351559078316444;-502422;-511762;-519562;-650659;
2026-06-21T06:05:48.742;835351559085723852;-502367;-511707;-519507;-650659;
2026-06-21T06:05:48.750;835351559093131259;-502298;-511638;-519438;-650659;
2026-06-21T06:05:48.757;835351559100538667;-502214;-511554;-519354;-650659;
2026-06-21T06:05:48.765;835351559107946074;-502118;-511458;-519258;-650659;
2026-06-21T06:05:48.772;835351559115353481;-502010;-511350;-519150;-650659;
2026-06-21T06:05:48.779;835351559122760889;-501890;-511230;-519030;-650659;
2026-06-21T06:05:48.787;835351559130168296;-501761;-511101;-518901;-650659;
2026-06-21T06:05:48.794;835351559137575704;-501623;-510963;-518763;-650659;
2026-06-21T06:05:48.802;835351559144983111;-501477;-510817;-518617;-650659;
2026-06-21T06:05:48.809;835351559152390519;-501325;-510665;-518465;-650659;
2026-06-21T06:05:48.816;835351559159797926;-501167;-510507;-518307;-650659;
2026-06-21T06:05:48.824;835351559167205333;-501006;-510346;-518146;-650659;
2026-06-21T06:05:48.831;835351559174612741;-500843;-510183;-517983;-650659;
2026-06-21T06:05:48.839;835351559182020148;-500677;-510017;-517817;-650659;
2026-06-21T06:05:48.846;835351559189427556;-500512;-509852;-517652;-650659;
2026-06-21T06:05:48.853;835351559196834963;-500348;-509688;-517488;-650659;
2026-06-21T06:05:48.861;835351559204242370;-500186;-509526;-517326;-650659;
2026-06-21T06:05:48.868;835351559211649778;-500028;-509368;-517168;-650659;
2026-06-21T06:05:48.876;835351559219057185;-499874;-509214;-517014;-650659;
2026-06-21T06:05:48.883;835351559226464593;-499725;-509065;-516865;-650659;
2026-06-21T06:05:48.891;835351559233872000;-499582;-508922;-516722;-650659;
2026-06-21T06:05:48.898;835351559241279407;-499447;-508787;-516587;-650659;
2026-06-21T06:05:48.905;835351559248686815;-499319;-508659;-516459;-650659;
2026-06-21T06:05:48.913;835351559256094222;-499198;-508538;-516338;-650660;
2026-06-21T06:05:48.920;835351559263501630;-499087;-508427;-516227;-650660;
2026-06-21T06:05:48.928;835351559270909037;-498984;-508324;-516124;-650660;
2026-06-21T06:05:48.935;835351559278316444;-498891;-508231;-516031;-650660;
2026-06-21T06:05:48.942;835351559285723852;-498806;-508146;-515946;-650660;
2026-06-21T06:05:48.950;835351559293131259;-498731;-508071;-515871;-650660;
2026-06-21T06:05:48.957;835351559300538667;-498665;-508005;-515805;-650660;
2026-06-21T06:05:48.965;835351559307946074;-498608;-507948;-515748;-650660;
2026-06-21T06:05:48.972;835351559315353481;-498559;-507899;-515699;-650660;
2026-06-21T06:05:48.979;835351559322760889;-498519;-507859;-515659;-650660;
2026-06-21T06:05:48.987;835351559330168296;-498486;-507826;-515626;-650660;
2026-06-21T06:05:48.994;835351559337575704;-498460;-507800;-515600;-650660;
2026-06-21T06:05:49.002;835351559344983111;-498441;-507781;-515581;-650660;
2026-06-21T06:05:49.009;835351559352390519;-498427;-507767;-515567;-650660;
2026-06-21T06:05:49.016;835351559359797926;-498419;-507759;-515559;-650660;
2026-06-21T06:05:49.024;835351559367205333;-498414;-507754;-515554;-650660;
2026-06-21T06:05:49.031;835351559374612741;-498413;-507753;-515553;-650660;
2026-06-21T06:05:49.039;835351559382020148;-498414;-507754;-515554;-650660;
2026-06-21T06:05:49.046;835351559389427556;-498417;-507757;-515557;-650660;
2026-06-21T06:05:49.053;835351559396834963;-498420;-507760;-515560;-650660;
2026-06-21T06:05:49.061;835351559404242370;-498424;-507764;-515564;-650660;
2026-06-21T06:05:49.068;835351559411649778;-498426;-507766;-515566;-650660;
2026-06-21T06:05:49.076;835351559419057185;-498428;-507768;-515568;-650660;
2026-06-21T06:05:49.083;835351559426464593;-498426;-507766;-515566;-650660;
2026-06-21T06:05:49.091;835351559433872000;-498422;-507762;-515562;-650660;
2026-06-21T06:05:49.098;835351559441279407;-498415;-507755;-515555;-650660;
2026-06-21T06:05:49.105;835351559448686815;-498403;-507743;-515543;-650660;
2026-06-21T06:05:49.113;835351559456094222;-498387;-507727;-515527;-650660;
2026-06-21T06:05:49.120;835351559463501630;-498366;-507706;-515506;-650660;
2026-06-21T06:05:49.128;835351559470909037;-498340;-507680;-515480;-650660;
2026-06-21T06:05:49.135;835351559478316444;-498309;-507649;-515449;-650660;
2026-06-21T06:05:49.142;835351559485723852;-498273;-507613;-515413;-650660;
2026-06-21T06:05:49.150;835351559493131259;-498232;-507572;-515372;-650660;
2026-06-21T06:05:49.157;835351559500538667;-498185;-507525;-515325;-650660;
2026-06-21T06:05:49.165;835351559507946074;-498134;-507474;-515274;-650660;
2026-06-21T06:05:49.172;835351559515353481;-498079;-507419;-515219;-650660;
2026-06-21T06:05:49.179;835351559522760889;-498020;-507360;-515160;-650660;
2026-06-21T06:05:49.187;835351559530168296;-497958;-507298;-515098;-650660;
2026-06-21T06:05:49.194;835351559537575704;-497892;-507232;-515032;-650660;
2026-06-21T06:05:49.202;835351559544983111;-497826;-507166;-514966;-650660;
2026-06-21T06:05:49.209;835351559552390519;-497757;-507097;-514897;-650660;
2026-06-21T06:05:49.216;835351559559797926;-497689;-507029;-514829;-650660;
2026-06-21T06:05:49.224;835351559567205333;-497621;-506961;-514761;-650660;
2026-06-21T06:05:49.231;835351559574612741;-497555;-506895;-514695;-650660;
2026-06-21T06:05:49.239;835351559582020148;-497491;-506831;-514631;-650660;
2026-06-21T06:05:49.246;835351559589427556;-497431;-506771;-514571;-650660;
2026-06-21T06:05:49.253;835351559596834963;-497375;-506715;-514515;-650660;
2026-06-21T06:05:49.261;835351559604242370;-497325;-506665;-514465;-650660;
2026-06-21T06:05:49.268;835351559611649778;-497281;-506621;-514421;-650660;
2026-06-21T06:05:49.276;835351559619057185;-497245;-506585;-514385;-650660;
2026-06-21T06:05:49.283;835351559626464593;-497216;-506556;-514356;-650660;
2026-06-21T06:05:49.291;835351559633872000;-497198;-506538;-514338;-650660;
2026-06-21T06:05:49.298;835351559641279407;-497189;-506529;-514329;-650660;
2026-06-21T06:05:49.305;835351559648686815;-497191;-506531;-514331;-650660;
2026-06-21T06:05:49.313;835351559656094222;-497204;-506544;-514344;-650660;
2026-06-21T06:05:49.320;835351559663501630;-497229;-506569;-514369;-650660;
2026-06-21T06:05:49.328;835351559670909037;-497267;-506607;-514407;-650661;
2026-06-21T06:05:49.335;835351559678316444;-497317;-506657;-514457;-650661;
2026-06-21T06:05:49.342;835351559685723852;-497380;-506720;-514520;-650661;
2026-06-21T06:05:49.350;835351559693131259;-497457;-506797;-514597;-650661;
2026-06-21T06:05:49.357;835351559700538667;-497546;-506886;-514686;-650661;
2026-06-21T06:05:49.365;835351559707946074;-497649;-506989;-514789;-650661;
2026-06-21T06:05:49.372;835351559715353481;-497764;-507104;-514904;-650661;
2026-06-21T06:05:49.379;835351559722760889;-497892;-507232;-515032;-650661;
2026-06-21T06:05:49.387;835351559730168296;-498031;-507371;-515171;-650661;
2026-06-21T06:05:49.394;835351559737575704;-498182;-507522;-515322;-650661;
2026-06-21T06:05:49.402;835351559744983111;-498343;-507683;-515483;-650661;
2026-06-21T06:05:49.409;835351559752390519;-498514;-507854;-515654;-650661;
2026-06-21T06:05:49.416;835351559759797926;-498694;-508034;-515834;-650661;
2026-06-21T06:05:49.424;835351559767205333;-498882;-508222;-516022;-650661;
2026-06-21T06:05:49.431;835351559774612741;-499076;-508416;-516216;-650661;
2026-06-21T06:05:49.439;835351559782020148;-499276;-508616;-516416;-650661;
2026-06-21T06:05:49.446;835351559789427556;-499480;-508820;-516620;-650661;
2026-06-21T06:05:49.453;835351559796834963;-499687;-509027;-516827;-650661;
2026-06-21T06:05:49.461;835351559804242370;-499896;-509236;-517036;-650661;
2026-06-21T06:05:49.468;835351559811649778;-500105;-509445;-517245;-650661;
2026-06-21T06:05:49.476;835351559819057185;-500312;-509652;-517452;-650661;
2026-06-21T06:05:49.483;835351559826464593;-500517;-509857;-517657;-650661;
2026-06-21T06:05:49.491;835351559833872000;-500718;-510058;-517858;-650661;
2026-06-21T06:05:49.498;835351559841279407;-500914;-510254;-518054;-650661;
2026-06-21T06:05:49.505;835351559848686815;-501102;-510442;-518242;-650661;
2026-06-21T06:05:49.513;835351559856094222;-501283;-510623;-518423;-650661;
2026-06-21T06:05:49.520;835351559863501630;-501454;-510794;-518594;-650661;
2026-06-21T06:05:49.528;835351559870909037;-501615;-510955;-518755;-650661;
2026-06-21T06:05:49.535;835351559878316444;-501765;-511105;-518905;-650661;
2026-06-21T06:05:49.542;835351559885723852;-501901;-511241;-519041;-650661;
2026-06-21T06:05:49.550;835351559893131259;-502024;-511364;-519164;-650661;
2026-06-21T06:05:49.557;835351559900538667;-502133;-511473;-519273;-650661;
2026-06-21T06:05:49.565;835351559907946074;-502227;-511567;-519367;-650661;
2026-06-21T06:05:49.572;835351559915353481;-502306;-511646;-519446;-650661;
2026-06-21T06:05:49.579;835351559922760889;-502368;-511708;-519508;-650661;
2026-06-21T06:05:49.587;835351559930168296;-502415;-511755;-519555;-650661;
2026-06-21T06:05:49.594;835351559937575704;-502445;-511785;-519585;-650661;
2026-06-21T06:05:49.602;835351559944983111;-502458;-511798;-519598;-650661;
2026-06-21T06:05:49.609;835351559952390519;-502455;-511795;-519595;-650661;
2026-06-21T06:05:49.616;835351559959797926;-502436;-511776;-519576;-650661;
2026-06-21T06:05:49.624;835351559967205333;-502401;-511741;-519541;-650661;
2026-06-21T06:05:49.631;835351559974612741;-502350;-511690;-519490;-650661;
2026-06-21T06:05:49.639;835351559982020148;-502285;-511625;-519425;-650661;
2026-06-21T06:05:49.646;835351559989427556;-502206;-511546;-519346;-650661;
2026-06-21T06:05:49.653;835351559996834963;-502114;-511454;-519254;-650661;
2026-06-21T06:05:49.661;835351560004242370;-502009;-511349;-519149;-650661;
2026-06-21T06:05:49.668;835351560011649778;-501893;-511233;-519033;-650661;
2026-06-21T06:05:49.676;835351560019057185;-501767;-511107;-518907;-650661;
2026-06-21T06:05:49.683;835351560026464593;-501631;-510971;-518771;-650661;
2026-06-21T06:05:49.691;835351560033872000;-501488;-510828;-518628;-650661;
2026-06-21T06:05:49.698;835351560041279407;-501338;-510678;-518478;-650661;
2026-06-21T06:05:49.705;835351560048686815;-501182;-510522;-518322;-650661;
2026-06-21T06:05:49.713;835351560056094222;-501022;-510362;-518162;-650661;
2026-06-21T06:05:49.720;835351560063501630;-500860;-510200;-518000;-650661;
2026-06-21T06:05:49.728;835351560070909037;-500695;-510035;-517835;-650662;
2026-06-21T06:05:49.735;835351560078316444;-500530;-509870;-517670;-650662;
2026-06-21T06:05:49.742;835351560085723852;-500366;-509706;-517506;-650662;
2026-06-21T06:05:49.750;835351560093131259;-500204;-509544;-517344;-650662;
2026-06-21T06:05:49.757;835351560100538667;-500044;-509384;-517184;-650662;
2026-06-21T06:05:49.765;835351560107946074;-499889;-509229;-517029;-650662;
2026-06-21T06:05:49.772;835351560115353481;-499739;-509079;-516879;-650662;
2026-06-21T06:05:49.779;835351560122760889;-499594;-508934;-516734;-650662;
2026-06-21T06:05:49.787;835351560130168296;-499456;-508796;-516596;-650662;
2026-06-21T06:05:49.794;835351560137575704;-499326;-508666;-516466;-650662;
2026-06-21T06:05:49.802;835351560144983111;-499203;-508543;-516343;-650662;
2026-06-21T06:05:49.809;835351560152390519;-499089;-508429;-516229;-650662;
2026-06-21T06:05:49.816;835351560159797926;-498984;-508324;-516124;-650662;
2026-06-21T06:05:49.824;835351560167205333;-498887;-508227;-516027;-650662;
2026-06-21T06:05:49.831;835351560174612741;-498800;-508140;-515940;-650662;
2026-06-21T06:05:49.839;835351560182020148;-498722;-508062;-515862;-650662;
2026-06-21T06:05:49.846;835351560189427556;-498653;-507993;-515793;-650662;
2026-06-21T06:05:49.853;835351560196834963;-498593;-507933;-515733;-650662;
2026-06-21T06:05:49.861;835351560204242370;-498542;-507882;-515682;-650662;
2026-06-21T06:05:49.868;835351560211649778;-498499;-507839;-515639;-650662;
2026-06-21T06:05:49.876;835351560219057185;-498463;-507803;-515603;-650662;
2026-06-21T06:05:49.883;835351560226464593;-498435;-507775;-515575;-650662;
2026-06-21T06:05:49.891;835351560233872000;-498414;-507754;-515554;-650662;
2026-06-21T06:05:49.898;835351560241279407;-498398;-507738;-515538;-650662;
2026-06-21T06:05:49.905;835351560248686815;-498388;-507728;-515528;-650662;
2026-06-21T06:05:49.913;835351560256094222;-498382;-507722;-515522;-650662;
2026-06-21T06:05:49.920;835351560263501630;-498379;-507719;-515519;-650662;
2026-06-21T06:05:49.928;835351560270909037;-498380;-507720;-515520;-650662;
2026-06-21T06:05:49.935;835351560278316444;-498382;-507722;-515522;-650662;
2026-06-21T06:05:49.942;835351560285723852;-498386;-507726;-515526;-650662;
2026-06-21T06:05:49.950;835351560293131259;-498389;-507729;-515529;-650662;
2026-06-21T06:05:49.957;835351560300538667;-498392;-507732;-515532;-650662;
2026-06-21T06:05:49.965;835351560307946074;-498394;-507734;-515534;-650662;
2026-06-21T06:05:49.972;835351560315353481;-498394;-507734;-515534;-650662;
2026-06-21T06:05:49.979;835351560322760889;-498391;-507731;-515531;-650662;
2026-06-21T06:05:49.987;835351560330168296;-498385;-507725;-515525;-650662;
2026-06-21T06:05:49.994;835351560337575704;-498375;-507715;-515515;-650662;
2026-06-21T06:05:50.002;835351560344983111;-498360;-507700;-515500;-650662;
2026-06-21T06:05:50.009;835351560352390519;-498341;-507681;-515481;-650662;
2026-06-21T06:05:50.016;835351560359797926;-498317;-507657;-515457;-650662;
2026-06-21T06:05:50.024;835351560367205333;-498288;-507628;-515428;-650662;
2026-06-21T06:05:50.031;835351560374612741;-498254;-507594;-515394;-650662;
2026-06-21T06:05:50.039;835351560382020148;-498215;-507555;-515355;-650662;
2026-06-21T06:05:50.046;835351560389427556;-498171;-507511;-515311;-650662;
2026-06-21T06:05:50.053;835351560396834963;-498122;-507462;-515262;-650662;
2026-06-21T06:05:50.061;835351560404242370;-498068;-507408;-515208;-650662;
2026-06-21T06:05:50.068;835351560411649778;-498011;-507351;-515151;-650662;
2026-06-21T06:05:50.076;835351560419057185;-497949;-507289;-515089;-650662;
2026-06-21T06:05:50.083;835351560426464593;-497886;-507226;-515026;-650662;
2026-06-21T06:05:50.091;835351560433872000;-497819;-507159;-514959;-650662;
2026-06-21T06:05:50.098;835351560441279407;-497752;-507092;-514892;-650662;
2026-06-21T06:05:50.105;835351560448686815;-497683;-507023;-514823;-650662;
2026-06-21T06:05:50.113;835351560456094222;-497615;-506955;-514755;-650663;
2026-06-21T06:05:50.120;835351560463501630;-497549;-506889;-514689;-650663;
2026-06-21T06:05:50.128;835351560470909037;-497484;-506824;-514624;-650663;
2026-06-21T06:05:50.135;835351560478316444;-497422;-506762;-514562;-650663;
2026-06-21T06:05:50.142;835351560485723852;-497364;-506704;-514504;-650663;
2026-06-21T06:05:50.150;835351560493131259;-497312;-506652;-514452;-650663;
2026-06-21T06:05:50.157;835351560500538667;-497265;-506605;-514405;-650663;
2026-06-21T06:05:50.165;835351560507946074;-497226;-506566;-514366;-650663;
2026-06-21T06:05:50.172;835351560515353481;-497194;-506534;-514334;-650663;
2026-06-21T06:05:50.179;835351560522760889;-497172;-506512;-514312;-650663;
2026-06-21T06:05:50.187;835351560530168296;-497159;-506499;-514299;-650663;
2026-06-21T06:05:50.194;835351560537575704;-497156;-506496;-514296;-650663;
2026-06-21T06:05:50.202;835351560544983111;-497164;-506504;-514304;-650663;
2026-06-21T06:05:50.209;835351560552390519;-497185;-506525;-514325;-650663;
2026-06-21T06:05:50.216;835351560559797926;-497217;-506557;-514357;-650663;
2026-06-21T06:05:50.224;835351560567205333;-497262;-506602;-514402;-650663;
2026-06-21T06:05:50.231;835351560574612741;-497319;-506659;-514459;-650663;
2026-06-21T06:05:50.239;835351560582020148;-497390;-506730;-514530;-650663;
2026-06-21T06:05:50.246;835351560589427556;-497473;-506813;-514613;-650663;
2026-06-21T06:05:50.253;835351560596834963;-497570;-506910;-514710;-650663;
2026-06-21T06:05:50.261;835351560604242370;-497680;-507020;-514820;-650663;
2026-06-21T06:05:50.268;835351560611649778;-497802;-507142;-514942;-650663;
2026-06-21T06:05:50.276;835351560619057185;-497936;-507276;-515076;-650663;
2026-06-21T06:05:50.283;835351560626464593;-498081;-507421;-515221;-650663;
2026-06-21T06:05:50.291;835351560633872000;-498238;-507578;-515378;-650663;
2026-06-21T06:05:50.298;835351560641279407;-498405;-507745;-515545;-650663;
2026-06-21T06:05:50.305;835351560648686815;-498580;-507920;-515720;-650663;
2026-06-21T06:05:50.313;835351560656094222;-498764;-508104;-515904;-650663;
2026-06-21T06:05:50.320;835351560663501630;-498956;-508296;-516096;-650663;
2026-06-21T06:05:50.328;835351560670909037;-499153;-508493;-516293;-650663;
2026-06-21T06:05:50.335;835351560678316444;-499355;-508695;-516495;-650663;
2026-06-21T06:05:50.342;835351560685723852;-499560;-508900;-516700;-650663;
2026-06-21T06:05:50.350;835351560693131259;-499768;-509108;-516908;-650663;
2026-06-21T06:05:50.357;835351560700538667;-499976;-509316;-517116;-650663;
2026-06-21T06:05:50.365;835351560707946074;-500184;-509524;-517324;-650663;
2026-06-21T06:05:50.372;835351560715353481;-500390;-509730;-517530;-650663;
2026-06-21T06:05:50.379;835351560722760889;-500593;-509933;-517733;-650663;
2026-06-21T06:05:50.387;835351560730168296;-500791;-510131;-517931;-650663;
2026-06-21T06:05:50.394;835351560737575704;-500982;-510322;-518122;-650663;
2026-06-21T06:05:50.402;835351560744983111;-501167;-510507;-518307;-650663;
2026-06-21T06:05:50.409;835351560752390519;-501342;-510682;-518482;-650663;
2026-06-21T06:05:50.416;835351560759797926;-501508;-510848;-518648;-650663;
2026-06-21T06:05:50.424;835351560767205333;-501663;-511003;-518803;-650663;
2026-06-21T06:05:50.431;835351560774612741;-501805;-511145;-518945;-650663;
2026-06-21T06:05:50.439;835351560782020148;-501935;-511275;-519075;-650663;
2026-06-21T06:05:50.446;835351560789427556;-502051;-511391;-519191;-650663;
2026-06-21T06:05:50.453;835351560796834963;-502152;-511492;-519292;-650663;
2026-06-21T06:05:50.461;835351560804242370;-502238;-511578;-519378;-650663;
2026-06-21T06:05:50.468;835351560811649778;-502308;-511648;-519448;-650663;
2026-06-21T06:05:50.476;835351560819057185;-502362;-511702;-519502;-650663;
2026-06-21T06:05:50.483;835351560826464593;-502400;-511740;-519540;-650664;
2026-06-21T06:05:50.491;835351560833872000;-502422;-511762;-519562;-650664;
2026-06-21T06:05:50.498;835351560841279407;-502427;-511767;-519567;-650664;
2026-06-21T06:05:50.505;835351560848686815;-502416;-511756;-519556;-650664;
2026-06-21T06:05:50.513;835351560856094222;-502389;-511729;-519529;-650664;
2026-06-21T06:05:50.520;835351560863501630;-502346;-511686;-519486;-650664;
2026-06-21T06:05:50.528;835351560870909037;-502288;-511628;-519428;-650664;
2026-06-21T06:05:50.535;835351560878316444;-502217;-511557;-519357;-650664;
2026-06-21T06:05:50.542;835351560885723852;-502131;-511471;-519271;-650664;
2026-06-21T06:05:50.550;835351560893131259;-502033;-511373;-519173;-650664;
2026-06-21T06:05:50.557;835351560900538667;-501923;-511263;-519063;-650664;
2026-06-21T06:05:50.565;835351560907946074;-501802;-511142;-518942;-650664;
2026-06-21T06:05:50.572;835351560915353481;-501671;-511011;-518811;-650664;
2026-06-21T06:05:50.579;835351560922760889;-501532;-510872;-518672;-650664;
2026-06-21T06:05:50.587;835351560930168296;-501386;-510726;-518526;-650664;
2026-06-21T06:05:50.594;835351560937575704;-501233;-510573;-518373;-650664;
2026-06-21T06:05:50.602;835351560944983111;-501076;-510416;-518216;-650664;
2026-06-21T06:05:50.609;835351560952390519;-500915;-510255;-518055;-650664;
2026-06-21T06:05:50.616;835351560959797926;-500751;-510091;-517891;-650664;
2026-06-21T06:05:50.624;835351560967205333;-500587;-509927;-517727;-650664;
2026-06-21T06:05:50.631;835351560974612741;-500422;-509762;-517562;-650664;
2026-06-21T06:05:50.639;835351560982020148;-500259;-509599;-517399;-650664;
2026-06-21T06:05:50.646;835351560989427556;-500098;-509438;-517238;-650664;
2026-06-21T06:05:50.653;835351560996834963;-499941;-509281;-517081;-650664;
2026-06-21T06:05:50.661;835351561004242370;-499788;-509128;-516928;-650664;
2026-06-21T06:05:50.668;835351561011649778;-499641;-508981;-516781;-650664;
2026-06-21T06:05:50.676;835351561019057185;-499500;-508840;-516640;-650664;
2026-06-21T06:05:50.683;835351561026464593;-499365;-508705;-516505;-650664;
2026-06-21T06:05:50.691;835351561033872000;-499239;-508579;-516379;-650664;
2026-06-21T06:05:50.698;835351561041279407;-499120;-508460;-516260;-650664;
2026-06-21T06:05:50.705;835351561048686815;-499010;-508350;-516150;-650664;
2026-06-21T06:05:50.713;835351561056094222;-498909;-508249;-516049;-650664;
2026-06-21T06:05:50.720;835351561063501630;-498817;-508157;-515957;-650664;
2026-06-21T06:05:50.728;835351561070909037;-498734;-508074;-515874;-650664;
2026-06-21T06:05:50.735;835351561078316444;-498660;-508000;-515800;-650664;
2026-06-21T06:05:50.742;835351561085723852;-498595;-507935;-515735;-650664;
2026-06-21T06:05:50.750;835351561093131259;-498539;-507879;-515679;-650664;
2026-06-21T06:05:50.757;835351561100538667;-498491;-507831;-515631;-650664;
2026-06-21T06:05:50.765;835351561107946074;-498452;-507792;-515592;-650664;
2026-06-21T06:05:50.772;835351561115353481;-498420;-507760;-515560;-650664;
2026-06-21T06:05:50.779;835351561122760889;-498395;-507735;-515535;-650664;
2026-06-21T06:05:50.787;835351561130168296;-498376;-507716;-515516;-650664;
2026-06-21T06:05:50.794;835351561137575704;-498362;-507702;-515502;-650664;
2026-06-21T06:05:50.802;835351561144983111;-498354;-507694;-515494;-650664;
2026-06-21T06:05:50.809;835351561152390519;-498350;-507690;-515490;-650664;
2026-06-21T06:05:50.816;835351561159797926;-498349;-507689;-515489;-650664;
2026-06-21T06:05:50.824;835351561167205333;-498350;-507690;-515490;-650664;
2026-06-21T06:05:50.831;835351561174612741;-498353;-507693;-515493;-650664;
2026-06-21T06:05:50.839;835351561182020148;-498357;-507697;-515497;-650664;
2026-06-21T06:05:50.846;835351561189427556;-498360;-507700;-515500;-650665;
2026-06-21T06:05:50.853;835351561196834963;-498363;-507703;-515503;-650665;
2026-06-21T06:05:50.861;835351561204242370;-498364;-507704;-515504;-650665;
2026-06-21T06:05:50.868;835351561211649778;-498363;-507703;-515503;-650665;
2026-06-21T06:05:50.876;835351561219057185;-498359;-507699;-515499;-650665;
2026-06-21T06:05:50.883;835351561226464593;-498351;-507691;-515491;-650665;
2026-06-21T06:05:50.891;835351561233872000;-498339;-507679;-515479;-650665;
2026-06-21T06:05:50.898;835351561241279407;-498323;-507663;-515463;-650665;
2026-06-21T06:05:50.905;835351561248686815;-498302;-507642;-515442;-650665;
2026-06-21T06:05:50.913;835351561256094222;-498276;-507616;-515416;-650665;
2026-06-21T06:05:50.920;835351561263501630;-498246;-507586;-515386;-650665;
2026-06-21T06:05:50.928;835351561270909037;-498210;-507550;-515350;-650665;
2026-06-21T06:05:50.935;835351561278316444;-498168;-507508;-515308;-650665;
2026-06-21T06:05:50.942;835351561285723852;-498122;-507462;-515262;-650665;
2026-06-21T06:05:50.950;835351561293131259;-498072;-507412;-515212;-650665;
2026-06-21T06:05:50.957;835351561300538667;-498017;-507357;-515157;-650665;
2026-06-21T06:05:50.965;835351561307946074;-497958;-507298;-515098;-650665;
2026-06-21T06:05:50.972;835351561315353481;-497896;-507236;-515036;-650665;
2026-06-21T06:05:50.979;835351561322760889;-497831;-507171;-514971;-650665;
2026-06-21T06:05:50.987;835351561330168296;-497765;-507105;-514905;-650665;
2026-06-21T06:05:50.994;835351561337575704;-497697;-507037;-514837;-650665;
2026-06-21T06:05:51.002;835351561344983111;-497629;-506969;-514769;-650665;
2026-06-21T06:05:51.009;835351561352390519;-497561;-506901;-514701;-650665;
2026-06-21T06:05:51.016;835351561359797926;-497495;-506835;-514635;-650665;
2026-06-21T06:05:51.024;835351561367205333;-497432;-506772;-514572;-650665;
2026-06-21T06:05:51.031;835351561374612741;-497371;-506711;-514511;-650665;
2026-06-21T06:05:51.039;835351561382020148;-497316;-506656;-514456;-650665;
2026-06-21T06:05:51.046;835351561389427556;-497265;-506605;-514405;-650665;
2026-06-21T06:05:51.053;835351561396834963;-497221;-506561;-514361;-650665;
2026-06-21T06:05:51.061;835351561404242370;-497184;-506524;-514324;-650665;
2026-06-21T06:05:51.068;835351561411649778;-497156;-506496;-514296;-650665;
2026-06-21T06:05:51.076;835351561419057185;-497136;-506476;-514276;-650665;
2026-06-21T06:05:51.083;835351561426464593;-497127;-506467;-514267;-650665;
2026-06-21T06:05:51.091;835351561433872000;-497128;-506468;-514268;-650665;
2026-06-21T06:05:51.098;835351561441279407;-497140;-506480;-514280;-650665;
2026-06-21T06:05:51.105;835351561448686815;-497164;-506504;-514304;-650665;
2026-06-21T06:05:51.113;835351561456094222;-497200;-506540;-514340;-650665;
2026-06-21T06:05:51.120;835351561463501630;-497249;-506589;-514389;-650665;
2026-06-21T06:05:51.128;835351561470909037;-497311;-506651;-514451;-650665;
2026-06-21T06:05:51.135;835351561478316444;-497386;-506726;-514526;-650665;
2026-06-21T06:05:51.142;835351561485723852;-497473;-506813;-514613;-650665;
2026-06-21T06:05:51.150;835351561493131259;-497574;-506914;-514714;-650665;
2026-06-21T06:05:51.157;835351561500538667;-497687;-507027;-514827;-650665;
2026-06-21T06:05:51.165;835351561507946074;-497813;-507153;-514953;-650665;
2026-06-21T06:05:51.172;835351561515353481;-497950;-507290;-515090;-650665;
2026-06-21T06:05:51.179;835351561522760889;-498099;-507439;-515239;-650665;
2026-06-21T06:05:51.187;835351561530168296;-498258;-507598;-515398;-650665;
2026-06-21T06:05:51.194;835351561537575704;-498427;-507767;-515567;-650665;
2026-06-21T06:05:51.202;835351561544983111;-498605;-507945;-515745;-650666;
2026-06-21T06:05:51.209;835351561552390519;-498791;-508131;-515931;-650666;
2026-06-21T06:05:51.216;835351561559797926;-498984;-508324;-516124;-650666;
2026-06-21T06:05:51.224;835351561567205333;-499182;-508522;-516322;-650666;
2026-06-21T06:05:51.231;835351561574612741;-499385;-508725;-516525;-650666;
2026-06-21T06:05:51.239;835351561582020148;-499591;-508931;-516731;-650666;
2026-06-21T06:05:51.246;835351561589427556;-499798;-509138;-516938;-650666;
2026-06-21T06:05:51.253;835351561596834963;-500006;-509346;-517146;-650666;
2026-06-21T06:05:51.261;835351561604242370;-500213;-509553;-517353;-650666;
2026-06-21T06:05:51.268;835351561611649778;-500418;-509758;-517558;-650666;
2026-06-21T06:05:51.276;835351561619057185;-500619;-509959;-517759;-650666;
2026-06-21T06:05:51.283;835351561626464593;-500815;-510155;-517955;-650666;
2026-06-21T06:05:51.291;835351561633872000;-501004;-510344;-518144;-650666;
2026-06-21T06:05:51.298;835351561641279407;-501186;-510526;-518326;-650666;
2026-06-21T06:05:51.305;835351561648686815;-501358;-510698;-518498;-650666;
2026-06-21T06:05:51.313;835351561656094222;-501521;-510861;-518661;-650666;
2026-06-21T06:05:51.320;835351561663501630;-501672;-511012;-518812;-650666;
2026-06-21T06:05:51.328;835351561670909037;-501811;-511151;-518951;-650666;
2026-06-21T06:05:51.335;835351561678316444;-501937;-511277;-519077;-650666;
2026-06-21T06:05:51.342;835351561685723852;-502049;-511389;-519189;-650666;
2026-06-21T06:05:51.350;835351561693131259;-502146;-511486;-519286;-650666;
2026-06-21T06:05:51.357;835351561700538667;-502228;-511568;-519368;-650666;
2026-06-21T06:05:51.365;835351561707946074;-502294;-511634;-519434;-650666;
2026-06-21T06:05:51.372;835351561715353481;-502344;-511684;-519484;-650666;
2026-06-21T06:05:51.379;835351561722760889;-502378;-511718;-519518;-650666;
2026-06-21T06:05:51.387;835351561730168296;-502396;-511736;-519536;-650666;
2026-06-21T06:05:51.394;835351561737575704;-502397;-511737;-519537;-650666;
2026-06-21T06:05:51.402;835351561744983111;-502382;-511722;-519522;-650666;
2026-06-21T06:05:51.409;835351561752390519;-502351;-511691;-519491;-650666;
2026-06-21T06:05:51.416;835351561759797926;-502305;-511645;-519445;-650666;
2026-06-21T06:05:51.424;835351561767205333;-502245;-511585;-519385;-650666;
2026-06-21T06:05:51.431;835351561774612741;-502170;-511510;-519310;-650666;
2026-06-21T06:05:51.439;835351561782020148;-502081;-511421;-519221;-650666;
2026-06-21T06:05:51.446;835351561789427556;-501981;-511321;-519121;-650666;
2026-06-21T06:05:51.453;835351561796834963;-501869;-511209;-519009;-650666;
2026-06-21T06:05:51.461;835351561804242370;-501746;-511086;-518886;-650666;
2026-06-21T06:05:51.468;835351561811649778;-501614;-510954;-518754;-650666;
2026-06-21T06:05:51.476;835351561819057185;-501473;-510813;-518613;-650666;
2026-06-21T06:05:51.483;835351561826464593;-501326;-510666;-518466;-650666;
2026-06-21T06:05:51.491;835351561833872000;-501172;-510512;-518312;-650666;
2026-06-21T06:05:51.498;835351561841279407;-501015;-510355;-518155;-650666;
2026-06-21T06:05:51.505;835351561848686815;-500853;-510193;-517993;-650666;
2026-06-21T06:05:51.513;835351561856094222;-500690;-510030;-517830;-650666;
2026-06-21T06:05:51.520;835351561863501630;-500526;-509866;-517666;-650666;
2026-06-21T06:05:51.528;835351561870909037;-500362;-509702;-517502;-650666;
2026-06-21T06:05:51.535;835351561878316444;-500200;-509540;-517340;-650666;
2026-06-21T06:05:51.542;835351561885723852;-500040;-509380;-517180;-650667;
2026-06-21T06:05:51.550;835351561893131259;-499884;-509224;-517024;-650667;
2026-06-21T06:05:51.557;835351561900538667;-499732;-509072;-516872;-650667;
2026-06-21T06:05:51.565;835351561907946074;-499586;-508926;-516726;-650667;
2026-06-21T06:05:51.572;835351561915353481;-499447;-508787;-516587;-650667;
2026-06-21T06:05:51.579;835351561922760889;-499314;-508654;-516454;-650667;
2026-06-21T06:05:51.587;835351561930168296;-499189;-508529;-516329;-650667;
2026-06-21T06:05:51.594;835351561937575704;-499072;-508412;-516212;-650667;
2026-06-21T06:05:51.602;835351561944983111;-498964;-508304;-516104;-650667;
2026-06-21T06:05:51.609;835351561952390519;-498865;-508205;-516005;-650667;
2026-06-21T06:05:51.616;835351561959797926;-498774;-508114;-515914;-650667;
2026-06-21T06:05:51.624;835351561967205333;-498693;-508033;-515833;-650667;
2026-06-21T06:05:51.631;835351561974612741;-498621;-507961;-515761;-650667;
2026-06-21T06:05:51.639;835351561982020148;-498558;-507898;-515698;-650667;
2026-06-21T06:05:51.646;835351561989427556;-498503;-507843;-515643;-650667;
2026-06-21T06:05:51.653;835351561996834963;-498457;-507797;-515597;-650667;
2026-06-21T06:05:51.661;835351562004242370;-498419;-507759;-515559;-650667;
2026-06-21T06:05:51.668;835351562011649778;-498388;-507728;-515528;-650667;
2026-06-21T06:05:51.676;835351562019057185;-498364;-507704;-515504;-650667;
2026-06-21T06:05:51.683;835351562026464593;-498346;-507686;-515486;-650667;
2026-06-21T06:05:51.691;835351562033872000;-498333;-507673;-515473;-650667;
2026-06-21T06:05:51.698;835351562041279407;-498326;-507666;-515466;-650667;
2026-06-21T06:05:51.705;835351562048686815;-498322;-507662;-515462;-650667;
2026-06-21T06:05:51.713;835351562056094222;-498321;-507661;-515461;-650667;
2026-06-21T06:05:51.720;835351562063501630;-498323;-507663;-515463;-650667;
2026-06-21T06:05:51.728;835351562070909037;-498326;-507666;-515466;-650667;
2026-06-21T06:05:51.735;835351562078316444;-498330;-507670;-515470;-650667;
2026-06-21T06:05:51.742;835351562085723852;-498333;-507673;-515473;-650667;
2026-06-21T06:05:51.750;835351562093131259;-498336;-507676;-515476;-650667;
2026-06-21T06:05:51.757;835351562100538667;-498337;-507677;-515477;-650667;
2026-06-21T06:05:51.765;835351562107946074;-498335;-507675;-515475;-650667;
2026-06-21T06:05:51.772;835351562115353481;-498331;-507671;-515471;-650667;
2026-06-21T06:05:51.779;835351562122760889;-498322;-507662;-515462;-650667;
2026-06-21T06:05:51.787;835351562130168296;-498310;-507650;-515450;-650667;
2026-06-21T06:05:51.794;835351562137575704;-498294;-507634;-515434;-650667;
2026-06-21T06:05:51.802;835351562144983111;-498273;-507613;-515413;-650667;
2026-06-21T06:05:51.809;835351562152390519;-498246;-507586;-515386;-650667;
2026-06-21T06:05:51.816;835351562159797926;-498215;-507555;-515355;-650667;
2026-06-21T06:05:51.824;835351562167205333;-498179;-507519;-515319;-650667;
2026-06-21T06:05:51.831;835351562174612741;-498137;-507477;-515277;-650667;
2026-06-21T06:05:51.839;835351562182020148;-498091;-507431;-515231;-650667;
2026-06-21T06:05:51.846;835351562189427556;-498040;-507380;-515180;-650667;
2026-06-21T06:05:51.853;835351562196834963;-497985;-507325;-515125;-650667;
2026-06-21T06:05:51.861;835351562204242370;-497926;-507266;-515066;-650667;
2026-06-21T06:05:51.868;835351562211649778;-497864;-507204;-515004;-650667;
2026-06-21T06:05:51.876;835351562219057185;-497799;-507139;-514939;-650667;
2026-06-21T06:05:51.883;835351562226464593;-497733;-507073;-514873;-650668;
2026-06-21T06:05:51.891;835351562233872000;-497665;-507005;-514805;-650668;
2026-06-21T06:05:51.898;835351562241279407;-497597;-506937;-514737;-650668;
2026-06-21T06:05:51.905;835351562248686815;-497530;-506870;-514670;-650668;
2026-06-21T06:05:51.913;835351562256094222;-497464;-506804;-514604;-650668;
2026-06-21T06:05:51.920;835351562263501630;-497401;-506741;-514541;-650668;
2026-06-21T06:05:51.928;835351562270909037;-497341;-506681;-514481;-650668;
2026-06-21T06:05:51.935;835351562278316444;-497286;-506626;-514426;-650668;
2026-06-21T06:05:51.942;835351562285723852;-497236;-506576;-514376;-650668;
2026-06-21T06:05:51.950;835351562293131259;-497192;-506532;-514332;-650668;
2026-06-21T06:05:51.957;835351562300538667;-497156;-506496;-514296;-650668;
2026-06-21T06:05:51.965;835351562307946074;-497128;-506468;-514268;-650668;
2026-06-21T06:05:51.972;835351562315353481;-497109;-506449;-514249;-650668;
2026-06-21T06:05:51.979;835351562322760889;-497100;-506440;-514240;-650668;
2026-06-21T06:05:51.987;835351562330168296;-497102;-506442;-514242;-650668;
2026-06-21T06:05:51.994;835351562337575704;-497114;-506454;-514254;-650668;
2026-06-21T06:05:52.002;835351562344983111;-497139;-506479;-514279;-650668;
2026-06-21T06:05:52.009;835351562352390519;-497175;-506515;-514315;-650668;
2026-06-21T06:05:52.016;835351562359797926;-497224;-506564;-514364;-650668;
2026-06-21T06:05:52.024;835351562367205333;-497286;-506626;-514426;-650668;
2026-06-21T06:05:52.031;835351562374612741;-497361;-506701;-514501;-650668;
2026-06-21T06:05:52.039;835351562382020148;-497449;-506789;-514589;-650668;
2026-06-21T06:05:52.046;835351562389427556;-497549;-506889;-514689;-650668;
2026-06-21T06:05:52.053;835351562396834963;-497663;-507003;-514803;-650668;
2026-06-21T06:05:52.061;835351562404242370;-497788;-507128;-514928;-650668;
2026-06-21T06:05:52.068;835351562411649778;-497925;-507265;-515065;-650668;
2026-06-21T06:05:52.076;835351562419057185;-498074;-507414;-515214;-650668;
2026-06-21T06:05:52.083;835351562426464593;-498233;-507573;-515373;-650668;
2026-06-21T06:05:52.091;835351562433872000;-498401;-507741;-515541;-650668;
2026-06-21T06:05:52.098;835351562441279407;-498579;-507919;-515719;-650668;
2026-06-21T06:05:52.105;835351562448686815;-498764;-508104;-515904;-650668;
2026-06-21T06:05:52.113;835351562456094222;-498956;-508296;-516096;-650668;
2026-06-21T06:05:52.120;835351562463501630;-499154;-508494;-516294;-650668;
2026-06-21T06:05:52.128;835351562470909037;-499356;-508696;-516496;-650668;
2026-06-21T06:05:52.135;835351562478316444;-499562;-508902;-516702;-650668;
2026-06-21T06:05:52.142;835351562485723852;-499769;-509109;-516909;-650668;
2026-06-21T06:05:52.150;835351562493131259;-499976;-509316;-517116;-650668;
2026-06-21T06:05:52.157;835351562500538667;-500183;-509523;-517323;-650668;
2026-06-21T06:05:52.165;835351562507946074;-500387;-509727;-517527;-650668;
2026-06-21T06:05:52.172;835351562515353481;-500588;-509928;-517728;-650668;
2026-06-21T06:05:52.179;835351562522760889;-500783;-510123;-517923;-650668;
2026-06-21T06:05:52.187;835351562530168296;-500972;-510312;-518112;-650668;
2026-06-21T06:05:52.194;835351562537575704;-501154;-510494;-518294;-650668;
2026-06-21T06:05:52.202;835351562544983111;-501326;-510666;-518466;-650668;
2026-06-21T06:05:52.209;835351562552390519;-501489;-510829;-518629;-650669;
2026-06-21T06:05:52.216;835351562559797926;-501640;-510980;-518780;-650669;
2026-06-21T06:05:52.224;835351562567205333;-501779;-511119;-518919;-650669;
2026-06-21T06:05:52.231;835351562574612741;-501906;-511246;-519046;-650669;
2026-06-21T06:05:52.239;835351562582020148;-502018;-511358;-519158;-650669;
2026-06-21T06:05:52.246;835351562589427556;-502116;-511456;-519256;-650669;
2026-06-21T06:05:52.253;835351562596834963;-502198;-511538;-519338;-650669;
2026-06-21T06:05:52.261;835351562604242370;-502265;-511605;-519405;-650669;
2026-06-21T06:05:52.268;835351562611649778;-502316;-511656;-519456;-650669;
2026-06-21T06:05:52.276;835351562619057185;-502351;-511691;-519491;-650669;
2026-06-21T06:05:52.283;835351562626464593;-502370;-511710;-519510;-650669;
2026-06-21T06:05:52.291;835351562633872000;-502372;-511712;-519512;-650669;
2026-06-21T06:05:52.298;835351562641279407;-502358;-511698;-519498;-650669;
2026-06-21T06:05:52.305;835351562648686815;-502329;-511669;-519469;-650669;
2026-06-21T06:05:52.313;835351562656094222;-502284;-511624;-519424;-650669;
2026-06-21T06:05:52.320;835351562663501630;-502225;-511565;-519365;-650669;
2026-06-21T06:05:52.328;835351562670909037;-502152;-511492;-519292;-650669;
2026-06-21T06:05:52.335;835351562678316444;-502065;-511405;-519205;-650669;
2026-06-21T06:05:52.342;835351562685723852;-501965;-511305;-519105;-650669;
2026-06-21T06:05:52.350;835351562693131259;-501854;-511194;-518994;-650669;
2026-06-21T06:05:52.357;835351562700538667;-501733;-511073;-518873;-650669;
2026-06-21T06:05:52.365;835351562707946074;-501602;-510942;-518742;-650669;
2026-06-21T06:05:52.372;835351562715353481;-501463;-510803;-518603;-650669;
2026-06-21T06:05:52.379;835351562722760889;-501317;-510657;-518457;-650669;
2026-06-21T06:05:52.387;835351562730168296;-501164;-510504;-518304;-650669;
2026-06-21T06:05:52.394;835351562737575704;-501007;-510347;-518147;-650669;
2026-06-21T06:05:52.402;835351562744983111;-500847;-510187;-517987;-650669;
2026-06-21T06:05:52.409;835351562752390519;-500684;-510024;-517824;-650669;
2026-06-21T06:05:52.416;835351562759797926;-500521;-509861;-517661;-650669;
2026-06-21T06:05:52.424;835351562767205333;-500357;-509697;-517497;-650669;
2026-06-21T06:05:52.431;835351562774612741;-500195;-509535;-517335;-650669;
2026-06-21T06:05:52.439;835351562782020148;-500035;-509375;-517175;-650669;
2026-06-21T06:05:52.446;835351562789427556;-499879;-509219;-517019;-650669;
2026-06-21T06:05:52.453;835351562796834963;-499728;-509068;-516868;-650669;
2026-06-21T06:05:52.461;835351562804242370;-499581;-508921;-516721;-650669;
2026-06-21T06:05:52.468;835351562811649778;-499441;-508781;-516581;-650669;
2026-06-21T06:05:52.476;835351562819057185;-499308;-508648;-516448;-650669;
2026-06-21T06:05:52.483;835351562826464593;-499182;-508522;-516322;-650669;
2026-06-21T06:05:52.491;835351562833872000;-499065;-508405;-516205;-650669;
2026-06-21T06:05:52.498;835351562841279407;-498955;-508295;-516095;-650669;
2026-06-21T06:05:52.505;835351562848686815;-498855;-508195;-515995;-650669;
2026-06-21T06:05:52.513;835351562856094222;-498764;-508104;-515904;-650669;
2026-06-21T06:05:52.520;835351562863501630;-498681;-508021;-515821;-650669;
2026-06-21T06:05:52.528;835351562870909037;-498608;-507948;-515748;-650669;
2026-06-21T06:05:52.535;835351562878316444;-498543;-507883;-515683;-650670;
2026-06-21T06:05:52.542;835351562885723852;-498487;-507827;-515627;-650670;
2026-06-21T06:05:52.550;835351562893131259;-498440;-507780;-515580;-650670;
2026-06-21T06:05:52.557;835351562900538667;-498401;-507741;-515541;-650670;
2026-06-21T06:05:52.565;835351562907946074;-498369;-507709;-515509;-650670;
2026-06-21T06:05:52.572;835351562915353481;-498343;-507683;-515483;-650670;
2026-06-21T06:05:52.579;835351562922760889;-498325;-507665;-515465;-650670;
2026-06-21T06:05:52.587;835351562930168296;-498311;-507651;-515451;-650670;
2026-06-21T06:05:52.594;835351562937575704;-498303;-507643;-515443;-650670;
2026-06-21T06:05:52.602;835351562944983111;-498298;-507638;-515438;-650670;
2026-06-21T06:05:52.609;835351562952390519;-498297;-507637;-515437;-650670;
2026-06-21T06:05:52.616;835351562959797926;-498298;-507638;-515438;-650670;
2026-06-21T06:05:52.624;835351562967205333;-498301;-507641;-515441;-650670;
2026-06-21T06:05:52.631;835351562974612741;-498305;-507645;-515445;-650670;
2026-06-21T06:05:52.639;835351562982020148;-498309;-507649;-515449;-650670;
2026-06-21T06:05:52.646;835351562989427556;-498311;-507651;-515451;-650670;
2026-06-21T06:05:52.653;835351562996834963;-498313;-507653;-515453;-650670;
2026-06-21T06:05:52.661;835351563004242370;-498312;-507652;-515452;-650670;
2026-06-21T06:05:52.668;835351563011649778;-498308;-507648;-515448;-650670;
2026-06-21T06:05:52.676;835351563019057185;-498301;-507641;-515441;-650670;
2026-06-21T06:05:52.683;835351563026464593;-498290;-507630;-515430;-650670;
2026-06-21T06:05:52.691;835351563033872000;-498274;-507614;-515414;-650670;
2026-06-21T06:05:52.698;835351563041279407;-498254;-507594;-515394;-650670;
2026-06-21T06:05:52.705;835351563048686815;-498229;-507569;-515369;-650670;
2026-06-21T06:05:52.713;835351563056094222;-498199;-507539;-515339;-650670;
2026-06-21T06:05:52.720;835351563063501630;-498164;-507504;-515304;-650670;
2026-06-21T06:05:52.728;835351563070909037;-498124;-507464;-515264;-650670;
2026-06-21T06:05:52.735;835351563078316444;-498079;-507419;-515219;-650670;
2026-06-21T06:05:52.742;835351563085723852;-498030;-507370;-515170;-650670;
2026-06-21T06:05:52.750;835351563093131259;-497976;-507316;-515116;-650670;
2026-06-21T06:05:52.757;835351563100538667;-497918;-507258;-515058;-650670;
2026-06-21T06:05:52.765;835351563107946074;-497857;-507197;-514997;-650670;
2026-06-21T06:05:52.772;835351563115353481;-497793;-507133;-514933;-650670;
2026-06-21T06:05:52.779;835351563122760889;-497727;-507067;-514867;-650670;
2026-06-21T06:05:52.787;835351563130168296;-497660;-507000;-514800;-650670;
2026-06-21T06:05:52.794;835351563137575704;-497592;-506932;-514732;-650670;
2026-06-21T06:05:52.802;835351563144983111;-497525;-506865;-514665;-650670;
2026-06-21T06:05:52.809;835351563152390519;-497459;-506799;-514599;-650670;
2026-06-21T06:05:52.816;835351563159797926;-497395;-506735;-514535;-650670;
2026-06-21T06:05:52.824;835351563167205333;-497334;-506674;-514474;-650670;
2026-06-21T06:05:52.831;835351563174612741;-497278;-506618;-514418;-650670;
2026-06-21T06:05:52.839;835351563182020148;-497227;-506567;-514367;-650670;
2026-06-21T06:05:52.846;835351563189427556;-497181;-506521;-514321;-650670;
2026-06-21T06:05:52.853;835351563196834963;-497143;-506483;-514283;-650671;
2026-06-21T06:05:52.861;835351563204242370;-497113;-506453;-514253;-650671;
2026-06-21T06:05:52.868;835351563211649778;-497091;-506431;-514231;-650671;
2026-06-21T06:05:52.876;835351563219057185;-497079;-506419;-514219;-650671;
2026-06-21T06:05:52.883;835351563226464593;-497077;-506417;-514217;-650671;
2026-06-21T06:05:52.891;835351563233872000;-497086;-506426;-514226;-650671;
2026-06-21T06:05:52.898;835351563241279407;-497107;-506447;-514247;-650671;
2026-06-21T06:05:52.905;835351563248686815;-497140;-506480;-514280;-650671;
2026-06-21T06:05:52.913;835351563256094222;-497185;-506525;-514325;-650671;
2026-06-21T06:05:52.920;835351563263501630;-497242;-506582;-514382;-650671;
2026-06-21T06:05:52.928;835351563270909037;-497313;-506653;-514453;-650671;
2026-06-21T06:05:52.935;835351563278316444;-497396;-506736;-514536;-650671;
2026-06-21T06:05:52.942;835351563285723852;-497493;-506833;-514633;-650671;
2026-06-21T06:05:52.950;835351563293131259;-497601;-506941;-514741;-650671;
2026-06-21T06:05:52.957;835351563300538667;-497722;-507062;-514862;-650671;
2026-06-21T06:05:52.965;835351563307946074;-497855;-507195;-514995;-650671;
2026-06-21T06:05:52.972;835351563315353481;-498000;-507340;-515140;-650671;
2026-06-21T06:05:52.979;835351563322760889;-498155;-507495;-515295;-650671;
2026-06-21T06:05:52.987;835351563330168296;-498320;-507660;-515460;-650671;
2026-06-21T06:05:52.994;835351563337575704;-498494;-507834;-515634;-650671;
2026-06-21T06:05:53.002;835351563344983111;-498676;-508016;-515816;-650671;
2026-06-21T06:05:53.009;835351563352390519;-498865;-508205;-516005;-650671;
2026-06-21T06:05:53.016;835351563359797926;-499061;-508401;-516201;-650671;
2026-06-21T06:05:53.024;835351563367205333;-499261;-508601;-516401;-650671;
2026-06-21T06:05:53.031;835351563374612741;-499464;-508804;-516604;-650671;
2026-06-21T06:05:53.039;835351563382020148;-499670;-509010;-516810;-650671;
2026-06-21T06:05:53.046;835351563389427556;-499877;-509217;-517017;-650671;
2026-06-21T06:05:53.053;835351563396834963;-500084;-509424;-517224;-650671;
2026-06-21T06:05:53.061;835351563404242370;-500288;-509628;-517428;-650671;
2026-06-21T06:05:53.068;835351563411649778;-500490;-509830;-517630;-650671;
2026-06-21T06:05:53.076;835351563419057185;-500687;-510027;-517827;-650671;
2026-06-21T06:05:53.083;835351563426464593;-500878;-510218;-518018;-650671;
2026-06-21T06:05:53.091;835351563433872000;-501062;-510402;-518202;-650671;
2026-06-21T06:05:53.098;835351563441279407;-501238;-510578;-518378;-650671;
2026-06-21T06:05:53.105;835351563448686815;-501404;-510744;-518544;-650671;
2026-06-21T06:05:53.113;835351563456094222;-501560;-510900;-518700;-650671;
2026-06-21T06:05:53.120;835351563463501630;-501703;-511043;-518843;-650671;
2026-06-21T06:05:53.128;835351563470909037;-501834;-511174;-518974;-650671;
2026-06-21T06:05:53.135;835351563478316444;-501952;-511292;-519092;-650671;
2026-06-21T06:05:53.142;835351563485723852;-502056;-511396;-519196;-650671;
2026-06-21T06:05:53.150;835351563493131259;-502144;-511484;-519284;-650671;
2026-06-21T06:05:53.157;835351563500538667;-502218;-511558;-519358;-650671;
2026-06-21T06:05:53.165;835351563507946074;-502275;-511615;-519415;-650672;
2026-06-21T06:05:53.172;835351563515353481;-502317;-511657;-519457;-650672;
2026-06-21T06:05:53.179;835351563522760889;-502342;-511682;-519482;-650672;
2026-06-21T06:05:53.187;835351563530168296;-502351;-511691;-519491;-650672;
2026-06-21T06:05:53.194;835351563537575704;-502345;-511685;-519485;-650672;
2026-06-21T06:05:53.202;835351563544983111;-502322;-511662;-519462;-650672;
2026-06-21T06:05:53.209;835351563552390519;-502284;-511624;-519424;-650672;
2026-06-21T06:05:53.216;835351563559797926;-502232;-511572;-519372;-650672;
2026-06-21T06:05:53.224;835351563567205333;-502165;-511505;-519305;-650672;
2026-06-21T06:05:53.231;835351563574612741;-502084;-511424;-519224;-650672;
2026-06-21T06:05:53.239;835351563582020148;-501991;-511331;-519131;-650672;
2026-06-21T06:05:53.246;835351563589427556;-501885;-511225;-519025;-650672;
2026-06-21T06:05:53.253;835351563596834963;-501769;-511109;-518909;-650672;
2026-06-21T06:05:53.261;835351563604242370;-501643;-510983;-518783;-650672;
2026-06-21T06:05:53.268;835351563611649778;-501508;-510848;-518648;-650672;
2026-06-21T06:05:53.276;835351563619057185;-501365;-510705;-518505;-650672;
2026-06-21T06:05:53.283;835351563626464593;-501216;-510556;-518356;-650672;
2026-06-21T06:05:53.291;835351563633872000;-501061;-510401;-518201;-650672;
2026-06-21T06:05:53.298;835351563641279407;-500903;-510243;-518043;-650672;
2026-06-21T06:05:53.305;835351563648686815;-500742;-510082;-517882;-650672;
2026-06-21T06:05:53.313;835351563656094222;-500579;-509919;-517719;-650672;
2026-06-21T06:05:53.320;835351563663501630;-500416;-509756;-517556;-650672;
2026-06-21T06:05:53.328;835351563670909037;-500254;-509594;-517394;-650672;
2026-06-21T06:05:53.335;835351563678316444;-500093;-509433;-517233;-650672;
2026-06-21T06:05:53.342;835351563685723852;-499936;-509276;-517076;-650672;
2026-06-21T06:05:53.350;835351563693131259;-499782;-509122;-516922;-650672;
2026-06-21T06:05:53.357;835351563700538667;-499634;-508974;-516774;-650672;
2026-06-21T06:05:53.365;835351563707946074;-499491;-508831;-516631;-650672;
2026-06-21T06:05:53.372;835351563715353481;-499354;-508694;-516494;-650672;
2026-06-21T06:05:53.379;835351563722760889;-499225;-508565;-516365;-650672;
2026-06-21T06:05:53.387;835351563730168296;-499104;-508444;-516244;-650672;
2026-06-21T06:05:53.394;835351563737575704;-498991;-508331;-516131;-650672;
2026-06-21T06:05:53.402;835351563744983111;-498886;-508226;-516026;-650672;
2026-06-21T06:05:53.409;835351563752390519;-498790;-508130;-515930;-650672;
2026-06-21T06:05:53.416;835351563759797926;-498703;-508043;-515843;-650672;
2026-06-21T06:05:53.424;835351563767205333;-498625;-507965;-515765;-650672;
2026-06-21T06:05:53.431;835351563774612741;-498556;-507896;-515696;-650672;
2026-06-21T06:05:53.439;835351563782020148;-498496;-507836;-515636;-650672;
2026-06-21T06:05:53.446;835351563789427556;-498444;-507784;-515584;-650672;
2026-06-21T06:05:53.453;835351563796834963;-498401;-507741;-515541;-650672;
2026-06-21T06:05:53.461;835351563804242370;-498365;-507705;-515505;-650672;
2026-06-21T06:05:53.468;835351563811649778;-498336;-507676;-515476;-650673;
2026-06-21T06:05:53.476;835351563819057185;-498314;-507654;-515454;-650673;
2026-06-21T06:05:53.483;835351563826464593;-498298;-507638;-515438;-650673;
2026-06-21T06:05:53.491;835351563833872000;-498287;-507627;-515427;-650673;
2026-06-21T06:05:53.498;835351563841279407;-498280;-507620;-515420;-650673;
2026-06-21T06:05:53.505;835351563848686815;-498277;-507617;-515417;-650673;
2026-06-21T06:05:53.513;835351563856094222;-498277;-507617;-515417;-650673;
2026-06-21T06:05:53.520;835351563863501630;-498280;-507620;-515420;-650673;
2026-06-21T06:05:53.528;835351563870909037;-498283;-507623;-515423;-650673;
2026-06-21T06:05:53.535;835351563878316444;-498287;-507627;-515427;-650673;
2026-06-21T06:05:53.542;835351563885723852;-498290;-507630;-515430;-650673;
2026-06-21T06:05:53.550;835351563893131259;-498292;-507632;-515432;-650673;
2026-06-21T06:05:53.557;835351563900538667;-498293;-507633;-515433;-650673;
2026-06-21T06:05:53.565;835351563907946074;-498291;-507631;-515431;-650673;
2026-06-21T06:05:53.572;835351563915353481;-498286;-507626;-515426;-650673;
2026-06-21T06:05:53.579;835351563922760889;-498277;-507617;-515417;-650673;
2026-06-21T06:05:53.587;835351563930168296;-498265;-507605;-515405;-650673;
2026-06-21T06:05:53.594;835351563937575704;-498247;-507587;-515387;-650673;
2026-06-21T06:05:53.602;835351563944983111;-498226;-507566;-515366;-650673;
2026-06-21T06:05:53.609;835351563952390519;-498199;-507539;-515339;-650673;
2026-06-21T06:05:53.616;835351563959797926;-498167;-507507;-515307;-650673;
2026-06-21T06:05:53.624;835351563967205333;-498130;-507470;-515270;-650673;
2026-06-21T06:05:53.631;835351563974612741;-498088;-507428;-515228;-650673;
2026-06-21T06:05:53.639;835351563982020148;-498042;-507382;-515182;-650673;
2026-06-21T06:05:53.646;835351563989427556;-497991;-507331;-515131;-650673;
2026-06-21T06:05:53.653;835351563996834963;-497936;-507276;-515076;-650673;
2026-06-21T06:05:53.661;835351564004242370;-497877;-507217;-515017;-650673;
2026-06-21T06:05:53.668;835351564011649778;-497815;-507155;-514955;-650673;
2026-06-21T06:05:53.676;835351564019057185;-497751;-507091;-514891;-650673;
2026-06-21T06:05:53.683;835351564026464593;-497684;-507024;-514824;-650673;
2026-06-21T06:05:53.691;835351564033872000;-497617;-506957;-514757;-650673;
2026-06-21T06:05:53.698;835351564041279407;-497550;-506890;-514690;-650673;
2026-06-21T06:05:53.705;835351564048686815;-497483;-506823;-514623;-650673;
2026-06-21T06:05:53.713;835351564056094222;-497418;-506758;-514558;-650673;
2026-06-21T06:05:53.720;835351564063501630;-497355;-506695;-514495;-650673;
2026-06-21T06:05:53.728;835351564070909037;-497296;-506636;-514436;-650673;
2026-06-21T06:05:53.735;835351564078316444;-497242;-506582;-514382;-650673;
2026-06-21T06:05:53.742;835351564085723852;-497192;-506532;-514332;-650673;
2026-06-21T06:05:53.750;835351564093131259;-497149;-506489;-514289;-650673;
2026-06-21T06:05:53.757;835351564100538667;-497114;-506454;-514254;-650673;
2026-06-21T06:05:53.765;835351564107946074;-497086;-506426;-514226;-650673;
2026-06-21T06:05:53.772;835351564115353481;-497067;-506407;-514207;-650674;
2026-06-21T06:05:53.779;835351564122760889;-497059;-506399;-514199;-650674;
2026-06-21T06:05:53.787;835351564130168296;-497060;-506400;-514200;-650674;
2026-06-21T06:05:53.794;835351564137575704;-497073;-506413;-514213;-650674;
2026-06-21T06:05:53.802;835351564144983111;-497097;-506437;-514237;-650674;
2026-06-21T06:05:53.809;835351564152390519;-497133;-506473;-514273;-650674;
2026-06-21T06:05:53.816;835351564159797926;-497182;-506522;-514322;-650674;
2026-06-21T06:05:53.824;835351564167205333;-497243;-506583;-514383;-650674;
2026-06-21T06:05:53.831;835351564174612741;-497317;-506657;-514457;-650674;
2026-06-21T06:05:53.839;835351564182020148;-497403;-506743;-514543;-650674;
2026-06-21T06:05:53.846;835351564189427556;-497503;-506843;-514643;-650674;
2026-06-21T06:05:53.853;835351564196834963;-497615;-506955;-514755;-650674;
2026-06-21T06:05:53.861;835351564204242370;-497739;-507079;-514879;-650674;
2026-06-21T06:05:53.868;835351564211649778;-497874;-507214;-515014;-650674;
2026-06-21T06:05:53.876;835351564219057185;-498021;-507361;-515161;-650674;
2026-06-21T06:05:53.883;835351564226464593;-498178;-507518;-515318;-650674;
2026-06-21T06:05:53.891;835351564233872000;-498345;-507685;-515485;-650674;
2026-06-21T06:05:53.898;835351564241279407;-498521;-507861;-515661;-650674;
2026-06-21T06:05:53.905;835351564248686815;-498704;-508044;-515844;-650674;
2026-06-21T06:05:53.913;835351564256094222;-498894;-508234;-516034;-650674;
2026-06-21T06:05:53.920;835351564263501630;-499090;-508430;-516230;-650674;
2026-06-21T06:05:53.928;835351564270909037;-499291;-508631;-516431;-650674;
2026-06-21T06:05:53.935;835351564278316444;-499494;-508834;-516634;-650674;
2026-06-21T06:05:53.942;835351564285723852;-499700;-509040;-516840;-650674;
2026-06-21T06:05:53.950;835351564293131259;-499906;-509246;-517046;-650674;
2026-06-21T06:05:53.957;835351564300538667;-500112;-509452;-517252;-650674;
2026-06-21T06:05:53.965;835351564307946074;-500315;-509655;-517455;-650674;
2026-06-21T06:05:53.972;835351564315353481;-500515;-509855;-517655;-650674;
2026-06-21T06:05:53.979;835351564322760889;-500710;-510050;-517850;-650674;
2026-06-21T06:05:53.987;835351564330168296;-500899;-510239;-518039;-650674;
2026-06-21T06:05:53.994;835351564337575704;-501081;-510421;-518221;-650674;
2026-06-21T06:05:54.002;835351564344983111;-501255;-510595;-518395;-650674;
2026-06-21T06:05:54.009;835351564352390519;-501418;-510758;-518558;-650674;
2026-06-21T06:05:54.016;835351564359797926;-501571;-510911;-518711;-650674;
2026-06-21T06:05:54.024;835351564367205333;-501712;-511052;-518852;-650674;
2026-06-21T06:05:54.031;835351564374612741;-501840;-511180;-518980;-650674;
2026-06-21T06:05:54.039;835351564382020148;-501955;-511295;-519095;-650674;
2026-06-21T06:05:54.046;835351564389427556;-502055;-511395;-519195;-650674;
2026-06-21T06:05:54.053;835351564396834963;-502141;-511481;-519281;-650674;
2026-06-21T06:05:54.061;835351564404242370;-502211;-511551;-519351;-650674;
2026-06-21T06:05:54.068;835351564411649778;-502266;-511606;-519406;-650674;
2026-06-21T06:05:54.076;835351564419057185;-502305;-511645;-519445;-650675;
2026-06-21T06:05:54.083;835351564426464593;-502327;-511667;-519467;-650675;
2026-06-21T06:05:54.091;835351564433872000;-502334;-511674;-519474;-650675;
2026-06-21T06:05:54.098;835351564441279407;-502325;-511665;-519465;-650675;
2026-06-21T06:05:54.105;835351564448686815;-502300;-511640;-519440;-650675;
2026-06-21T06:05:54.113;835351564456094222;-502260;-511600;-519400;-650675;
2026-06-21T06:05:54.120;835351564463501630;-502206;-511546;-519346;-650675;
2026-06-21T06:05:54.128;835351564470909037;-502137;-511477;-519277;-650675;
2026-06-21T06:05:54.135;835351564478316444;-502055;-511395;-519195;-650675;
2026-06-21T06:05:54.142;835351564485723852;-501960;-511300;-519100;-650675;
2026-06-21T06:05:54.150;835351564493131259;-501854;-511194;-518994;-650675;
2026-06-21T06:05:54.157;835351564500538667;-501736;-511076;-518876;-650675;
2026-06-21T06:05:54.165;835351564507946074;-501609;-510949;-518749;-650675;
2026-06-21T06:05:54.172;835351564515353481;-501474;-510814;-518614;-650675;
2026-06-21T06:05:54.179;835351564522760889;-501331;-510671;-518471;-650675;
2026-06-21T06:05:54.187;835351564530168296;-501182;-510522;-518322;-650675;
2026-06-21T06:05:54.194;835351564537575704;-501027;-510367;-518167;-650675;
2026-06-21T06:05:54.202;835351564544983111;-500869;-510209;-518009;-650675;
2026-06-21T06:05:54.209;835351564552390519;-500709;-510049;-517849;-650675;
2026-06-21T06:05:54.216;835351564559797926;-500546;-509886;-517686;-650675;
2026-06-21T06:05:54.224;835351564567205333;-500384;-509724;-517524;-650675;
2026-06-21T06:05:54.231;835351564574612741;-500222;-509562;-517362;-650675;
2026-06-21T06:05:54.239;835351564582020148;-500063;-509403;-517203;-650675;
2026-06-21T06:05:54.246;835351564589427556;-499906;-509246;-517046;-650675;
2026-06-21T06:05:54.253;835351564596834963;-499754;-509094;-516894;-650675;
2026-06-21T06:05:54.261;835351564604242370;-499606;-508946;-516746;-650675;
2026-06-21T06:05:54.268;835351564611649778;-499464;-508804;-516604;-650675;
2026-06-21T06:05:54.276;835351564619057185;-499329;-508669;-516469;-650675;
2026-06-21T06:05:54.283;835351564626464593;-499201;-508541;-516341;-650675;
2026-06-21T06:05:54.291;835351564633872000;-499080;-508420;-516220;-650675;
2026-06-21T06:05:54.298;835351564641279407;-498968;-508308;-516108;-650675;
2026-06-21T06:05:54.305;835351564648686815;-498864;-508204;-516004;-650675;
2026-06-21T06:05:54.313;835351564656094222;-498769;-508109;-515909;-650675;
2026-06-21T06:05:54.320;835351564663501630;-498683;-508023;-515823;-650675;
2026-06-21T06:05:54.328;835351564670909037;-498606;-507946;-515746;-650675;
2026-06-21T06:05:54.335;835351564678316444;-498538;-507878;-515678;-650675;
2026-06-21T06:05:54.342;835351564685723852;-498478;-507818;-515618;-650675;
2026-06-21T06:05:54.350;835351564693131259;-498427;-507767;-515567;-650675;
2026-06-21T06:05:54.357;835351564700538667;-498384;-507724;-515524;-650675;
2026-06-21T06:05:54.365;835351564707946074;-498348;-507688;-515488;-650675;
2026-06-21T06:05:54.372;835351564715353481;-498320;-507660;-515460;-650676;
2026-06-21T06:05:54.379;835351564722760889;-498298;-507638;-515438;-650676;
2026-06-21T06:05:54.387;835351564730168296;-498282;-507622;-515422;-650676;
2026-06-21T06:05:54.394;835351564737575704;-498271;-507611;-515411;-650676;
2026-06-21T06:05:54.402;835351564744983111;-498265;-507605;-515405;-650676;
2026-06-21T06:05:54.409;835351564752390519;-498262;-507602;-515402;-650676;
2026-06-21T06:05:54.416;835351564759797926;-498262;-507602;-515402;-650676;
2026-06-21T06:05:54.424;835351564767205333;-498264;-507604;-515404;-650676;
2026-06-21T06:05:54.431;835351564774612741;-498267;-507607;-515407;-650676;
2026-06-21T06:05:54.439;835351564782020148;-498271;-507611;-515411;-650676;
2026-06-21T06:05:54.446;835351564789427556;-498274;-507614;-515414;-650676;
2026-06-21T06:05:54.453;835351564796834963;-498277;-507617;-515417;-650676;
2026-06-21T06:05:54.461;835351564804242370;-498277;-507617;-515417;-650676;
2026-06-21T06:05:54.468;835351564811649778;-498276;-507616;-515416;-650676;
2026-06-21T06:05:54.476;835351564819057185;-498271;-507611;-515411;-650676;
2026-06-21T06:05:54.483;835351564826464593;-498262;-507602;-515402;-650676;
2026-06-21T06:05:54.491;835351564833872000;-498250;-507590;-515390;-650676;
2026-06-21T06:05:54.498;835351564841279407;-498233;-507573;-515373;-650676;
2026-06-21T06:05:54.505;835351564848686815;-498212;-507552;-515352;-650676;
2026-06-21T06:05:54.513;835351564856094222;-498185;-507525;-515325;-650676;
2026-06-21T06:05:54.520;835351564863501630;-498154;-507494;-515294;-650676;
2026-06-21T06:05:54.528;835351564870909037;-498117;-507457;-515257;-650676;
2026-06-21T06:05:54.535;835351564878316444;-498076;-507416;-515216;-650676;
2026-06-21T06:05:54.542;835351564885723852;-498030;-507370;-515170;-650676;
2026-06-21T06:05:54.550;835351564893131259;-497979;-507319;-515119;-650676;
2026-06-21T06:05:54.557;835351564900538667;-497925;-507265;-515065;-650676;
2026-06-21T06:05:54.565;835351564907946074;-497867;-507207;-515007;-650676;
2026-06-21T06:05:54.572;835351564915353481;-497805;-507145;-514945;-650676;
2026-06-21T06:05:54.579;835351564922760889;-497741;-507081;-514881;-650676;
2026-06-21T06:05:54.587;835351564930168296;-497675;-507015;-514815;-650676;
2026-06-21T06:05:54.594;835351564937575704;-497609;-506949;-514749;-650676;
2026-06-21T06:05:54.602;835351564944983111;-497541;-506881;-514681;-650676;
2026-06-21T06:05:54.609;835351564952390519;-497475;-506815;-514615;-650676;
2026-06-21T06:05:54.616;835351564959797926;-497410;-506750;-514550;-650676;
2026-06-21T06:05:54.624;835351564967205333;-497347;-506687;-514487;-650676;
2026-06-21T06:05:54.631;835351564974612741;-497288;-506628;-514428;-650676;
2026-06-21T06:05:54.639;835351564982020148;-497233;-506573;-514373;-650676;
2026-06-21T06:05:54.646;835351564989427556;-497183;-506523;-514323;-650676;
2026-06-21T06:05:54.653;835351564996834963;-497140;-506480;-514280;-650676;
2026-06-21T06:05:54.661;835351565004242370;-497103;-506443;-514243;-650676;
2026-06-21T06:05:54.668;835351565011649778;-497075;-506415;-514215;-650677;
2026-06-21T06:05:54.676;835351565019057185;-497055;-506395;-514195;-650677;
2026-06-21T06:05:54.683;835351565026464593;-497045;-506385;-514185;-650677;
2026-06-21T06:05:54.691;835351565033872000;-497045;-506385;-514185;-650677;
2026-06-21T06:05:54.698;835351565041279407;-497056;-506396;-514196;-650677;
2026-06-21T06:05:54.705;835351565048686815;-497078;-506418;-514218;-650677;
2026-06-21T06:05:54.713;835351565056094222;-497113;-506453;-514253;-650677;
2026-06-21T06:05:54.720;835351565063501630;-497159;-506499;-514299;-650677;
2026-06-21T06:05:54.728;835351565070909037;-497218;-506558;-514358;-650677;
2026-06-21T06:05:54.735;835351565078316444;-497290;-506630;-514430;-650677;
2026-06-21T06:05:54.742;835351565085723852;-497374;-506714;-514514;-650677;
2026-06-21T06:05:54.750;835351565093131259;-497471;-506811;-514611;-650677;
2026-06-21T06:05:54.757;835351565100538667;-497580;-506920;-514720;-650677;
2026-06-21T06:05:54.765;835351565107946074;-497702;-507042;-514842;-650677;
2026-06-21T06:05:54.772;835351565115353481;-497835;-507175;-514975;-650677;
2026-06-21T06:05:54.779;835351565122760889;-497979;-507319;-515119;-650677;
2026-06-21T06:05:54.787;835351565130168296;-498134;-507474;-515274;-650677;
2026-06-21T06:05:54.794;835351565137575704;-498298;-507638;-515438;-650677;
2026-06-21T06:05:54.802;835351565144983111;-498472;-507812;-515612;-650677;
2026-06-21T06:05:54.809;835351565152390519;-498653;-507993;-515793;-650677;
2026-06-21T06:05:54.816;835351565159797926;-498841;-508181;-515981;-650677;
2026-06-21T06:05:54.824;835351565167205333;-499035;-508375;-516175;-650677;
2026-06-21T06:05:54.831;835351565174612741;-499234;-508574;-516374;-650677;
2026-06-21T06:05:54.839;835351565182020148;-499436;-508776;-516576;-650677;
2026-06-21T06:05:54.846;835351565189427556;-499641;-508981;-516781;-650677;
2026-06-21T06:05:54.853;835351565196834963;-499846;-509186;-516986;-650677;
2026-06-21T06:05:54.861;835351565204242370;-500051;-509391;-517191;-650677;
2026-06-21T06:05:54.868;835351565211649778;-500255;-509595;-517395;-650677;
2026-06-21T06:05:54.876;835351565219057185;-500455;-509795;-517595;-650677;
2026-06-21T06:05:54.883;835351565226464593;-500650;-509990;-517790;-650677;
2026-06-21T06:05:54.891;835351565233872000;-500841;-510181;-517981;-650677;
2026-06-21T06:05:54.898;835351565241279407;-501024;-510364;-518164;-650677;
2026-06-21T06:05:54.905;835351565248686815;-501198;-510538;-518338;-650677;
2026-06-21T06:05:54.913;835351565256094222;-501364;-510704;-518504;-650677;
2026-06-21T06:05:54.920;835351565263501630;-501519;-510859;-518659;-650677;
2026-06-21T06:05:54.928;835351565270909037;-501663;-511003;-518803;-650677;
2026-06-21T06:05:54.935;835351565278316444;-501794;-511134;-518934;-650677;
2026-06-21T06:05:54.942;835351565285723852;-501912;-511252;-519052;-650677;
2026-06-21T06:05:54.950;835351565293131259;-502016;-511356;-519156;-650677;
2026-06-21T06:05:54.957;835351565300538667;-502106;-511446;-519246;-650678;
2026-06-21T06:05:54.965;835351565307946074;-502180;-511520;-519320;-650678;
2026-06-21T06:05:54.972;835351565315353481;-502239;-511579;-519379;-650678;
2026-06-21T06:05:54.979;835351565322760889;-502282;-511622;-519422;-650678;
2026-06-21T06:05:54.987;835351565330168296;-502310;-511650;-519450;-650678;
2026-06-21T06:05:54.994;835351565337575704;-502321;-511661;-519461;-650678;
2026-06-21T06:05:55.002;835351565344983111;-502317;-511657;-519457;-650678;
2026-06-21T06:05:55.009;835351565352390519;-502297;-511637;-519437;-650678;
2026-06-21T06:05:55.016;835351565359797926;-502262;-511602;-519402;-650678;
2026-06-21T06:05:55.024;835351565367205333;-502212;-511552;-519352;-650678;
2026-06-21T06:05:55.031;835351565374612741;-502148;-511488;-519288;-650678;
2026-06-21T06:05:55.039;835351565382020148;-502070;-511410;-519210;-650678;
2026-06-21T06:05:55.046;835351565389427556;-501980;-511320;-519120;-650678;
2026-06-21T06:05:55.053;835351565396834963;-501878;-511218;-519018;-650678;
2026-06-21T06:05:55.061;835351565404242370;-501764;-511104;-518904;-650678;
2026-06-21T06:05:55.068;835351565411649778;-501641;-510981;-518781;-650678;
2026-06-21T06:05:55.076;835351565419057185;-501509;-510849;-518649;-650678;
2026-06-21T06:05:55.083;835351565426464593;-501369;-510709;-518509;-650678;
2026-06-21T06:05:55.091;835351565433872000;-501223;-510563;-518363;-650678;
2026-06-21T06:05:55.098;835351565441279407;-501071;-510411;-518211;-650678;
2026-06-21T06:05:55.105;835351565448686815;-500914;-510254;-518054;-650678;
2026-06-21T06:05:55.113;835351565456094222;-500755;-510095;-517895;-650678;
2026-06-21T06:05:55.120;835351565463501630;-500594;-509934;-517734;-650678;
2026-06-21T06:05:55.128;835351565470909037;-500432;-509772;-517572;-650678;
2026-06-21T06:05:55.135;835351565478316444;-500271;-509611;-517411;-650678;
2026-06-21T06:05:55.142;835351565485723852;-500111;-509451;-517251;-650678;
2026-06-21T06:05:55.150;835351565493131259;-499954;-509294;-517094;-650678;
2026-06-21T06:05:55.157;835351565500538667;-499800;-509140;-516940;-650678;
2026-06-21T06:05:55.165;835351565507946074;-499651;-508991;-516791;-650678;
2026-06-21T06:05:55.172;835351565515353481;-499508;-508848;-516648;-650678;
2026-06-21T06:05:55.179;835351565522760889;-499370;-508710;-516510;-650678;
2026-06-21T06:05:55.187;835351565530168296;-499240;-508580;-516380;-650678;
2026-06-21T06:05:55.194;835351565537575704;-499117;-508457;-516257;-650678;
2026-06-21T06:05:55.202;835351565544983111;-499002;-508342;-516142;-650678;
2026-06-21T06:05:55.209;835351565552390519;-498895;-508235;-516035;-650678;
2026-06-21T06:05:55.216;835351565559797926;-498797;-508137;-515937;-650678;
2026-06-21T06:05:55.224;835351565567205333;-498707;-508047;-515847;-650678;
2026-06-21T06:05:55.231;835351565574612741;-498627;-507967;-515767;-650678;
2026-06-21T06:05:55.239;835351565582020148;-498555;-507895;-515695;-650678;
2026-06-21T06:05:55.246;835351565589427556;-498492;-507832;-515632;-650679;
2026-06-21T06:05:55.253;835351565596834963;-498437;-507777;-515577;-650679;
2026-06-21T06:05:55.261;835351565604242370;-498391;-507731;-515531;-650679;
2026-06-21T06:05:55.268;835351565611649778;-498352;-507692;-515492;-650679;
2026-06-21T06:05:55.276;835351565619057185;-498321;-507661;-515461;-650679;
2026-06-21T06:05:55.283;835351565626464593;-498296;-507636;-515436;-650679;
2026-06-21T06:05:55.291;835351565633872000;-498277;-507617;-515417;-650679;
2026-06-21T06:05:55.298;835351565641279407;-498264;-507604;-515404;-650679;
2026-06-21T06:05:55.305;835351565648686815;-498256;-507596;-515396;-650679;
2026-06-21T06:05:55.313;835351565656094222;-498252;-507592;-515392;-650679;
2026-06-21T06:05:55.320;835351565663501630;-498250;-507590;-515390;-650679;
2026-06-21T06:05:55.328;835351565670909037;-498252;-507592;-515392;-650679;
2026-06-21T06:05:55.335;835351565678316444;-498255;-507595;-515395;-650679;
2026-06-21T06:05:55.342;835351565685723852;-498258;-507598;-515398;-650679;
2026-06-21T06:05:55.350;835351565693131259;-498262;-507602;-515402;-650679;
2026-06-21T06:05:55.357;835351565700538667;-498265;-507605;-515405;-650679;
2026-06-21T06:05:55.365;835351565707946074;-498267;-507607;-515407;-650679;
2026-06-21T06:05:55.372;835351565715353481;-498266;-507606;-515406;-650679;
2026-06-21T06:05:55.379;835351565722760889;-498263;-507603;-515403;-650679;
2026-06-21T06:05:55.387;835351565730168296;-498256;-507596;-515396;-650679;
2026-06-21T06:05:55.394;835351565737575704;-498246;-507586;-515386;-650679;
2026-06-21T06:05:55.402;835351565744983111;-498232;-507572;-515372;-650679;
2026-06-21T06:05:55.409;835351565752390519;-498213;-507553;-515353;-650679;
2026-06-21T06:05:55.416;835351565759797926;-498189;-507529;-515329;-650679;
2026-06-21T06:05:55.424;835351565767205333;-498161;-507501;-515301;-650679;
2026-06-21T06:05:55.431;835351565774612741;-498127;-507467;-515267;-650679;
2026-06-21T06:05:55.439;835351565782020148;-498089;-507429;-515229;-650679;
2026-06-21T06:05:55.446;835351565789427556;-498046;-507386;-515186;-650679;
2026-06-21T06:05:55.453;835351565796834963;-497998;-507338;-515138;-650679;
2026-06-21T06:05:55.461;835351565804242370;-497945;-507285;-515085;-650679;
2026-06-21T06:05:55.468;835351565811649778;-497889;-507229;-515029;-650679;
2026-06-21T06:05:55.476;835351565819057185;-497830;-507170;-514970;-650679;
2026-06-21T06:05:55.483;835351565826464593;-497768;-507108;-514908;-650679;
2026-06-21T06:05:55.491;835351565833872000;-497703;-507043;-514843;-650679;
2026-06-21T06:05:55.498;835351565841279407;-497637;-506977;-514777;-650679;
2026-06-21T06:05:55.505;835351565848686815;-497570;-506910;-514710;-650679;
2026-06-21T06:05:55.513;835351565856094222;-497504;-506844;-514644;-650679;
2026-06-21T06:05:55.520;835351565863501630;-497438;-506778;-514578;-650679;
2026-06-21T06:05:55.528;835351565870909037;-497374;-506714;-514514;-650680;
2026-06-21T06:05:55.535;835351565878316444;-497313;-506653;-514453;-650680;
2026-06-21T06:05:55.542;835351565885723852;-497256;-506596;-514396;-650680;
2026-06-21T06:05:55.550;835351565893131259;-497203;-506543;-514343;-650680;
2026-06-21T06:05:55.557;835351565900538667;-497156;-506496;-514296;-650680;
2026-06-21T06:05:55.565;835351565907946074;-497115;-506455;-514255;-650680;
2026-06-21T06:05:55.572;835351565915353481;-497082;-506422;-514222;-650680;
2026-06-21T06:05:55.579;835351565922760889;-497057;-506397;-514197;-650680;
2026-06-21T06:05:55.587;835351565930168296;-497040;-506380;-514180;-650680;
2026-06-21T06:05:55.594;835351565937575704;-497034;-506374;-514174;-650680;
2026-06-21T06:05:55.602;835351565944983111;-497038;-506378;-514178;-650680;
2026-06-21T06:05:55.609;835351565952390519;-497053;-506393;-514193;-650680;
2026-06-21T06:05:55.616;835351565959797926;-497080;-506420;-514220;-650680;
2026-06-21T06:05:55.624;835351565967205333;-497118;-506458;-514258;-650680;
2026-06-21T06:05:55.631;835351565974612741;-497169;-506509;-514309;-650680;
2026-06-21T06:05:55.639;835351565982020148;-497232;-506572;-514372;-650680;
2026-06-21T06:05:55.646;835351565989427556;-497307;-506647;-514447;-650680;
2026-06-21T06:05:55.653;835351565996834963;-497396;-506736;-514536;-650680;
2026-06-21T06:05:55.661;835351566004242370;-497496;-506836;-514636;-650680;
2026-06-21T06:05:55.668;835351566011649778;-497609;-506949;-514749;-650680;
2026-06-21T06:05:55.676;835351566019057185;-497734;-507074;-514874;-650680;
2026-06-21T06:05:55.683;835351566026464593;-497870;-507210;-515010;-650680;
2026-06-21T06:05:55.691;835351566033872000;-498017;-507357;-515157;-650680;
2026-06-21T06:05:55.698;835351566041279407;-498174;-507514;-515314;-650680;
2026-06-21T06:05:55.705;835351566048686815;-498341;-507681;-515481;-650680;
2026-06-21T06:05:55.713;835351566056094222;-498516;-507856;-515656;-650680;
2026-06-21T06:05:55.720;835351566063501630;-498699;-508039;-515839;-650680;
2026-06-21T06:05:55.728;835351566070909037;-498888;-508228;-516028;-650680;
2026-06-21T06:05:55.735;835351566078316444;-499083;-508423;-516223;-650680;
2026-06-21T06:05:55.742;835351566085723852;-499282;-508622;-516422;-650680;
2026-06-21T06:05:55.750;835351566093131259;-499484;-508824;-516624;-650680;
2026-06-21T06:05:55.757;835351566100538667;-499688;-509028;-516828;-650680;
2026-06-21T06:05:55.765;835351566107946074;-499893;-509233;-517033;-650680;
2026-06-21T06:05:55.772;835351566115353481;-500097;-509437;-517237;-650680;
2026-06-21T06:05:55.779;835351566122760889;-500298;-509638;-517438;-650680;
2026-06-21T06:05:55.787;835351566130168296;-500497;-509837;-517637;-650680;
2026-06-21T06:05:55.794;835351566137575704;-500690;-510030;-517830;-650680;
2026-06-21T06:05:55.802;835351566144983111;-500878;-510218;-518018;-650680;
2026-06-21T06:05:55.809;835351566152390519;-501058;-510398;-518198;-650680;
2026-06-21T06:05:55.816;835351566159797926;-501230;-510570;-518370;-650681;
2026-06-21T06:05:55.824;835351566167205333;-501393;-510733;-518533;-650681;
2026-06-21T06:05:55.831;835351566174612741;-501545;-510885;-518685;-650681;
2026-06-21T06:05:55.839;835351566182020148;-501685;-511025;-518825;-650681;
2026-06-21T06:05:55.846;835351566189427556;-501813;-511153;-518953;-650681;
2026-06-21T06:05:55.853;835351566196834963;-501928;-511268;-519068;-650681;
2026-06-21T06:05:55.861;835351566204242370;-502028;-511368;-519168;-650681;
2026-06-21T06:05:55.868;835351566211649778;-502114;-511454;-519254;-650681;
2026-06-21T06:05:55.876;835351566219057185;-502185;-511525;-519325;-650681;
2026-06-21T06:05:55.883;835351566226464593;-502241;-511581;-519381;-650681;
2026-06-21T06:05:55.891;835351566233872000;-502281;-511621;-519421;-650681;
2026-06-21T06:05:55.898;835351566241279407;-502305;-511645;-519445;-650681;
2026-06-21T06:05:55.905;835351566248686815;-502314;-511654;-519454;-650681;
2026-06-21T06:05:55.913;835351566256094222;-502307;-511647;-519447;-650681;
2026-06-21T06:05:55.920;835351566263501630;-502284;-511624;-519424;-650681;
2026-06-21T06:05:55.928;835351566270909037;-502247;-511587;-519387;-650681;
2026-06-21T06:05:55.935;835351566278316444;-502194;-511534;-519334;-650681;
2026-06-21T06:05:55.942;835351566285723852;-502128;-511468;-519268;-650681;
2026-06-21T06:05:55.950;835351566293131259;-502049;-511389;-519189;-650681;
2026-06-21T06:05:55.957;835351566300538667;-501957;-511297;-519097;-650681;
2026-06-21T06:05:55.965;835351566307946074;-501854;-511194;-518994;-650681;
2026-06-21T06:05:55.972;835351566315353481;-501739;-511079;-518879;-650681;
2026-06-21T06:05:55.979;835351566322760889;-501616;-510956;-518756;-650681;
2026-06-21T06:05:55.987;835351566330168296;-501483;-510823;-518623;-650681;
2026-06-21T06:05:55.994;835351566337575704;-501343;-510683;-518483;-650681;
2026-06-21T06:05:56.002;835351566344983111;-501196;-510536;-518336;-650681;
2026-06-21T06:05:56.009;835351566352390519;-501044;-510384;-518184;-650681;
2026-06-21T06:05:56.016;835351566359797926;-500888;-510228;-518028;-650681;
2026-06-21T06:05:56.024;835351566367205333;-500729;-510069;-517869;-650681;
2026-06-21T06:05:56.031;835351566374612741;-500569;-509909;-517709;-650681;
2026-06-21T06:05:56.039;835351566382020148;-500408;-509748;-517548;-650681;
2026-06-21T06:05:56.046;835351566389427556;-500247;-509587;-517387;-650681;
2026-06-21T06:05:56.053;835351566396834963;-500089;-509429;-517229;-650681;
2026-06-21T06:05:56.061;835351566404242370;-499932;-509272;-517072;-650681;
2026-06-21T06:05:56.068;835351566411649778;-499780;-509120;-516920;-650681;
2026-06-21T06:05:56.076;835351566419057185;-499632;-508972;-516772;-650681;
2026-06-21T06:05:56.083;835351566426464593;-499490;-508830;-516630;-650681;
2026-06-21T06:05:56.091;835351566433872000;-499353;-508693;-516493;-650681;
2026-06-21T06:05:56.098;835351566441279407;-499224;-508564;-516364;-650682;
2026-06-21T06:05:56.105;835351566448686815;-499102;-508442;-516242;-650682;
2026-06-21T06:05:56.113;835351566456094222;-498988;-508328;-516128;-650682;
2026-06-21T06:05:56.120;835351566463501630;-498882;-508222;-516022;-650682;
2026-06-21T06:05:56.128;835351566470909037;-498785;-508125;-515925;-650682;
2026-06-21T06:05:56.135;835351566478316444;-498696;-508036;-515836;-650682;
2026-06-21T06:05:56.142;835351566485723852;-498617;-507957;-515757;-650682;
2026-06-21T06:05:56.150;835351566493131259;-498546;-507886;-515686;-650682;
2026-06-21T06:05:56.157;835351566500538667;-498483;-507823;-515623;-650682;
2026-06-21T06:05:56.165;835351566507946074;-498429;-507769;-515569;-650682;
2026-06-21T06:05:56.172;835351566515353481;-498383;-507723;-515523;-650682;
2026-06-21T06:05:56.179;835351566522760889;-498345;-507685;-515485;-650682;
2026-06-21T06:05:56.187;835351566530168296;-498314;-507654;-515454;-650682;
2026-06-21T06:05:56.194;835351566537575704;-498289;-507629;-515429;-650682;
2026-06-21T06:05:56.202;835351566544983111;-498271;-507611;-515411;-650682;
2026-06-21T06:05:56.209;835351566552390519;-498258;-507598;-515398;-650682;
2026-06-21T06:05:56.216;835351566559797926;-498250;-507590;-515390;-650682;
2026-06-21T06:05:56.224;835351566567205333;-498246;-507586;-515386;-650682;
2026-06-21T06:05:56.231;835351566574612741;-498244;-507584;-515384;-650682;
2026-06-21T06:05:56.239;835351566582020148;-498246;-507586;-515386;-650682;
2026-06-21T06:05:56.246;835351566589427556;-498248;-507588;-515388;-650682;
2026-06-21T06:05:56.253;835351566596834963;-498252;-507592;-515392;-650682;
2026-06-21T06:05:56.261;835351566604242370;-498256;-507596;-515396;-650682;
2026-06-21T06:05:56.268;835351566611649778;-498259;-507599;-515399;-650682;
2026-06-21T06:05:56.276;835351566619057185;-498261;-507601;-515401;-650682;
2026-06-21T06:05:56.283;835351566626464593;-498260;-507600;-515400;-650682;
2026-06-21T06:05:56.291;835351566633872000;-498257;-507597;-515397;-650682;
2026-06-21T06:05:56.298;835351566641279407;-498251;-507591;-515391;-650682;
2026-06-21T06:05:56.305;835351566648686815;-498241;-507581;-515381;-650682;
2026-06-21T06:05:56.313;835351566656094222;-498227;-507567;-515367;-650682;
2026-06-21T06:05:56.320;835351566663501630;-498209;-507549;-515349;-650682;
2026-06-21T06:05:56.328;835351566670909037;-498185;-507525;-515325;-650682;
2026-06-21T06:05:56.335;835351566678316444;-498157;-507497;-515297;-650682;
2026-06-21T06:05:56.342;835351566685723852;-498125;-507465;-515265;-650682;
2026-06-21T06:05:56.350;835351566693131259;-498087;-507427;-515227;-650682;
2026-06-21T06:05:56.357;835351566700538667;-498044;-507384;-515184;-650682;
2026-06-21T06:05:56.365;835351566707946074;-497997;-507337;-515137;-650682;
2026-06-21T06:05:56.372;835351566715353481;-497945;-507285;-515085;-650682;
2026-06-21T06:05:56.379;835351566722760889;-497890;-507230;-515030;-650683;
2026-06-21T06:05:56.387;835351566730168296;-497831;-507171;-514971;-650683;
2026-06-21T06:05:56.394;835351566737575704;-497769;-507109;-514909;-650683;
2026-06-21T06:05:56.402;835351566744983111;-497706;-507046;-514846;-650683;
2026-06-21T06:05:56.409;835351566752390519;-497640;-506980;-514780;-650683;
2026-06-21T06:05:56.416;835351566759797926;-497574;-506914;-514714;-650683;
2026-06-21T06:05:56.424;835351566767205333;-497507;-506847;-514647;-650683;
2026-06-21T06:05:56.431;835351566774612741;-497442;-506782;-514582;-650683;
2026-06-21T06:05:56.439;835351566782020148;-497378;-506718;-514518;-650683;
2026-06-21T06:05:56.446;835351566789427556;-497317;-506657;-514457;-650683;
2026-06-21T06:05:56.453;835351566796834963;-497259;-506599;-514399;-650683;
2026-06-21T06:05:56.461;835351566804242370;-497206;-506546;-514346;-650683;
2026-06-21T06:05:56.468;835351566811649778;-497158;-506498;-514298;-650683;
2026-06-21T06:05:56.476;835351566819057185;-497116;-506456;-514256;-650683;
2026-06-21T06:05:56.483;835351566826464593;-497082;-506422;-514222;-650683;
2026-06-21T06:05:56.491;835351566833872000;-497056;-506396;-514196;-650683;
2026-06-21T06:05:56.498;835351566841279407;-497038;-506378;-514178;-650683;
2026-06-21T06:05:56.505;835351566848686815;-497030;-506370;-514170;-650683;
2026-06-21T06:05:56.513;835351566856094222;-497032;-506372;-514172;-650683;
2026-06-21T06:05:56.520;835351566863501630;-497045;-506385;-514185;-650683;
2026-06-21T06:05:56.528;835351566870909037;-497069;-506409;-514209;-650683;
2026-06-21T06:05:56.535;835351566878316444;-497105;-506445;-514245;-650683;
2026-06-21T06:05:56.542;835351566885723852;-497153;-506493;-514293;-650683;
2026-06-21T06:05:56.550;835351566893131259;-497213;-506553;-514353;-650683;
2026-06-21T06:05:56.557;835351566900538667;-497286;-506626;-514426;-650683;
2026-06-21T06:05:56.565;835351566907946074;-497371;-506711;-514511;-650683;
2026-06-21T06:05:56.572;835351566915353481;-497469;-506809;-514609;-650683;
2026-06-21T06:05:56.579;835351566922760889;-497578;-506918;-514718;-650683;
2026-06-21T06:05:56.587;835351566930168296;-497700;-507040;-514840;-650683;
2026-06-21T06:05:56.594;835351566937575704;-497833;-507173;-514973;-650683;
2026-06-21T06:05:56.602;835351566944983111;-497977;-507317;-515117;-650683;
2026-06-21T06:05:56.609;835351566952390519;-498131;-507471;-515271;-650683;
2026-06-21T06:05:56.616;835351566959797926;-498294;-507634;-515434;-650683;
2026-06-21T06:05:56.624;835351566967205333;-498467;-507807;-515607;-650683;
2026-06-21T06:05:56.631;835351566974612741;-498647;-507987;-515787;-650683;
2026-06-21T06:05:56.639;835351566982020148;-498834;-508174;-515974;-650683;
2026-06-21T06:05:56.646;835351566989427556;-499026;-508366;-516166;-650683;
2026-06-21T06:05:56.653;835351566996834963;-499223;-508563;-516363;-650684;
2026-06-21T06:05:56.661;835351567004242370;-499424;-508764;-516564;-650684;
2026-06-21T06:05:56.668;835351567011649778;-499627;-508967;-516767;-650684;
2026-06-21T06:05:56.676;835351567019057185;-499830;-509170;-516970;-650684;
2026-06-21T06:05:56.683;835351567026464593;-500034;-509374;-517174;-650684;
2026-06-21T06:05:56.691;835351567033872000;-500235;-509575;-517375;-650684;
2026-06-21T06:05:56.698;835351567041279407;-500434;-509774;-517574;-650684;
2026-06-21T06:05:56.705;835351567048686815;-500628;-509968;-517768;-650684;
2026-06-21T06:05:56.713;835351567056094222;-500817;-510157;-517957;-650684;
2026-06-21T06:05:56.720;835351567063501630;-500999;-510339;-518139;-650684;
2026-06-21T06:05:56.728;835351567070909037;-501173;-510513;-518313;-650684;
2026-06-21T06:05:56.735;835351567078316444;-501338;-510678;-518478;-650684;
2026-06-21T06:05:56.742;835351567085723852;-501493;-510833;-518633;-650684;
2026-06-21T06:05:56.750;835351567093131259;-501636;-510976;-518776;-650684;
2026-06-21T06:05:56.757;835351567100538667;-501768;-511108;-518908;-650684;
2026-06-21T06:05:56.765;835351567107946074;-501886;-511226;-519026;-650684;
2026-06-21T06:05:56.772;835351567115353481;-501992;-511332;-519132;-650684;
2026-06-21T06:05:56.779;835351567122760889;-502082;-511422;-519222;-650684;
2026-06-21T06:05:56.787;835351567130168296;-502158;-511498;-519298;-650684;
2026-06-21T06:05:56.794;835351567137575704;-502219;-511559;-519359;-650684;
2026-06-21T06:05:56.802;835351567144983111;-502265;-511605;-519405;-650684;
2026-06-21T06:05:56.809;835351567152390519;-502295;-511635;-519435;-650684;
2026-06-21T06:05:56.816;835351567159797926;-502309;-511649;-519449;-650684;
2026-06-21T06:05:56.824;835351567167205333;-502308;-511648;-519448;-650684;
2026-06-21T06:05:56.831;835351567174612741;-502292;-511632;-519432;-650684;
2026-06-21T06:05:56.839;835351567182020148;-502260;-511600;-519400;-650684;
2026-06-21T06:05:56.846;835351567189427556;-502214;-511554;-519354;-650684;
2026-06-21T06:05:56.853;835351567196834963;-502154;-511494;-519294;-650684;
2026-06-21T06:05:56.861;835351567204242370;-502080;-511420;-519220;-650684;
2026-06-21T06:05:56.868;835351567211649778;-501994;-511334;-519134;-650684;
2026-06-21T06:05:56.876;835351567219057185;-501896;-511236;-519036;-650684;
2026-06-21T06:05:56.883;835351567226464593;-501786;-511126;-518926;-650684;
2026-06-21T06:05:56.891;835351567233872000;-501667;-511007;-518807;-650684;
2026-06-21T06:05:56.898;835351567241279407;-501539;-510879;-518679;-650684;
2026-06-21T06:05:56.905;835351567248686815;-501402;-510742;-518542;-650684;
2026-06-21T06:05:56.913;835351567256094222;-501259;-510599;-518399;-650684;
2026-06-21T06:05:56.920;835351567263501630;-501110;-510450;-518250;-650684;
2026-06-21T06:05:56.928;835351567270909037;-500957;-510297;-518097;-650684;
2026-06-21T06:05:56.935;835351567278316444;-500800;-510140;-517940;-650685;
2026-06-21T06:05:56.942;835351567285723852;-500641;-509981;-517781;-650685;
2026-06-21T06:05:56.950;835351567293131259;-500481;-509821;-517621;-650685;
2026-06-21T06:05:56.957;835351567300538667;-500321;-509661;-517461;-650685;
2026-06-21T06:05:56.965;835351567307946074;-500162;-509502;-517302;-650685;
2026-06-21T06:05:56.972;835351567315353481;-500005;-509345;-517145;-650685;
2026-06-21T06:05:56.979;835351567322760889;-499851;-509191;-516991;-650685;
2026-06-21T06:05:56.987;835351567330168296;-499702;-509042;-516842;-650685;
2026-06-21T06:05:56.994;835351567337575704;-499557;-508897;-516697;-650685;
2026-06-21T06:05:57.002;835351567344983111;-499419;-508759;-516559;-650685;
2026-06-21T06:05:57.009;835351567352390519;-499287;-508627;-516427;-650685;
2026-06-21T06:05:57.016;835351567359797926;-499161;-508501;-516301;-650685;
2026-06-21T06:05:57.024;835351567367205333;-499044;-508384;-516184;-650685;
2026-06-21T06:05:57.031;835351567374612741;-498934;-508274;-516074;-650685;
2026-06-21T06:05:57.039;835351567382020148;-498833;-508173;-515973;-650685;
2026-06-21T06:05:57.046;835351567389427556;-498741;-508081;-515881;-650685;
2026-06-21T06:05:57.053;835351567396834963;-498657;-507997;-515797;-650685;
2026-06-21T06:05:57.061;835351567404242370;-498581;-507921;-515721;-650685;
2026-06-21T06:05:57.068;835351567411649778;-498515;-507855;-515655;-650685;
2026-06-21T06:05:57.076;835351567419057185;-498456;-507796;-515596;-650685;
2026-06-21T06:05:57.083;835351567426464593;-498406;-507746;-515546;-650685;
2026-06-21T06:05:57.091;835351567433872000;-498364;-507704;-515504;-650685;
2026-06-21T06:05:57.098;835351567441279407;-498329;-507669;-515469;-650685;
2026-06-21T06:05:57.105;835351567448686815;-498301;-507641;-515441;-650685;
2026-06-21T06:05:57.113;835351567456094222;-498280;-507620;-515420;-650685;
2026-06-21T06:05:57.120;835351567463501630;-498264;-507604;-515404;-650685;
2026-06-21T06:05:57.128;835351567470909037;-498253;-507593;-515393;-650685;
2026-06-21T06:05:57.135;835351567478316444;-498246;-507586;-515386;-650685;
2026-06-21T06:05:57.142;835351567485723852;-498244;-507584;-515384;-650685;
2026-06-21T06:05:57.150;835351567493131259;-498244;-507584;-515384;-650685;
2026-06-21T06:05:57.157;835351567500538667;-498246;-507586;-515386;-650685;
2026-06-21T06:05:57.165;835351567507946074;-498249;-507589;-515389;-650685;
2026-06-21T06:05:57.172;835351567515353481;-498253;-507593;-515393;-650685;
2026-06-21T06:05:57.179;835351567522760889;-498256;-507596;-515396;-650685;
2026-06-21T06:05:57.187;835351567530168296;-498259;-507599;-515399;-650685;
2026-06-21T06:05:57.194;835351567537575704;-498260;-507600;-515400;-650685;
2026-06-21T06:05:57.202;835351567544983111;-498259;-507599;-515399;-650685;
2026-06-21T06:05:57.209;835351567552390519;-498255;-507595;-515395;-650686;
2026-06-21T06:05:57.216;835351567559797926;-498247;-507587;-515387;-650686;
2026-06-21T06:05:57.224;835351567567205333;-498236;-507576;-515376;-650686;
2026-06-21T06:05:57.231;835351567574612741;-498221;-507561;-515361;-650686;
2026-06-21T06:05:57.239;835351567582020148;-498201;-507541;-515341;-650686;
2026-06-21T06:05:57.246;835351567589427556;-498176;-507516;-515316;-650686;
2026-06-21T06:05:57.253;835351567596834963;-498147;-507487;-515287;-650686;
2026-06-21T06:05:57.261;835351567604242370;-498112;-507452;-515252;-650686;
2026-06-21T06:05:57.268;835351567611649778;-498073;-507413;-515213;-650686;
2026-06-21T06:05:57.276;835351567619057185;-498029;-507369;-515169;-650686;
2026-06-21T06:05:57.283;835351567626464593;-497981;-507321;-515121;-650686;
2026-06-21T06:05:57.291;835351567633872000;-497928;-507268;-515068;-650686;
2026-06-21T06:05:57.298;835351567641279407;-497872;-507212;-515012;-650686;
2026-06-21T06:05:57.305;835351567648686815;-497813;-507153;-514953;-650686;
2026-06-21T06:05:57.313;835351567656094222;-497751;-507091;-514891;-650686;
2026-06-21T06:05:57.320;835351567663501630;-497687;-507027;-514827;-650686;
2026-06-21T06:05:57.328;835351567670909037;-497621;-506961;-514761;-650686;
2026-06-21T06:05:57.335;835351567678316444;-497555;-506895;-514695;-650686;
2026-06-21T06:05:57.342;835351567685723852;-497489;-506829;-514629;-650686;
2026-06-21T06:05:57.350;835351567693131259;-497425;-506765;-514565;-650686;
2026-06-21T06:05:57.357;835351567700538667;-497362;-506702;-514502;-650686;
2026-06-21T06:05:57.365;835351567707946074;-497302;-506642;-514442;-650686;
2026-06-21T06:05:57.372;835351567715353481;-497245;-506585;-514385;-650686;
2026-06-21T06:05:57.379;835351567722760889;-497194;-506534;-514334;-650686;
2026-06-21T06:05:57.387;835351567730168296;-497148;-506488;-514288;-650686;
2026-06-21T06:05:57.394;835351567737575704;-497108;-506448;-514248;-650686;
2026-06-21T06:05:57.402;835351567744983111;-497075;-506415;-514215;-650686;
2026-06-21T06:05:57.409;835351567752390519;-497051;-506391;-514191;-650686;
2026-06-21T06:05:57.416;835351567759797926;-497036;-506376;-514176;-650686;
2026-06-21T06:05:57.424;835351567767205333;-497030;-506370;-514170;-650686;
2026-06-21T06:05:57.431;835351567774612741;-497034;-506374;-514174;-650686;
2026-06-21T06:05:57.439;835351567782020148;-497050;-506390;-514190;-650686;
2026-06-21T06:05:57.446;835351567789427556;-497076;-506416;-514216;-650686;
2026-06-21T06:05:57.453;835351567796834963;-497114;-506454;-514254;-650686;
2026-06-21T06:05:57.461;835351567804242370;-497164;-506504;-514304;-650686;
2026-06-21T06:05:57.468;835351567811649778;-497227;-506567;-514367;-650686;
2026-06-21T06:05:57.476;835351567819057185;-497301;-506641;-514441;-650686;
2026-06-21T06:05:57.483;835351567826464593;-497388;-506728;-514528;-650686;
2026-06-21T06:05:57.491;835351567833872000;-497488;-506828;-514628;-650687;
2026-06-21T06:05:57.498;835351567841279407;-497599;-506939;-514739;-650687;
2026-06-21T06:05:57.505;835351567848686815;-497722;-507062;-514862;-650687;
2026-06-21T06:05:57.513;835351567856094222;-497856;-507196;-514996;-650687;
2026-06-21T06:05:57.520;835351567863501630;-498000;-507340;-515140;-650687;
2026-06-21T06:05:57.528;835351567870909037;-498155;-507495;-515295;-650687;
2026-06-21T06:05:57.535;835351567878316444;-498319;-507659;-515459;-650687;
2026-06-21T06:05:57.542;835351567885723852;-498492;-507832;-515632;-650687;
2026-06-21T06:05:57.550;835351567893131259;-498672;-508012;-515812;-650687;
2026-06-21T06:05:57.557;835351567900538667;-498859;-508199;-515999;-650687;
2026-06-21T06:05:57.565;835351567907946074;-499051;-508391;-516191;-650687;
2026-06-21T06:05:57.572;835351567915353481;-499248;-508588;-516388;-650687;
2026-06-21T06:05:57.579;835351567922760889;-499447;-508787;-516587;-650687;
2026-06-21T06:05:57.587;835351567930168296;-499649;-508989;-516789;-650687;
2026-06-21T06:05:57.594;835351567937575704;-499852;-509192;-516992;-650687;
2026-06-21T06:05:57.602;835351567944983111;-500054;-509394;-517194;-650687;
2026-06-21T06:05:57.609;835351567952390519;-500255;-509595;-517395;-650687;
2026-06-21T06:05:57.616;835351567959797926;-500452;-509792;-517592;-650687;
2026-06-21T06:05:57.624;835351567967205333;-500645;-509985;-517785;-650687;
2026-06-21T06:05:57.631;835351567974612741;-500832;-510172;-517972;-650687;
2026-06-21T06:05:57.639;835351567982020148;-501013;-510353;-518153;-650687;
2026-06-21T06:05:57.646;835351567989427556;-501185;-510525;-518325;-650687;
2026-06-21T06:05:57.653;835351567996834963;-501349;-510689;-518489;-650687;
2026-06-21T06:05:57.661;835351568004242370;-501502;-510842;-518642;-650687;
2026-06-21T06:05:57.668;835351568011649778;-501645;-510985;-518785;-650687;
2026-06-21T06:05:57.676;835351568019057185;-501775;-511115;-518915;-650687;
2026-06-21T06:05:57.683;835351568026464593;-501893;-511233;-519033;-650687;
2026-06-21T06:05:57.691;835351568033872000;-501997;-511337;-519137;-650687;
2026-06-21T06:05:57.698;835351568041279407;-502087;-511427;-519227;-650687;
2026-06-21T06:05:57.705;835351568048686815;-502162;-511502;-519302;-650687;
2026-06-21T06:05:57.713;835351568056094222;-502222;-511562;-519362;-650687;
2026-06-21T06:05:57.720;835351568063501630;-502268;-511608;-519408;-650687;
2026-06-21T06:05:57.728;835351568070909037;-502297;-511637;-519437;-650687;
2026-06-21T06:05:57.735;835351568078316444;-502312;-511652;-519452;-650687;
2026-06-21T06:05:57.742;835351568085723852;-502311;-511651;-519451;-650687;
2026-06-21T06:05:57.750;835351568093131259;-502294;-511634;-519434;-650687;
2026-06-21T06:05:57.757;835351568100538667;-502263;-511603;-519403;-650687;
2026-06-21T06:05:57.765;835351568107946074;-502218;-511558;-519358;-650688;
2026-06-21T06:05:57.772;835351568115353481;-502158;-511498;-519298;-650688;
2026-06-21T06:05:57.779;835351568122760889;-502085;-511425;-519225;-650688;
2026-06-21T06:05:57.787;835351568130168296;-502000;-511340;-519140;-650688;
2026-06-21T06:05:57.794;835351568137575704;-501902;-511242;-519042;-650688;
2026-06-21T06:05:57.802;835351568144983111;-501794;-511134;-518934;-650688;
2026-06-21T06:05:57.809;835351568152390519;-501676;-511016;-518816;-650688;
2026-06-21T06:05:57.816;835351568159797926;-501549;-510889;-518689;-650688;
2026-06-21T06:05:57.824;835351568167205333;-501414;-510754;-518554;-650688;
2026-06-21T06:05:57.831;835351568174612741;-501272;-510612;-518412;-650688;
2026-06-21T06:05:57.839;835351568182020148;-501124;-510464;-518264;-650688;
2026-06-21T06:05:57.846;835351568189427556;-500972;-510312;-518112;-650688;
2026-06-21T06:05:57.853;835351568196834963;-500816;-510156;-517956;-650688;
2026-06-21T06:05:57.861;835351568204242370;-500658;-509998;-517798;-650688;
2026-06-21T06:05:57.868;835351568211649778;-500499;-509839;-517639;-650688;
2026-06-21T06:05:57.876;835351568219057185;-500339;-509679;-517479;-650688;
2026-06-21T06:05:57.883;835351568226464593;-500181;-509521;-517321;-650688;
2026-06-21T06:05:57.891;835351568233872000;-500025;-509365;-517165;-650688;
2026-06-21T06:05:57.898;835351568241279407;-499872;-509212;-517012;-650688;
2026-06-21T06:05:57.905;835351568248686815;-499723;-509063;-516863;-650688;
2026-06-21T06:05:57.913;835351568256094222;-499578;-508918;-516718;-650688;
2026-06-21T06:05:57.920;835351568263501630;-499440;-508780;-516580;-650688;
2026-06-21T06:05:57.928;835351568270909037;-499307;-508647;-516447;-650688;
2026-06-21T06:05:57.935;835351568278316444;-499182;-508522;-516322;-650688;
2026-06-21T06:05:57.942;835351568285723852;-499064;-508404;-516204;-650688;
2026-06-21T06:05:57.950;835351568293131259;-498954;-508294;-516094;-650688;
2026-06-21T06:05:57.957;835351568300538667;-498852;-508192;-515992;-650688;
2026-06-21T06:05:57.965;835351568307946074;-498758;-508098;-515898;-650688;
2026-06-21T06:05:57.972;835351568315353481;-498674;-508014;-515814;-650688;
2026-06-21T06:05:57.979;835351568322760889;-498597;-507937;-515737;-650688;
2026-06-21T06:05:57.987;835351568330168296;-498529;-507869;-515669;-650688;
2026-06-21T06:05:57.994;835351568337575704;-498470;-507810;-515610;-650688;
2026-06-21T06:05:58.002;835351568344983111;-498419;-507759;-515559;-650688;
2026-06-21T06:05:58.009;835351568352390519;-498375;-507715;-515515;-650688;
2026-06-21T06:05:58.016;835351568359797926;-498339;-507679;-515479;-650688;
2026-06-21T06:05:58.024;835351568367205333;-498310;-507650;-515450;-650688;
2026-06-21T06:05:58.031;835351568374612741;-498288;-507628;-515428;-650688;
2026-06-21T06:05:58.039;835351568382020148;-498271;-507611;-515411;-650689;
2026-06-21T06:05:58.046;835351568389427556;-498259;-507599;-515399;-650689;
2026-06-21T06:05:58.053;835351568396834963;-498252;-507592;-515392;-650689;
2026-06-21T06:05:58.061;835351568404242370;-498248;-507588;-515388;-650689;
2026-06-21T06:05:58.068;835351568411649778;-498247;-507587;-515387;-650689;
2026-06-21T06:05:58.076;835351568419057185;-498249;-507589;-515389;-650689;
2026-06-21T06:05:58.083;835351568426464593;-498252;-507592;-515392;-650689;
2026-06-21T06:05:58.091;835351568433872000;-498256;-507596;-515396;-650689;
2026-06-21T06:05:58.098;835351568441279407;-498260;-507600;-515400;-650689;
2026-06-21T06:05:58.105;835351568448686815;-498263;-507603;-515403;-650689;
2026-06-21T06:05:58.113;835351568456094222;-498264;-507604;-515404;-650689;
2026-06-21T06:05:58.120;835351568463501630;-498264;-507604;-515404;-650689;
2026-06-21T06:05:58.128;835351568470909037;-498261;-507601;-515401;-650689;
2026-06-21T06:05:58.135;835351568478316444;-498254;-507594;-515394;-650689;
2026-06-21T06:05:58.142;835351568485723852;-498244;-507584;-515384;-650689;
2026-06-21T06:05:58.150;835351568493131259;-498230;-507570;-515370;-650689;
2026-06-21T06:05:58.157;835351568500538667;-498212;-507552;-515352;-650689;
2026-06-21T06:05:58.165;835351568507946074;-498189;-507529;-515329;-650689;
2026-06-21T06:05:58.172;835351568515353481;-498161;-507501;-515301;-650689;
2026-06-21T06:05:58.179;835351568522760889;-498128;-507468;-515268;-650689;
2026-06-21T06:05:58.187;835351568530168296;-498091;-507431;-515231;-650689;
2026-06-21T06:05:58.194;835351568537575704;-498049;-507389;-515189;-650689;
2026-06-21T06:05:58.202;835351568544983111;-498002;-507342;-515142;-650689;
2026-06-21T06:05:58.209;835351568552390519;-497952;-507292;-515092;-650689;
2026-06-21T06:05:58.216;835351568559797926;-497897;-507237;-515037;-650689;
2026-06-21T06:05:58.224;835351568567205333;-497839;-507179;-514979;-650689;
2026-06-21T06:05:58.231;835351568574612741;-497778;-507118;-514918;-650689;
2026-06-21T06:05:58.239;835351568582020148;-497715;-507055;-514855;-650689;
2026-06-21T06:05:58.246;835351568589427556;-497650;-506990;-514790;-650689;
2026-06-21T06:05:58.253;835351568596834963;-497585;-506925;-514725;-650689;
2026-06-21T06:05:58.261;835351568604242370;-497519;-506859;-514659;-650689;
2026-06-21T06:05:58.268;835351568611649778;-497454;-506794;-514594;-650689;
2026-06-21T06:05:58.276;835351568619057185;-497391;-506731;-514531;-650689;
2026-06-21T06:05:58.283;835351568626464593;-497330;-506670;-514470;-650689;
2026-06-21T06:05:58.291;835351568633872000;-497273;-506613;-514413;-650689;
2026-06-21T06:05:58.298;835351568641279407;-497219;-506559;-514359;-650689;
2026-06-21T06:05:58.305;835351568648686815;-497171;-506511;-514311;-650689;
2026-06-21T06:05:58.313;835351568656094222;-497129;-506469;-514269;-650690;
2026-06-21T06:05:58.320;835351568663501630;-497094;-506434;-514234;-650690;
2026-06-21T06:05:58.328;835351568670909037;-497066;-506406;-514206;-650690;
2026-06-21T06:05:58.335;835351568678316444;-497047;-506387;-514187;-650690;
2026-06-21T06:05:58.342;835351568685723852;-497037;-506377;-514177;-650690;
2026-06-21T06:05:58.350;835351568693131259;-497037;-506377;-514177;-650690;
2026-06-21T06:05:58.357;835351568700538667;-497047;-506387;-514187;-650690;
2026-06-21T06:05:58.365;835351568707946074;-497068;-506408;-514208;-650690;
2026-06-21T06:05:58.372;835351568715353481;-497101;-506441;-514241;-650690;
2026-06-21T06:05:58.379;835351568722760889;-497145;-506485;-514285;-650690;
2026-06-21T06:05:58.387;835351568730168296;-497202;-506542;-514342;-650690;
2026-06-21T06:05:58.394;835351568737575704;-497270;-506610;-514410;-650690;
2026-06-21T06:05:58.402;835351568744983111;-497351;-506691;-514491;-650690;
2026-06-21T06:05:58.409;835351568752390519;-497444;-506784;-514584;-650690;
2026-06-21T06:05:58.416;835351568759797926;-497549;-506889;-514689;-650690;
2026-06-21T06:05:58.424;835351568767205333;-497665;-507005;-514805;-650690;
2026-06-21T06:05:58.431;835351568774612741;-497793;-507133;-514933;-650690;
2026-06-21T06:05:58.439;835351568782020148;-497932;-507272;-515072;-650690;
2026-06-21T06:05:58.446;835351568789427556;-498080;-507420;-515220;-650690;
2026-06-21T06:05:58.453;835351568796834963;-498239;-507579;-515379;-650690;
2026-06-21T06:05:58.461;835351568804242370;-498406;-507746;-515546;-650690;
2026-06-21T06:05:58.468;835351568811649778;-498582;-507922;-515722;-650690;
2026-06-21T06:05:58.476;835351568819057185;-498764;-508104;-515904;-650690;
2026-06-21T06:05:58.483;835351568826464593;-498953;-508293;-516093;-650690;
2026-06-21T06:05:58.491;835351568833872000;-499146;-508486;-516286;-650690;
2026-06-21T06:05:58.498;835351568841279407;-499343;-508683;-516483;-650690;
2026-06-21T06:05:58.505;835351568848686815;-499543;-508883;-516683;-650690;
2026-06-21T06:05:58.513;835351568856094222;-499744;-509084;-516884;-650690;
2026-06-21T06:05:58.520;835351568863501630;-499946;-509286;-517086;-650690;
2026-06-21T06:05:58.528;835351568870909037;-500146;-509486;-517286;-650690;
2026-06-21T06:05:58.535;835351568878316444;-500344;-509684;-517484;-650690;
2026-06-21T06:05:58.542;835351568885723852;-500539;-509879;-517679;-650690;
2026-06-21T06:05:58.550;835351568893131259;-500729;-510069;-517869;-650690;
2026-06-21T06:05:58.557;835351568900538667;-500913;-510253;-518053;-650690;
2026-06-21T06:05:58.565;835351568907946074;-501089;-510429;-518229;-650690;
2026-06-21T06:05:58.572;835351568915353481;-501257;-510597;-518397;-650690;
2026-06-21T06:05:58.579;835351568922760889;-501416;-510756;-518556;-650690;
2026-06-21T06:05:58.587;835351568930168296;-501565;-510905;-518705;-650691;
2026-06-21T06:05:58.594;835351568937575704;-501702;-511042;-518842;-650691;
2026-06-21T06:05:58.602;835351568944983111;-501827;-511167;-518967;-650691;
2026-06-21T06:05:58.609;835351568952390519;-501939;-511279;-519079;-650691;
2026-06-21T06:05:58.616;835351568959797926;-502038;-511378;-519178;-650691;
2026-06-21T06:05:58.624;835351568967205333;-502122;-511462;-519262;-650691;
2026-06-21T06:05:58.631;835351568974612741;-502192;-511532;-519332;-650691;
2026-06-21T06:05:58.639;835351568982020148;-502247;-511587;-519387;-650691;
2026-06-21T06:05:58.646;835351568989427556;-502287;-511627;-519427;-650691;
2026-06-21T06:05:58.653;835351568996834963;-502311;-511651;-519451;-650691;
2026-06-21T06:05:58.661;835351569004242370;-502320;-511660;-519460;-650691;
2026-06-21T06:05:58.668;835351569011649778;-502314;-511654;-519454;-650691;
2026-06-21T06:05:58.676;835351569019057185;-502294;-511634;-519434;-650691;
2026-06-21T06:05:58.683;835351569026464593;-502258;-511598;-519398;-650691;
2026-06-21T06:05:58.691;835351569033872000;-502209;-511549;-519349;-650691;
2026-06-21T06:05:58.698;835351569041279407;-502146;-511486;-519286;-650691;
2026-06-21T06:05:58.705;835351569048686815;-502069;-511409;-519209;-650691;
2026-06-21T06:05:58.713;835351569056094222;-501981;-511321;-519121;-650691;
2026-06-21T06:05:58.720;835351569063501630;-501881;-511221;-519021;-650691;
2026-06-21T06:05:58.728;835351569070909037;-501771;-511111;-518911;-650691;
2026-06-21T06:05:58.735;835351569078316444;-501651;-510991;-518791;-650691;
2026-06-21T06:05:58.742;835351569085723852;-501522;-510862;-518662;-650691;
2026-06-21T06:05:58.750;835351569093131259;-501386;-510726;-518526;-650691;
2026-06-21T06:05:58.757;835351569100538667;-501243;-510583;-518383;-650691;
2026-06-21T06:05:58.765;835351569107946074;-501095;-510435;-518235;-650691;
2026-06-21T06:05:58.772;835351569115353481;-500943;-510283;-518083;-650691;
2026-06-21T06:05:58.779;835351569122760889;-500787;-510127;-517927;-650691;
2026-06-21T06:05:58.787;835351569130168296;-500630;-509970;-517770;-650691;
2026-06-21T06:05:58.794;835351569137575704;-500471;-509811;-517611;-650691;
2026-06-21T06:05:58.802;835351569144983111;-500313;-509653;-517453;-650691;
2026-06-21T06:05:58.809;835351569152390519;-500156;-509496;-517296;-650691;
2026-06-21T06:05:58.816;835351569159797926;-500002;-509342;-517142;-650691;
2026-06-21T06:05:58.824;835351569167205333;-499850;-509190;-516990;-650691;
2026-06-21T06:05:58.831;835351569174612741;-499703;-509043;-516843;-650691;
2026-06-21T06:05:58.839;835351569182020148;-499560;-508900;-516700;-650691;
2026-06-21T06:05:58.846;835351569189427556;-499424;-508764;-516564;-650691;
2026-06-21T06:05:58.853;835351569196834963;-499293;-508633;-516433;-650691;
2026-06-21T06:05:58.861;835351569204242370;-499170;-508510;-516310;-650692;
2026-06-21T06:05:58.868;835351569211649778;-499054;-508394;-516194;-650692;
2026-06-21T06:05:58.876;835351569219057185;-498946;-508286;-516086;-650692;
2026-06-21T06:05:58.883;835351569226464593;-498846;-508186;-515986;-650692;
2026-06-21T06:05:58.891;835351569233872000;-498754;-508094;-515894;-650692;
2026-06-21T06:05:58.898;835351569241279407;-498671;-508011;-515811;-650692;
2026-06-21T06:05:58.905;835351569248686815;-498596;-507936;-515736;-650692;
2026-06-21T06:05:58.913;835351569256094222;-498530;-507870;-515670;-650692;
2026-06-21T06:05:58.920;835351569263501630;-498472;-507812;-515612;-650692;
2026-06-21T06:05:58.928;835351569270909037;-498422;-507762;-515562;-650692;
2026-06-21T06:05:58.935;835351569278316444;-498380;-507720;-515520;-650692;
2026-06-21T06:05:58.942;835351569285723852;-498345;-507685;-515485;-650692;
2026-06-21T06:05:58.950;835351569293131259;-498317;-507657;-515457;-650692;
2026-06-21T06:05:58.957;835351569300538667;-498295;-507635;-515435;-650692;
2026-06-21T06:05:58.965;835351569307946074;-498279;-507619;-515419;-650692;
2026-06-21T06:05:58.972;835351569315353481;-498267;-507607;-515407;-650692;
2026-06-21T06:05:58.979;835351569322760889;-498260;-507600;-515400;-650692;
2026-06-21T06:05:58.987;835351569330168296;-498257;-507597;-515397;-650692;
2026-06-21T06:05:58.994;835351569337575704;-498257;-507597;-515397;-650692;
2026-06-21T06:05:59.002;835351569344983111;-498259;-507599;-515399;-650692;
2026-06-21T06:05:59.009;835351569352390519;-498262;-507602;-515402;-650692;
2026-06-21T06:05:59.016;835351569359797926;-498266;-507606;-515406;-650692;
2026-06-21T06:05:59.024;835351569367205333;-498269;-507609;-515409;-650692;
2026-06-21T06:05:59.031;835351569374612741;-498272;-507612;-515412;-650692;
2026-06-21T06:05:59.039;835351569382020148;-498274;-507614;-515414;-650692;
2026-06-21T06:05:59.046;835351569389427556;-498273;-507613;-515413;-650692;
2026-06-21T06:05:59.053;835351569396834963;-498270;-507610;-515410;-650692;
2026-06-21T06:05:59.061;835351569404242370;-498264;-507604;-515404;-650692;
2026-06-21T06:05:59.068;835351569411649778;-498254;-507594;-515394;-650692;
2026-06-21T06:05:59.076;835351569419057185;-498240;-507580;-515380;-650692;
2026-06-21T06:05:59.083;835351569426464593;-498222;-507562;-515362;-650692;
2026-06-21T06:05:59.091;835351569433872000;-498199;-507539;-515339;-650692;
2026-06-21T06:05:59.098;835351569441279407;-498171;-507511;-515311;-650692;
2026-06-21T06:05:59.105;835351569448686815;-498139;-507479;-515279;-650692;
2026-06-21T06:05:59.113;835351569456094222;-498102;-507442;-515242;-650692;
2026-06-21T06:05:59.120;835351569463501630;-498060;-507400;-515200;-650692;
2026-06-21T06:05:59.128;835351569470909037;-498014;-507354;-515154;-650692;
2026-06-21T06:05:59.135;835351569478316444;-497964;-507304;-515104;-650692;
2026-06-21T06:05:59.142;835351569485723852;-497910;-507250;-515050;-650693;
2026-06-21T06:05:59.150;835351569493131259;-497852;-507192;-514992;-650693;
2026-06-21T06:05:59.157;835351569500538667;-497792;-507132;-514932;-650693;
2026-06-21T06:05:59.165;835351569507946074;-497730;-507070;-514870;-650693;
2026-06-21T06:05:59.172;835351569515353481;-497665;-507005;-514805;-650693;
2026-06-21T06:05:59.179;835351569522760889;-497600;-506940;-514740;-650693;
2026-06-21T06:05:59.187;835351569530168296;-497535;-506875;-514675;-650693;
2026-06-21T06:05:59.194;835351569537575704;-497471;-506811;-514611;-650693;
2026-06-21T06:05:59.202;835351569544983111;-497407;-506747;-514547;-650693;
2026-06-21T06:05:59.209;835351569552390519;-497347;-506687;-514487;-650693;
2026-06-21T06:05:59.216;835351569559797926;-497289;-506629;-514429;-650693;
2026-06-21T06:05:59.224;835351569567205333;-497236;-506576;-514376;-650693;
2026-06-21T06:05:59.231;835351569574612741;-497187;-506527;-514327;-650693;
2026-06-21T06:05:59.239;835351569582020148;-497145;-506485;-514285;-650693;
2026-06-21T06:05:59.246;835351569589427556;-497109;-506449;-514249;-650693;
2026-06-21T06:05:59.253;835351569596834963;-497080;-506420;-514220;-650693;
2026-06-21T06:05:59.261;835351569604242370;-497060;-506400;-514200;-650693;
2026-06-21T06:05:59.268;835351569611649778;-497049;-506389;-514189;-650693;
2026-06-21T06:05:59.276;835351569619057185;-497047;-506387;-514187;-650693;
2026-06-21T06:05:59.283;835351569626464593;-497056;-506396;-514196;-650693;
2026-06-21T06:05:59.291;835351569633872000;-497075;-506415;-514215;-650693;
2026-06-21T06:05:59.298;835351569641279407;-497105;-506445;-514245;-650693;
2026-06-21T06:05:59.305;835351569648686815;-497148;-506488;-514288;-650693;
2026-06-21T06:05:59.313;835351569656094222;-497201;-506541;-514341;-650693;
2026-06-21T06:05:59.320;835351569663501630;-497267;-506607;-514407;-650693;
2026-06-21T06:05:59.328;835351569670909037;-497345;-506685;-514485;-650693;
2026-06-21T06:05:59.335;835351569678316444;-497435;-506775;-514575;-650693;
2026-06-21T06:05:59.342;835351569685723852;-497537;-506877;-514677;-650693;
2026-06-21T06:05:59.350;835351569693131259;-497650;-506990;-514790;-650693;
2026-06-21T06:05:59.357;835351569700538667;-497775;-507115;-514915;-650693;
2026-06-21T06:05:59.365;835351569707946074;-497911;-507251;-515051;-650693;
2026-06-21T06:05:59.372;835351569715353481;-498056;-507396;-515196;-650693;
2026-06-21T06:05:59.379;835351569722760889;-498212;-507552;-515352;-650693;
2026-06-21T06:05:59.387;835351569730168296;-498376;-507716;-515516;-650693;
2026-06-21T06:05:59.394;835351569737575704;-498549;-507889;-515689;-650693;
2026-06-21T06:05:59.402;835351569744983111;-498728;-508068;-515868;-650693;
2026-06-21T06:05:59.409;835351569752390519;-498914;-508254;-516054;-650693;
2026-06-21T06:05:59.416;835351569759797926;-499105;-508445;-516245;-650694;
2026-06-21T06:05:59.424;835351569767205333;-499300;-508640;-516440;-650694;
2026-06-21T06:05:59.431;835351569774612741;-499499;-508839;-516639;-650694;
2026-06-21T06:05:59.439;835351569782020148;-499698;-509038;-516838;-650694;
2026-06-21T06:05:59.446;835351569789427556;-499899;-509239;-517039;-650694;
2026-06-21T06:05:59.453;835351569796834963;-500099;-509439;-517239;-650694;
2026-06-21T06:05:59.461;835351569804242370;-500296;-509636;-517436;-650694;
2026-06-21T06:05:59.468;835351569811649778;-500491;-509831;-517631;-650694;
2026-06-21T06:05:59.476;835351569819057185;-500681;-510021;-517821;-650694;
2026-06-21T06:05:59.483;835351569826464593;-500866;-510206;-518006;-650694;
2026-06-21T06:05:59.491;835351569833872000;-501044;-510384;-518184;-650694;
2026-06-21T06:05:59.498;835351569841279407;-501214;-510554;-518354;-650694;
2026-06-21T06:05:59.505;835351569848686815;-501376;-510716;-518516;-650694;
2026-06-21T06:05:59.513;835351569856094222;-501527;-510867;-518667;-650694;
2026-06-21T06:05:59.520;835351569863501630;-501667;-511007;-518807;-650694;
2026-06-21T06:05:59.528;835351569870909037;-501796;-511136;-518936;-650694;
2026-06-21T06:05:59.535;835351569878316444;-501912;-511252;-519052;-650694;
2026-06-21T06:05:59.542;835351569885723852;-502015;-511355;-519155;-650694;
2026-06-21T06:05:59.550;835351569893131259;-502104;-511444;-519244;-650694;
2026-06-21T06:05:59.557;835351569900538667;-502179;-511519;-519319;-650694;
2026-06-21T06:05:59.565;835351569907946074;-502240;-511580;-519380;-650694;
2026-06-21T06:05:59.572;835351569915353481;-502285;-511625;-519425;-650694;
2026-06-21T06:05:59.579;835351569922760889;-502316;-511656;-519456;-650694;
2026-06-21T06:05:59.587;835351569930168296;-502331;-511671;-519471;-650694;
2026-06-21T06:05:59.594;835351569937575704;-502331;-511671;-519471;-650694;
2026-06-21T06:05:59.602;835351569944983111;-502317;-511657;-519457;-650694;
2026-06-21T06:05:59.609;835351569952390519;-502288;-511628;-519428;-650694;
2026-06-21T06:05:59.616;835351569959797926;-502244;-511584;-519384;-650694;
2026-06-21T06:05:59.624;835351569967205333;-502187;-511527;-519327;-650694;
2026-06-21T06:05:59.631;835351569974612741;-502117;-511457;-519257;-650694;
2026-06-21T06:05:59.639;835351569982020148;-502035;-511375;-519175;-650694;
2026-06-21T06:05:59.646;835351569989427556;-501941;-511281;-519081;-650694;
2026-06-21T06:05:59.653;835351569996834963;-501836;-511176;-518976;-650694;
2026-06-21T06:05:59.661;835351570004242370;-501721;-511061;-518861;-650694;
2026-06-21T06:05:59.668;835351570011649778;-501597;-510937;-518737;-650694;
2026-06-21T06:05:59.676;835351570019057185;-501465;-510805;-518605;-650694;
2026-06-21T06:05:59.683;835351570026464593;-501326;-510666;-518466;-650694;
2026-06-21T06:05:59.691;835351570033872000;-501181;-510521;-518321;-650695;
2026-06-21T06:05:59.698;835351570041279407;-501032;-510372;-518172;-650695;
2026-06-21T06:05:59.705;835351570048686815;-500879;-510219;-518019;-650695;
2026-06-21T06:05:59.713;835351570056094222;-500723;-510063;-517863;-650695;
2026-06-21T06:05:59.720;835351570063501630;-500566;-509906;-517706;-650695;
2026-06-21T06:05:59.728;835351570070909037;-500409;-509749;-517549;-650695;
2026-06-21T06:05:59.735;835351570078316444;-500252;-509592;-517392;-650695;
2026-06-21T06:05:59.742;835351570085723852;-500097;-509437;-517237;-650695;
2026-06-21T06:05:59.750;835351570093131259;-499945;-509285;-517085;-650695;
2026-06-21T06:05:59.757;835351570100538667;-499796;-509136;-516936;-650695;
2026-06-21T06:05:59.765;835351570107946074;-499652;-508992;-516792;-650695;
2026-06-21T06:05:59.772;835351570115353481;-499513;-508853;-516653;-650695;
2026-06-21T06:05:59.779;835351570122760889;-499380;-508720;-516520;-650695;
2026-06-21T06:05:59.787;835351570130168296;-499253;-508593;-516393;-650695;
2026-06-21T06:05:59.794;835351570137575704;-499134;-508474;-516274;-650695;
2026-06-21T06:05:59.802;835351570144983111;-499021;-508361;-516161;-650695;
2026-06-21T06:05:59.809;835351570152390519;-498917;-508257;-516057;-650695;
2026-06-21T06:05:59.816;835351570159797926;-498821;-508161;-515961;-650695;
2026-06-21T06:05:59.824;835351570167205333;-498734;-508074;-515874;-650695;
2026-06-21T06:05:59.831;835351570174612741;-498654;-507994;-515794;-650695;
2026-06-21T06:05:59.839;835351570182020148;-498584;-507924;-515724;-650695;
2026-06-21T06:05:59.846;835351570189427556;-498521;-507861;-515661;-650695;
2026-06-21T06:05:59.853;835351570196834963;-498466;-507806;-515606;-650695;
2026-06-21T06:05:59.861;835351570204242370;-498420;-507760;-515560;-650695;
2026-06-21T06:05:59.868;835351570211649778;-498380;-507720;-515520;-650695;
2026-06-21T06:05:59.876;835351570219057185;-498348;-507688;-515488;-650695;
2026-06-21T06:05:59.883;835351570226464593;-498322;-507662;-515462;-650695;
2026-06-21T06:05:59.891;835351570233872000;-498303;-507643;-515443;-650695;
2026-06-21T06:05:59.898;835351570241279407;-498288;-507628;-515428;-650695;
2026-06-21T06:05:59.905;835351570248686815;-498279;-507619;-515419;-650695;
2026-06-21T06:05:59.913;835351570256094222;-498273;-507613;-515413;-650695;
2026-06-21T06:05:59.920;835351570263501630;-498271;-507611;-515411;-650695;
2026-06-21T06:05:59.928;835351570270909037;-498272;-507612;-515412;-650695;
2026-06-21T06:05:59.935;835351570278316444;-498274;-507614;-515414;-650695;
2026-06-21T06:05:59.942;835351570285723852;-498277;-507617;-515417;-650695;
2026-06-21T06:05:59.950;835351570293131259;-498281;-507621;-515421;-650695;
2026-06-21T06:05:59.957;835351570300538667;-498285;-507625;-515425;-650695;
2026-06-21T06:05:59.965;835351570307946074;-498288;-507628;-515428;-650695;
2026-06-21T06:05:59.972;835351570315353481;-498289;-507629;-515429;-650696;
2026-06-21T06:05:59.979;835351570322760889;-498287;-507627;-515427;-650696;
2026-06-21T06:05:59.987;835351570330168296;-498284;-507624;-515424;-650696;
2026-06-21T06:05:59.994;835351570337575704;-498276;-507616;-515416;-650696;
2026-06-21T06:06:00.002;835351570344983111;-498266;-507606;-515406;-650696;
2026-06-21T06:06:00.009;835351570352390519;-498251;-507591;-515391;-650696;
2026-06-21T06:06:00.016;835351570359797926;-498232;-507572;-515372;-650696;
2026-06-21T06:06:00.024;835351570367205333;-498208;-507548;-515348;-650696;
2026-06-21T06:06:00.031;835351570374612741;-498179;-507519;-515319;-650696;
2026-06-21T06:06:00.039;835351570382020148;-498146;-507486;-515286;-650696;
2026-06-21T06:06:00.046;835351570389427556;-498109;-507449;-515249;-650696;
2026-06-21T06:06:00.053;835351570396834963;-498066;-507406;-515206;-650696;
2026-06-21T06:06:00.061;835351570404242370;-498020;-507360;-515160;-650696;
2026-06-21T06:06:00.068;835351570411649778;-497969;-507309;-515109;-650696;
2026-06-21T06:06:00.076;835351570419057185;-497914;-507254;-515054;-650696;
2026-06-21T06:06:00.083;835351570426464593;-497857;-507197;-514997;-650696;
2026-06-21T06:06:00.091;835351570433872000;-497797;-507137;-514937;-650696;
2026-06-21T06:06:00.098;835351570441279407;-497734;-507074;-514874;-650696;
2026-06-21T06:06:00.105;835351570448686815;-497670;-507010;-514810;-650696;
2026-06-21T06:06:00.113;835351570456094222;-497606;-506946;-514746;-650696;
2026-06-21T06:06:00.120;835351570463501630;-497541;-506881;-514681;-650696;
2026-06-21T06:06:00.128;835351570470909037;-497477;-506817;-514617;-650696;
2026-06-21T06:06:00.135;835351570478316444;-497414;-506754;-514554;-650696;
2026-06-21T06:06:00.142;835351570485723852;-497354;-506694;-514494;-650696;
2026-06-21T06:06:00.150;835351570493131259;-497298;-506638;-514438;-650696;
2026-06-21T06:06:00.157;835351570500538667;-497245;-506585;-514385;-650696;
2026-06-21T06:06:00.165;835351570507946074;-497198;-506538;-514338;-650696;
2026-06-21T06:06:00.172;835351570515353481;-497156;-506496;-514296;-650696;
2026-06-21T06:06:00.179;835351570522760889;-497121;-506461;-514261;-650696;
2026-06-21T06:06:00.187;835351570530168296;-497094;-506434;-514234;-650696;
2026-06-21T06:06:00.194;835351570537575704;-497074;-506414;-514214;-650696;
2026-06-21T06:06:00.202;835351570544983111;-497064;-506404;-514204;-650696;
2026-06-21T06:06:00.209;835351570552390519;-497063;-506403;-514203;-650696;
2026-06-21T06:06:00.216;835351570559797926;-497072;-506412;-514212;-650696;
2026-06-21T06:06:00.224;835351570567205333;-497092;-506432;-514232;-650696;
2026-06-21T06:06:00.231;835351570574612741;-497123;-506463;-514263;-650696;
2026-06-21T06:06:00.239;835351570582020148;-497166;-506506;-514306;-650696;
2026-06-21T06:06:00.246;835351570589427556;-497220;-506560;-514360;-650697;
2026-06-21T06:06:00.253;835351570596834963;-497286;-506626;-514426;-650697;
2026-06-21T06:06:00.261;835351570604242370;-497364;-506704;-514504;-650697;
2026-06-21T06:06:00.268;835351570611649778;-497454;-506794;-514594;-650697;
2026-06-21T06:06:00.276;835351570619057185;-497555;-506895;-514695;-650697;
2026-06-21T06:06:00.283;835351570626464593;-497668;-507008;-514808;-650697;
2026-06-21T06:06:00.291;835351570633872000;-497792;-507132;-514932;-650697;
2026-06-21T06:06:00.298;835351570641279407;-497927;-507267;-515067;-650697;
2026-06-21T06:06:00.305;835351570648686815;-498072;-507412;-515212;-650697;
2026-06-21T06:06:00.313;835351570656094222;-498226;-507566;-515366;-650697;
2026-06-21T06:06:00.320;835351570663501630;-498389;-507729;-515529;-650697;
2026-06-21T06:06:00.328;835351570670909037;-498560;-507900;-515700;-650697;
2026-06-21T06:06:00.335;835351570678316444;-498739;-508079;-515879;-650697;
2026-06-21T06:06:00.342;835351570685723852;-498923;-508263;-516063;-650697;
2026-06-21T06:06:00.350;835351570693131259;-499113;-508453;-516253;-650697;
2026-06-21T06:06:00.357;835351570700538667;-499307;-508647;-516447;-650697;
2026-06-21T06:06:00.365;835351570707946074;-499503;-508843;-516643;-650697;
2026-06-21T06:06:00.372;835351570715353481;-499702;-509042;-516842;-650697;
2026-06-21T06:06:00.379;835351570722760889;-499901;-509241;-517041;-650697;
2026-06-21T06:06:00.387;835351570730168296;-500100;-509440;-517240;-650697;
2026-06-21T06:06:00.394;835351570737575704;-500297;-509637;-517437;-650697;
2026-06-21T06:06:00.402;835351570744983111;-500490;-509830;-517630;-650697;
2026-06-21T06:06:00.409;835351570752390519;-500680;-510020;-517820;-650697;
2026-06-21T06:06:00.416;835351570759797926;-500864;-510204;-518004;-650697;
2026-06-21T06:06:00.424;835351570767205333;-501042;-510382;-518182;-650697;
2026-06-21T06:06:00.431;835351570774612741;-501212;-510552;-518352;-650697;
2026-06-21T06:06:00.439;835351570782020148;-501373;-510713;-518513;-650697;
2026-06-21T06:06:00.446;835351570789427556;-501525;-510865;-518665;-650697;
2026-06-21T06:06:00.453;835351570796834963;-501666;-511006;-518806;-650697;
2026-06-21T06:06:00.461;835351570804242370;-501796;-511136;-518936;-650697;
2026-06-21T06:06:00.468;835351570811649778;-501913;-511253;-519053;-650697;
2026-06-21T06:06:00.476;835351570819057185;-502017;-511357;-519157;-650697;
2026-06-21T06:06:00.483;835351570826464593;-502108;-511448;-519248;-650697;
2026-06-21T06:06:00.491;835351570833872000;-502185;-511525;-519325;-650697;
2026-06-21T06:06:00.498;835351570841279407;-502248;-511588;-519388;-650697;
2026-06-21T06:06:00.505;835351570848686815;-502296;-511636;-519436;-650697;
2026-06-21T06:06:00.513;835351570856094222;-502329;-511669;-519469;-650697;
2026-06-21T06:06:00.520;835351570863501630;-502347;-511687;-519487;-650697;
2026-06-21T06:06:00.528;835351570870909037;-502350;-511690;-519490;-650698;
2026-06-21T06:06:00.535;835351570878316444;-502339;-511679;-519479;-650698;
2026-06-21T06:06:00.542;835351570885723852;-502313;-511653;-519453;-650698;
2026-06-21T06:06:00.550;835351570893131259;-502273;-511613;-519413;-650698;
2026-06-21T06:06:00.557;835351570900538667;-502219;-511559;-519359;-650698;
2026-06-21T06:06:00.565;835351570907946074;-502153;-511493;-519293;-650698;
2026-06-21T06:06:00.572;835351570915353481;-502074;-511414;-519214;-650698;
2026-06-21T06:06:00.579;835351570922760889;-501983;-511323;-519123;-650698;
2026-06-21T06:06:00.587;835351570930168296;-501881;-511221;-519021;-650698;
2026-06-21T06:06:00.594;835351570937575704;-501769;-511109;-518909;-650698;
2026-06-21T06:06:00.602;835351570944983111;-501649;-510989;-518789;-650698;
2026-06-21T06:06:00.609;835351570952390519;-501520;-510860;-518660;-650698;
2026-06-21T06:06:00.616;835351570959797926;-501383;-510723;-518523;-650698;
2026-06-21T06:06:00.624;835351570967205333;-501241;-510581;-518381;-650698;
2026-06-21T06:06:00.631;835351570974612741;-501094;-510434;-518234;-650698;
2026-06-21T06:06:00.639;835351570982020148;-500943;-510283;-518083;-650698;
2026-06-21T06:06:00.646;835351570989427556;-500789;-510129;-517929;-650698;
2026-06-21T06:06:00.653;835351570996834963;-500633;-509973;-517773;-650698;
2026-06-21T06:06:00.661;835351571004242370;-500477;-509817;-517617;-650698;
2026-06-21T06:06:00.668;835351571011649778;-500321;-509661;-517461;-650698;
2026-06-21T06:06:00.676;835351571019057185;-500167;-509507;-517307;-650698;
2026-06-21T06:06:00.683;835351571026464593;-500014;-509354;-517154;-650698;
2026-06-21T06:06:00.691;835351571033872000;-499865;-509205;-517005;-650698;
2026-06-21T06:06:00.698;835351571041279407;-499720;-509060;-516860;-650698;
2026-06-21T06:06:00.705;835351571048686815;-499580;-508920;-516720;-650698;
2026-06-21T06:06:00.713;835351571056094222;-499446;-508786;-516586;-650698;
2026-06-21T06:06:00.720;835351571063501630;-499318;-508658;-516458;-650698;
2026-06-21T06:06:00.728;835351571070909037;-499196;-508536;-516336;-650698;
2026-06-21T06:06:00.735;835351571078316444;-499082;-508422;-516222;-650698;
2026-06-21T06:06:00.742;835351571085723852;-498976;-508316;-516116;-650698;
2026-06-21T06:06:00.750;835351571093131259;-498877;-508217;-516017;-650698;
2026-06-21T06:06:00.757;835351571100538667;-498787;-508127;-515927;-650698;
2026-06-21T06:06:00.765;835351571107946074;-498705;-508045;-515845;-650698;
2026-06-21T06:06:00.772;835351571115353481;-498631;-507971;-515771;-650698;
2026-06-21T06:06:00.779;835351571122760889;-498565;-507905;-515705;-650698;
2026-06-21T06:06:00.787;835351571130168296;-498508;-507848;-515648;-650698;
2026-06-21T06:06:00.794;835351571137575704;-498458;-507798;-515598;-650698;
2026-06-21T06:06:00.802;835351571144983111;-498416;-507756;-515556;-650698;
2026-06-21T06:06:00.809;835351571152390519;-498381;-507721;-515521;-650699;
2026-06-21T06:06:00.816;835351571159797926;-498353;-507693;-515493;-650699;
2026-06-21T06:06:00.824;835351571167205333;-498330;-507670;-515470;-650699;
2026-06-21T06:06:00.831;835351571174612741;-498314;-507654;-515454;-650699;
2026-06-21T06:06:00.839;835351571182020148;-498302;-507642;-515442;-650699;
2026-06-21T06:06:00.846;835351571189427556;-498295;-507635;-515435;-650699;
2026-06-21T06:06:00.853;835351571196834963;-498291;-507631;-515431;-650699;
2026-06-21T06:06:00.861;835351571204242370;-498290;-507630;-515430;-650699;
2026-06-21T06:06:00.868;835351571211649778;-498292;-507632;-515432;-650699;
2026-06-21T06:06:00.876;835351571219057185;-498295;-507635;-515435;-650699;
2026-06-21T06:06:00.883;835351571226464593;-498299;-507639;-515439;-650699;
2026-06-21T06:06:00.891;835351571233872000;-498303;-507643;-515443;-650699;
2026-06-21T06:06:00.898;835351571241279407;-498306;-507646;-515446;-650699;
2026-06-21T06:06:00.905;835351571248686815;-498308;-507648;-515448;-650699;
2026-06-21T06:06:00.913;835351571256094222;-498308;-507648;-515448;-650699;
2026-06-21T06:06:00.920;835351571263501630;-498306;-507646;-515446;-650699;
2026-06-21T06:06:00.928;835351571270909037;-498300;-507640;-515440;-650699;
2026-06-21T06:06:00.935;835351571278316444;-498292;-507632;-515432;-650699;
2026-06-21T06:06:00.942;835351571285723852;-498279;-507619;-515419;-650699;
2026-06-21T06:06:00.950;835351571293131259;-498263;-507603;-515403;-650699;
2026-06-21T06:06:00.957;835351571300538667;-498242;-507582;-515382;-650699;
2026-06-21T06:06:00.965;835351571307946074;-498217;-507557;-515357;-650699;
2026-06-21T06:06:00.972;835351571315353481;-498186;-507526;-515326;-650699;
2026-06-21T06:06:00.979;835351571322760889;-498152;-507492;-515292;-650699;
2026-06-21T06:06:00.987;835351571330168296;-498112;-507452;-515252;-650699;
2026-06-21T06:06:00.994;835351571337575704;-498069;-507409;-515209;-650699;
2026-06-21T06:06:01.002;835351571344983111;-498021;-507361;-515161;-650699;
2026-06-21T06:06:01.009;835351571352390519;-497969;-507309;-515109;-650699;
2026-06-21T06:06:01.016;835351571359797926;-497914;-507254;-515054;-650699;
2026-06-21T06:06:01.024;835351571367205333;-497856;-507196;-514996;-650699;
2026-06-21T06:06:01.031;835351571374612741;-497795;-507135;-514935;-650699;
2026-06-21T06:06:01.039;835351571382020148;-497732;-507072;-514872;-650699;
2026-06-21T06:06:01.046;835351571389427556;-497669;-507009;-514809;-650699;
2026-06-21T06:06:01.053;835351571396834963;-497604;-506944;-514744;-650699;
2026-06-21T06:06:01.061;835351571404242370;-497540;-506880;-514680;-650699;
2026-06-21T06:06:01.068;835351571411649778;-497477;-506817;-514617;-650699;
2026-06-21T06:06:01.076;835351571419057185;-497416;-506756;-514556;-650699;
2026-06-21T06:06:01.083;835351571426464593;-497357;-506697;-514497;-650699;
2026-06-21T06:06:01.091;835351571433872000;-497302;-506642;-514442;-650700;
2026-06-21T06:06:01.098;835351571441279407;-497251;-506591;-514391;-650700;
2026-06-21T06:06:01.105;835351571448686815;-497206;-506546;-514346;-650700;
2026-06-21T06:06:01.113;835351571456094222;-497166;-506506;-514306;-650700;
2026-06-21T06:06:01.120;835351571463501630;-497134;-506474;-514274;-650700;
2026-06-21T06:06:01.128;835351571470909037;-497108;-506448;-514248;-650700;
2026-06-21T06:06:01.135;835351571478316444;-497091;-506431;-514231;-650700;
2026-06-21T06:06:01.142;835351571485723852;-497084;-506424;-514224;-650700;
2026-06-21T06:06:01.150;835351571493131259;-497085;-506425;-514225;-650700;
2026-06-21T06:06:01.157;835351571500538667;-497097;-506437;-514237;-650700;
2026-06-21T06:06:01.165;835351571507946074;-497119;-506459;-514259;-650700;
2026-06-21T06:06:01.172;835351571515353481;-497153;-506493;-514293;-650700;
2026-06-21T06:06:01.179;835351571522760889;-497198;-506538;-514338;-650700;
2026-06-21T06:06:01.187;835351571530168296;-497254;-506594;-514394;-650700;
2026-06-21T06:06:01.194;835351571537575704;-497322;-506662;-514462;-650700;
2026-06-21T06:06:01.202;835351571544983111;-497402;-506742;-514542;-650700;
2026-06-21T06:06:01.209;835351571552390519;-497493;-506833;-514633;-650700;
2026-06-21T06:06:01.216;835351571559797926;-497596;-506936;-514736;-650700;
2026-06-21T06:06:01.224;835351571567205333;-497710;-507050;-514850;-650700;
2026-06-21T06:06:01.231;835351571574612741;-497835;-507175;-514975;-650700;
2026-06-21T06:06:01.239;835351571582020148;-497971;-507311;-515111;-650700;
2026-06-21T06:06:01.246;835351571589427556;-498116;-507456;-515256;-650700;
2026-06-21T06:06:01.253;835351571596834963;-498271;-507611;-515411;-650700;
2026-06-21T06:06:01.261;835351571604242370;-498434;-507774;-515574;-650700;
2026-06-21T06:06:01.268;835351571611649778;-498606;-507946;-515746;-650700;
2026-06-21T06:06:01.276;835351571619057185;-498784;-508124;-515924;-650700;
2026-06-21T06:06:01.283;835351571626464593;-498968;-508308;-516108;-650700;
2026-06-21T06:06:01.291;835351571633872000;-499157;-508497;-516297;-650700;
2026-06-21T06:06:01.298;835351571641279407;-499349;-508689;-516489;-650700;
2026-06-21T06:06:01.305;835351571648686815;-499545;-508885;-516685;-650700;
2026-06-21T06:06:01.313;835351571656094222;-499742;-509082;-516882;-650700;
2026-06-21T06:06:01.320;835351571663501630;-499940;-509280;-517080;-650700;
2026-06-21T06:06:01.328;835351571670909037;-500137;-509477;-517277;-650700;
2026-06-21T06:06:01.335;835351571678316444;-500333;-509673;-517473;-650700;
2026-06-21T06:06:01.342;835351571685723852;-500525;-509865;-517665;-650700;
2026-06-21T06:06:01.350;835351571693131259;-500713;-510053;-517853;-650700;
2026-06-21T06:06:01.357;835351571700538667;-500896;-510236;-518036;-650700;
2026-06-21T06:06:01.365;835351571707946074;-501072;-510412;-518212;-650700;
2026-06-21T06:06:01.372;835351571715353481;-501240;-510580;-518380;-650701;
2026-06-21T06:06:01.379;835351571722760889;-501400;-510740;-518540;-650701;
2026-06-21T06:06:01.387;835351571730168296;-501551;-510891;-518691;-650701;
2026-06-21T06:06:01.394;835351571737575704;-501691;-511031;-518831;-650701;
2026-06-21T06:06:01.402;835351571744983111;-501819;-511159;-518959;-650701;
2026-06-21T06:06:01.409;835351571752390519;-501936;-511276;-519076;-650701;
2026-06-21T06:06:01.416;835351571759797926;-502039;-511379;-519179;-650701;
2026-06-21T06:06:01.424;835351571767205333;-502130;-511470;-519270;-650701;
2026-06-21T06:06:01.431;835351571774612741;-502206;-511546;-519346;-650701;
2026-06-21T06:06:01.439;835351571782020148;-502269;-511609;-519409;-650701;
2026-06-21T06:06:01.446;835351571789427556;-502317;-511657;-519457;-650701;
2026-06-21T06:06:01.453;835351571796834963;-502350;-511690;-519490;-650701;
2026-06-21T06:06:01.461;835351571804242370;-502369;-511709;-519509;-650701;
2026-06-21T06:06:01.468;835351571811649778;-502373;-511713;-519513;-650701;
2026-06-21T06:06:01.476;835351571819057185;-502362;-511702;-519502;-650701;
2026-06-21T06:06:01.483;835351571826464593;-502337;-511677;-519477;-650701;
2026-06-21T06:06:01.491;835351571833872000;-502299;-511639;-519439;-650701;
2026-06-21T06:06:01.498;835351571841279407;-502246;-511586;-519386;-650701;
2026-06-21T06:06:01.505;835351571848686815;-502181;-511521;-519321;-650701;
2026-06-21T06:06:01.513;835351571856094222;-502104;-511444;-519244;-650701;
2026-06-21T06:06:01.520;835351571863501630;-502015;-511355;-519155;-650701;
2026-06-21T06:06:01.528;835351571870909037;-501915;-511255;-519055;-650701;
2026-06-21T06:06:01.535;835351571878316444;-501805;-511145;-518945;-650701;
2026-06-21T06:06:01.542;835351571885723852;-501686;-511026;-518826;-650701;
2026-06-21T06:06:01.550;835351571893131259;-501559;-510899;-518699;-650701;
2026-06-21T06:06:01.557;835351571900538667;-501425;-510765;-518565;-650701;
2026-06-21T06:06:01.565;835351571907946074;-501284;-510624;-518424;-650701;
2026-06-21T06:06:01.572;835351571915353481;-501139;-510479;-518279;-650701;
2026-06-21T06:06:01.579;835351571922760889;-500989;-510329;-518129;-650701;
2026-06-21T06:06:01.587;835351571930168296;-500837;-510177;-517977;-650701;
2026-06-21T06:06:01.594;835351571937575704;-500683;-510023;-517823;-650701;
2026-06-21T06:06:01.602;835351571944983111;-500527;-509867;-517667;-650701;
2026-06-21T06:06:01.609;835351571952390519;-500372;-509712;-517512;-650701;
2026-06-21T06:06:01.616;835351571959797926;-500219;-509559;-517359;-650701;
2026-06-21T06:06:01.624;835351571967205333;-500067;-509407;-517207;-650701;
2026-06-21T06:06:01.631;835351571974612741;-499918;-509258;-517058;-650701;
2026-06-21T06:06:01.639;835351571982020148;-499773;-509113;-516913;-650701;
2026-06-21T06:06:01.646;835351571989427556;-499633;-508973;-516773;-650701;
2026-06-21T06:06:01.653;835351571996834963;-499499;-508839;-516639;-650701;
2026-06-21T06:06:01.661;835351572004242370;-499370;-508710;-516510;-650702;
2026-06-21T06:06:01.668;835351572011649778;-499248;-508588;-516388;-650702;
2026-06-21T06:06:01.676;835351572019057185;-499133;-508473;-516273;-650702;
2026-06-21T06:06:01.683;835351572026464593;-499025;-508365;-516165;-650702;
2026-06-21T06:06:01.691;835351572033872000;-498925;-508265;-516065;-650702;
2026-06-21T06:06:01.698;835351572041279407;-498833;-508173;-515973;-650702;
2026-06-21T06:06:01.705;835351572048686815;-498750;-508090;-515890;-650702;
2026-06-21T06:06:01.713;835351572056094222;-498674;-508014;-515814;-650702;
2026-06-21T06:06:01.720;835351572063501630;-498607;-507947;-515747;-650702;
2026-06-21T06:06:01.728;835351572070909037;-498547;-507887;-515687;-650702;
2026-06-21T06:06:01.735;835351572078316444;-498496;-507836;-515636;-650702;
2026-06-21T06:06:01.742;835351572085723852;-498452;-507792;-515592;-650702;
2026-06-21T06:06:01.750;835351572093131259;-498415;-507755;-515555;-650702;
2026-06-21T06:06:01.757;835351572100538667;-498385;-507725;-515525;-650702;
2026-06-21T06:06:01.765;835351572107946074;-498361;-507701;-515501;-650702;
2026-06-21T06:06:01.772;835351572115353481;-498343;-507683;-515483;-650702;
2026-06-21T06:06:01.779;835351572122760889;-498329;-507669;-515469;-650702;
2026-06-21T06:06:01.787;835351572130168296;-498321;-507661;-515461;-650702;
2026-06-21T06:06:01.794;835351572137575704;-498316;-507656;-515456;-650702;
2026-06-21T06:06:01.802;835351572144983111;-498314;-507654;-515454;-650702;
2026-06-21T06:06:01.809;835351572152390519;-498315;-507655;-515455;-650702;
2026-06-21T06:06:01.816;835351572159797926;-498318;-507658;-515458;-650702;
2026-06-21T06:06:01.824;835351572167205333;-498321;-507661;-515461;-650702;
2026-06-21T06:06:01.831;835351572174612741;-498325;-507665;-515465;-650702;
2026-06-21T06:06:01.839;835351572182020148;-498329;-507669;-515469;-650702;
2026-06-21T06:06:01.846;835351572189427556;-498331;-507671;-515471;-650702;
2026-06-21T06:06:01.853;835351572196834963;-498332;-507672;-515472;-650702;
2026-06-21T06:06:01.861;835351572204242370;-498331;-507671;-515471;-650702;
2026-06-21T06:06:01.868;835351572211649778;-498327;-507667;-515467;-650702;
2026-06-21T06:06:01.876;835351572219057185;-498320;-507660;-515460;-650702;
2026-06-21T06:06:01.883;835351572226464593;-498310;-507650;-515450;-650702;
2026-06-21T06:06:01.891;835351572233872000;-498295;-507635;-515435;-650702;
2026-06-21T06:06:01.898;835351572241279407;-498276;-507616;-515416;-650702;
2026-06-21T06:06:01.905;835351572248686815;-498253;-507593;-515393;-650702;
2026-06-21T06:06:01.913;835351572256094222;-498226;-507566;-515366;-650702;
2026-06-21T06:06:01.920;835351572263501630;-498193;-507533;-515333;-650702;
2026-06-21T06:06:01.928;835351572270909037;-498157;-507497;-515297;-650702;
2026-06-21T06:06:01.935;835351572278316444;-498115;-507455;-515255;-650702;
2026-06-21T06:06:01.942;835351572285723852;-498070;-507410;-515210;-650702;
2026-06-21T06:06:01.950;835351572293131259;-498020;-507360;-515160;-650703;
2026-06-21T06:06:01.957;835351572300538667;-497967;-507307;-515107;-650703;
2026-06-21T06:06:01.965;835351572307946074;-497911;-507251;-515051;-650703;
2026-06-21T06:06:01.972;835351572315353481;-497852;-507192;-514992;-650703;
2026-06-21T06:06:01.979;835351572322760889;-497791;-507131;-514931;-650703;
2026-06-21T06:06:01.987;835351572330168296;-497728;-507068;-514868;-650703;
2026-06-21T06:06:01.994;835351572337575704;-497664;-507004;-514804;-650703;
2026-06-21T06:06:02.002;835351572344983111;-497601;-506941;-514741;-650703;
2026-06-21T06:06:02.009;835351572352390519;-497537;-506877;-514677;-650703;
2026-06-21T06:06:02.016;835351572359797926;-497475;-506815;-514615;-650703;
2026-06-21T06:06:02.024;835351572367205333;-497416;-506756;-514556;-650703;
2026-06-21T06:06:02.031;835351572374612741;-497359;-506699;-514499;-650703;
2026-06-21T06:06:02.039;835351572382020148;-497306;-506646;-514446;-650703;
2026-06-21T06:06:02.046;835351572389427556;-497258;-506598;-514398;-650703;
2026-06-21T06:06:02.053;835351572396834963;-497215;-506555;-514355;-650703;
2026-06-21T06:06:02.061;835351572404242370;-497178;-506518;-514318;-650703;
2026-06-21T06:06:02.068;835351572411649778;-497148;-506488;-514288;-650703;
2026-06-21T06:06:02.076;835351572419057185;-497126;-506466;-514266;-650703;
2026-06-21T06:06:02.083;835351572426464593;-497113;-506453;-514253;-650703;
2026-06-21T06:06:02.091;835351572433872000;-497108;-506448;-514248;-650703;
2026-06-21T06:06:02.098;835351572441279407;-497114;-506454;-514254;-650703;
2026-06-21T06:06:02.105;835351572448686815;-497129;-506469;-514269;-650703;
2026-06-21T06:06:02.113;835351572456094222;-497155;-506495;-514295;-650703;
2026-06-21T06:06:02.120;835351572463501630;-497192;-506532;-514332;-650703;
2026-06-21T06:06:02.128;835351572470909037;-497240;-506580;-514380;-650703;
2026-06-21T06:06:02.135;835351572478316444;-497300;-506640;-514440;-650703;
2026-06-21T06:06:02.142;835351572485723852;-497371;-506711;-514511;-650703;
2026-06-21T06:06:02.150;835351572493131259;-497454;-506794;-514594;-650703;
2026-06-21T06:06:02.157;835351572500538667;-497548;-506888;-514688;-650703;
2026-06-21T06:06:02.165;835351572507946074;-497653;-506993;-514793;-650703;
2026-06-21T06:06:02.172;835351572515353481;-497770;-507110;-514910;-650703;
2026-06-21T06:06:02.179;835351572522760889;-497897;-507237;-515037;-650703;
2026-06-21T06:06:02.187;835351572530168296;-498035;-507375;-515175;-650703;
2026-06-21T06:06:02.194;835351572537575704;-498181;-507521;-515321;-650703;
2026-06-21T06:06:02.202;835351572544983111;-498337;-507677;-515477;-650703;
2026-06-21T06:06:02.209;835351572552390519;-498502;-507842;-515642;-650703;
2026-06-21T06:06:02.216;835351572559797926;-498673;-508013;-515813;-650703;
2026-06-21T06:06:02.224;835351572567205333;-498852;-508192;-515992;-650703;
2026-06-21T06:06:02.231;835351572574612741;-499035;-508375;-516175;-650703;
2026-06-21T06:06:02.239;835351572582020148;-499224;-508564;-516364;-650704;
2026-06-21T06:06:02.246;835351572589427556;-499416;-508756;-516556;-650704;
2026-06-21T06:06:02.253;835351572596834963;-499611;-508951;-516751;-650704;
2026-06-21T06:06:02.261;835351572604242370;-499807;-509147;-516947;-650704;
2026-06-21T06:06:02.268;835351572611649778;-500004;-509344;-517144;-650704;
2026-06-21T06:06:02.276;835351572619057185;-500199;-509539;-517339;-650704;
2026-06-21T06:06:02.283;835351572626464593;-500393;-509733;-517533;-650704;
2026-06-21T06:06:02.291;835351572633872000;-500583;-509923;-517723;-650704;
2026-06-21T06:06:02.298;835351572641279407;-500769;-510109;-517909;-650704;
2026-06-21T06:06:02.305;835351572648686815;-500949;-510289;-518089;-650704;
2026-06-21T06:06:02.313;835351572656094222;-501123;-510463;-518263;-650704;
2026-06-21T06:06:02.320;835351572663501630;-501289;-510629;-518429;-650704;
2026-06-21T06:06:02.328;835351572670909037;-501447;-510787;-518587;-650704;
2026-06-21T06:06:02.335;835351572678316444;-501595;-510935;-518735;-650704;
2026-06-21T06:06:02.342;835351572685723852;-501732;-511072;-518872;-650704;
2026-06-21T06:06:02.350;835351572693131259;-501859;-511199;-518999;-650704;
2026-06-21T06:06:02.357;835351572700538667;-501973;-511313;-519113;-650704;
2026-06-21T06:06:02.365;835351572707946074;-502075;-511415;-519215;-650704;
2026-06-21T06:06:02.372;835351572715353481;-502163;-511503;-519303;-650704;
2026-06-21T06:06:02.379;835351572722760889;-502238;-511578;-519378;-650704;
2026-06-21T06:06:02.387;835351572730168296;-502299;-511639;-519439;-650704;
2026-06-21T06:06:02.394;835351572737575704;-502346;-511686;-519486;-650704;
2026-06-21T06:06:02.402;835351572744983111;-502378;-511718;-519518;-650704;
2026-06-21T06:06:02.409;835351572752390519;-502396;-511736;-519536;-650704;
2026-06-21T06:06:02.416;835351572759797926;-502399;-511739;-519539;-650704;
2026-06-21T06:06:02.424;835351572767205333;-502388;-511728;-519528;-650704;
2026-06-21T06:06:02.431;835351572774612741;-502363;-511703;-519503;-650704;
2026-06-21T06:06:02.439;835351572782020148;-502325;-511665;-519465;-650704;
2026-06-21T06:06:02.446;835351572789427556;-502273;-511613;-519413;-650704;
2026-06-21T06:06:02.453;835351572796834963;-502208;-511548;-519348;-650704;
2026-06-21T06:06:02.461;835351572804242370;-502131;-511471;-519271;-650704;
2026-06-21T06:06:02.468;835351572811649778;-502043;-511383;-519183;-650704;
2026-06-21T06:06:02.476;835351572819057185;-501944;-511284;-519084;-650704;
2026-06-21T06:06:02.483;835351572826464593;-501835;-511175;-518975;-650704;
2026-06-21T06:06:02.491;835351572833872000;-501717;-511057;-518857;-650704;
2026-06-21T06:06:02.498;835351572841279407;-501591;-510931;-518731;-650704;
2026-06-21T06:06:02.505;835351572848686815;-501458;-510798;-518598;-650704;
2026-06-21T06:06:02.513;835351572856094222;-501319;-510659;-518459;-650704;
2026-06-21T06:06:02.520;835351572863501630;-501175;-510515;-518315;-650704;
2026-06-21T06:06:02.528;835351572870909037;-501027;-510367;-518167;-650704;
2026-06-21T06:06:02.535;835351572878316444;-500876;-510216;-518016;-650705;
2026-06-21T06:06:02.542;835351572885723852;-500723;-510063;-517863;-650705;
2026-06-21T06:06:02.550;835351572893131259;-500569;-509909;-517709;-650705;
2026-06-21T06:06:02.557;835351572900538667;-500415;-509755;-517555;-650705;
2026-06-21T06:06:02.565;835351572907946074;-500262;-509602;-517402;-650705;
2026-06-21T06:06:02.572;835351572915353481;-500111;-509451;-517251;-650705;
2026-06-21T06:06:02.579;835351572922760889;-499963;-509303;-517103;-650705;
2026-06-21T06:06:02.587;835351572930168296;-499819;-509159;-516959;-650705;
2026-06-21T06:06:02.594;835351572937575704;-499680;-509020;-516820;-650705;
2026-06-21T06:06:02.602;835351572944983111;-499545;-508885;-516685;-650705;
2026-06-21T06:06:02.609;835351572952390519;-499416;-508756;-516556;-650705;
2026-06-21T06:06:02.616;835351572959797926;-499294;-508634;-516434;-650705;
2026-06-21T06:06:02.624;835351572967205333;-499179;-508519;-516319;-650705;
2026-06-21T06:06:02.631;835351572974612741;-499071;-508411;-516211;-650705;
2026-06-21T06:06:02.639;835351572982020148;-498970;-508310;-516110;-650705;
2026-06-21T06:06:02.646;835351572989427556;-498878;-508218;-516018;-650705;
2026-06-21T06:06:02.653;835351572996834963;-498793;-508133;-515933;-650705;
2026-06-21T06:06:02.661;835351573004242370;-498717;-508057;-515857;-650705;
2026-06-21T06:06:02.668;835351573011649778;-498648;-507988;-515788;-650705;
2026-06-21T06:06:02.676;835351573019057185;-498588;-507928;-515728;-650705;
2026-06-21T06:06:02.683;835351573026464593;-498535;-507875;-515675;-650705;
2026-06-21T06:06:02.691;835351573033872000;-498489;-507829;-515629;-650705;
2026-06-21T06:06:02.698;835351573041279407;-498451;-507791;-515591;-650705;
2026-06-21T06:06:02.705;835351573048686815;-498420;-507760;-515560;-650705;
2026-06-21T06:06:02.713;835351573056094222;-498394;-507734;-515534;-650705;
2026-06-21T06:06:02.720;835351573063501630;-498375;-507715;-515515;-650705;
2026-06-21T06:06:02.728;835351573070909037;-498361;-507701;-515501;-650705;
2026-06-21T06:06:02.735;835351573078316444;-498351;-507691;-515491;-650705;
2026-06-21T06:06:02.742;835351573085723852;-498345;-507685;-515485;-650705;
2026-06-21T06:06:02.750;835351573093131259;-498343;-507683;-515483;-650705;
2026-06-21T06:06:02.757;835351573100538667;-498343;-507683;-515483;-650705;
2026-06-21T06:06:02.765;835351573107946074;-498345;-507685;-515485;-650705;
2026-06-21T06:06:02.772;835351573115353481;-498349;-507689;-515489;-650705;
2026-06-21T06:06:02.779;835351573122760889;-498352;-507692;-515492;-650705;
2026-06-21T06:06:02.787;835351573130168296;-498356;-507696;-515496;-650705;
2026-06-21T06:06:02.794;835351573137575704;-498359;-507699;-515499;-650705;
2026-06-21T06:06:02.802;835351573144983111;-498361;-507701;-515501;-650705;
2026-06-21T06:06:02.809;835351573152390519;-498361;-507701;-515501;-650705;
2026-06-21T06:06:02.816;835351573159797926;-498358;-507698;-515498;-650705;
2026-06-21T06:06:02.824;835351573167205333;-498352;-507692;-515492;-650705;
2026-06-21T06:06:02.831;835351573174612741;-498343;-507683;-515483;-650706;
2026-06-21T06:06:02.839;835351573182020148;-498330;-507670;-515470;-650706;
2026-06-21T06:06:02.846;835351573189427556;-498313;-507653;-515453;-650706;
2026-06-21T06:06:02.853;835351573196834963;-498292;-507632;-515432;-650706;
2026-06-21T06:06:02.861;835351573204242370;-498266;-507606;-515406;-650706;
2026-06-21T06:06:02.868;835351573211649778;-498236;-507576;-515376;-650706;
2026-06-21T06:06:02.876;835351573219057185;-498201;-507541;-515341;-650706;
2026-06-21T06:06:02.883;835351573226464593;-498162;-507502;-515302;-650706;
2026-06-21T06:06:02.891;835351573233872000;-498119;-507459;-515259;-650706;
2026-06-21T06:06:02.898;835351573241279407;-498072;-507412;-515212;-650706;
2026-06-21T06:06:02.905;835351573248686815;-498021;-507361;-515161;-650706;
2026-06-21T06:06:02.913;835351573256094222;-497966;-507306;-515106;-650706;
2026-06-21T06:06:02.920;835351573263501630;-497909;-507249;-515049;-650706;
2026-06-21T06:06:02.928;835351573270909037;-497849;-507189;-514989;-650706;
2026-06-21T06:06:02.935;835351573278316444;-497787;-507127;-514927;-650706;
2026-06-21T06:06:02.942;835351573285723852;-497725;-507065;-514865;-650706;
2026-06-21T06:06:02.950;835351573293131259;-497661;-507001;-514801;-650706;
2026-06-21T06:06:02.957;835351573300538667;-497598;-506938;-514738;-650706;
2026-06-21T06:06:02.965;835351573307946074;-497536;-506876;-514676;-650706;
2026-06-21T06:06:02.972;835351573315353481;-497476;-506816;-514616;-650706;
2026-06-21T06:06:02.979;835351573322760889;-497418;-506758;-514558;-650706;
2026-06-21T06:06:02.987;835351573330168296;-497363;-506703;-514503;-650706;
2026-06-21T06:06:02.994;835351573337575704;-497312;-506652;-514452;-650706;
2026-06-21T06:06:03.002;835351573344983111;-497267;-506607;-514407;-650706;
2026-06-21T06:06:03.009;835351573352390519;-497227;-506567;-514367;-650706;
2026-06-21T06:06:03.016;835351573359797926;-497194;-506534;-514334;-650706;
2026-06-21T06:06:03.024;835351573367205333;-497167;-506507;-514307;-650706;
2026-06-21T06:06:03.031;835351573374612741;-497149;-506489;-514289;-650706;
2026-06-21T06:06:03.039;835351573382020148;-497139;-506479;-514279;-650706;
2026-06-21T06:06:03.046;835351573389427556;-497139;-506479;-514279;-650706;
2026-06-21T06:06:03.053;835351573396834963;-497148;-506488;-514288;-650706;
2026-06-21T06:06:03.061;835351573404242370;-497168;-506508;-514308;-650706;
2026-06-21T06:06:03.068;835351573411649778;-497198;-506538;-514338;-650706;
2026-06-21T06:06:03.076;835351573419057185;-497239;-506579;-514379;-650706;
2026-06-21T06:06:03.083;835351573426464593;-497291;-506631;-514431;-650706;
2026-06-21T06:06:03.091;835351573433872000;-497354;-506694;-514494;-650706;
2026-06-21T06:06:03.098;835351573441279407;-497429;-506769;-514569;-650706;
2026-06-21T06:06:03.105;835351573448686815;-497515;-506855;-514655;-650706;
2026-06-21T06:06:03.113;835351573456094222;-497613;-506953;-514753;-650706;
2026-06-21T06:06:03.120;835351573463501630;-497721;-507061;-514861;-650706;
2026-06-21T06:06:03.128;835351573470909037;-497840;-507180;-514980;-650707;
2026-06-21T06:06:03.135;835351573478316444;-497970;-507310;-515110;-650707;
2026-06-21T06:06:03.142;835351573485723852;-498109;-507449;-515249;-650707;
2026-06-21T06:06:03.150;835351573493131259;-498258;-507598;-515398;-650707;
2026-06-21T06:06:03.157;835351573500538667;-498415;-507755;-515555;-650707;
2026-06-21T06:06:03.165;835351573507946074;-498580;-507920;-515720;-650707;
2026-06-21T06:06:03.172;835351573515353481;-498753;-508093;-515893;-650707;
2026-06-21T06:06:03.179;835351573522760889;-498931;-508271;-516071;-650707;
2026-06-21T06:06:03.187;835351573530168296;-499115;-508455;-516255;-650707;
2026-06-21T06:06:03.194;835351573537575704;-499303;-508643;-516443;-650707;
2026-06-21T06:06:03.202;835351573544983111;-499495;-508835;-516635;-650707;
2026-06-21T06:06:03.209;835351573552390519;-499688;-509028;-516828;-650707;
2026-06-21T06:06:03.216;835351573559797926;-499883;-509223;-517023;-650707;
2026-06-21T06:06:03.224;835351573567205333;-500078;-509418;-517218;-650707;
2026-06-21T06:06:03.231;835351573574612741;-500272;-509612;-517412;-650707;
2026-06-21T06:06:03.239;835351573582020148;-500463;-509803;-517603;-650707;
2026-06-21T06:06:03.246;835351573589427556;-500651;-509991;-517791;-650707;
2026-06-21T06:06:03.253;835351573596834963;-500835;-510175;-517975;-650707;
2026-06-21T06:06:03.261;835351573604242370;-501013;-510353;-518153;-650707;
2026-06-21T06:06:03.268;835351573611649778;-501184;-510524;-518324;-650707;
2026-06-21T06:06:03.276;835351573619057185;-501348;-510688;-518488;-650707;
2026-06-21T06:06:03.283;835351573626464593;-501502;-510842;-518642;-650707;
2026-06-21T06:06:03.291;835351573633872000;-501648;-510988;-518788;-650707;
2026-06-21T06:06:03.298;835351573641279407;-501783;-511123;-518923;-650707;
2026-06-21T06:06:03.305;835351573648686815;-501906;-511246;-519046;-650707;
2026-06-21T06:06:03.313;835351573656094222;-502018;-511358;-519158;-650707;
2026-06-21T06:06:03.320;835351573663501630;-502118;-511458;-519258;-650707;
2026-06-21T06:06:03.328;835351573670909037;-502204;-511544;-519344;-650707;
2026-06-21T06:06:03.335;835351573678316444;-502277;-511617;-519417;-650707;
2026-06-21T06:06:03.342;835351573685723852;-502336;-511676;-519476;-650707;
2026-06-21T06:06:03.350;835351573693131259;-502381;-511721;-519521;-650707;
2026-06-21T06:06:03.357;835351573700538667;-502411;-511751;-519551;-650707;
2026-06-21T06:06:03.365;835351573707946074;-502428;-511768;-519568;-650707;
2026-06-21T06:06:03.372;835351573715353481;-502430;-511770;-519570;-650707;
2026-06-21T06:06:03.379;835351573722760889;-502418;-511758;-519558;-650707;
2026-06-21T06:06:03.387;835351573730168296;-502393;-511733;-519533;-650707;
2026-06-21T06:06:03.394;835351573737575704;-502354;-511694;-519494;-650707;
2026-06-21T06:06:03.402;835351573744983111;-502301;-511641;-519441;-650707;
2026-06-21T06:06:03.409;835351573752390519;-502237;-511577;-519377;-650707;
2026-06-21T06:06:03.416;835351573759797926;-502160;-511500;-519300;-650707;
2026-06-21T06:06:03.424;835351573767205333;-502072;-511412;-519212;-650707;
2026-06-21T06:06:03.431;835351573774612741;-501974;-511314;-519114;-650708;
2026-06-21T06:06:03.439;835351573782020148;-501866;-511206;-519006;-650708;
2026-06-21T06:06:03.446;835351573789427556;-501749;-511089;-518889;-650708;
2026-06-21T06:06:03.453;835351573796834963;-501624;-510964;-518764;-650708;
2026-06-21T06:06:03.461;835351573804242370;-501493;-510833;-518633;-650708;
2026-06-21T06:06:03.468;835351573811649778;-501355;-510695;-518495;-650708;
2026-06-21T06:06:03.476;835351573819057185;-501212;-510552;-518352;-650708;
2026-06-21T06:06:03.483;835351573826464593;-501065;-510405;-518205;-650708;
2026-06-21T06:06:03.491;835351573833872000;-500915;-510255;-518055;-650708;
2026-06-21T06:06:03.498;835351573841279407;-500764;-510104;-517904;-650708;
2026-06-21T06:06:03.505;835351573848686815;-500611;-509951;-517751;-650708;
2026-06-21T06:06:03.513;835351573856094222;-500458;-509798;-517598;-650708;
2026-06-21T06:06:03.520;835351573863501630;-500306;-509646;-517446;-650708;
2026-06-21T06:06:03.528;835351573870909037;-500157;-509497;-517297;-650708;
2026-06-21T06:06:03.535;835351573878316444;-500010;-509350;-517150;-650708;
2026-06-21T06:06:03.542;835351573885723852;-499866;-509206;-517006;-650708;
2026-06-21T06:06:03.550;835351573893131259;-499727;-509067;-516867;-650708;
2026-06-21T06:06:03.557;835351573900538667;-499593;-508933;-516733;-650708;
2026-06-21T06:06:03.565;835351573907946074;-499465;-508805;-516605;-650708;
2026-06-21T06:06:03.572;835351573915353481;-499342;-508682;-516482;-650708;
2026-06-21T06:06:03.579;835351573922760889;-499227;-508567;-516367;-650708;
2026-06-21T06:06:03.587;835351573930168296;-499119;-508459;-516259;-650708;
2026-06-21T06:06:03.594;835351573937575704;-499018;-508358;-516158;-650708;
2026-06-21T06:06:03.602;835351573944983111;-498925;-508265;-516065;-650708;
2026-06-21T06:06:03.609;835351573952390519;-498840;-508180;-515980;-650708;
2026-06-21T06:06:03.616;835351573959797926;-498762;-508102;-515902;-650708;
2026-06-21T06:06:03.624;835351573967205333;-498693;-508033;-515833;-650708;
2026-06-21T06:06:03.631;835351573974612741;-498631;-507971;-515771;-650708;
2026-06-21T06:06:03.639;835351573982020148;-498577;-507917;-515717;-650708;
2026-06-21T06:06:03.646;835351573989427556;-498531;-507871;-515671;-650708;
2026-06-21T06:06:03.653;835351573996834963;-498491;-507831;-515631;-650708;
2026-06-21T06:06:03.661;835351574004242370;-498459;-507799;-515599;-650708;
2026-06-21T06:06:03.668;835351574011649778;-498432;-507772;-515572;-650708;
2026-06-21T06:06:03.676;835351574019057185;-498411;-507751;-515551;-650708;
2026-06-21T06:06:03.683;835351574026464593;-498396;-507736;-515536;-650708;
2026-06-21T06:06:03.691;835351574033872000;-498385;-507725;-515525;-650708;
2026-06-21T06:06:03.698;835351574041279407;-498379;-507719;-515519;-650708;
2026-06-21T06:06:03.705;835351574048686815;-498376;-507716;-515516;-650708;
2026-06-21T06:06:03.713;835351574056094222;-498375;-507715;-515515;-650708;
2026-06-21T06:06:03.720;835351574063501630;-498377;-507717;-515517;-650708;
2026-06-21T06:06:03.728;835351574070909037;-498380;-507720;-515520;-650708;
2026-06-21T06:06:03.735;835351574078316444;-498384;-507724;-515524;-650708;
2026-06-21T06:06:03.742;835351574085723852;-498388;-507728;-515528;-650709;
2026-06-21T06:06:03.750;835351574093131259;-498391;-507731;-515531;-650709;
2026-06-21T06:06:03.757;835351574100538667;-498393;-507733;-515533;-650709;
2026-06-21T06:06:03.765;835351574107946074;-498393;-507733;-515533;-650709;
2026-06-21T06:06:03.772;835351574115353481;-498392;-507732;-515532;-650709;
2026-06-21T06:06:03.779;835351574122760889;-498387;-507727;-515527;-650709;
2026-06-21T06:06:03.787;835351574130168296;-498379;-507719;-515519;-650709;
2026-06-21T06:06:03.794;835351574137575704;-498368;-507708;-515508;-650709;
2026-06-21T06:06:03.802;835351574144983111;-498353;-507693;-515493;-650709;
2026-06-21T06:06:03.809;835351574152390519;-498333;-507673;-515473;-650709;
2026-06-21T06:06:03.816;835351574159797926;-498310;-507650;-515450;-650709;
2026-06-21T06:06:03.824;835351574167205333;-498282;-507622;-515422;-650709;
2026-06-21T06:06:03.831;835351574174612741;-498249;-507589;-515389;-650709;
2026-06-21T06:06:03.839;835351574182020148;-498212;-507552;-515352;-650709;
2026-06-21T06:06:03.846;835351574189427556;-498171;-507511;-515311;-650709;
2026-06-21T06:06:03.853;835351574196834963;-498126;-507466;-515266;-650709;
2026-06-21T06:06:03.861;835351574204242370;-498077;-507417;-515217;-650709;
2026-06-21T06:06:03.868;835351574211649778;-498024;-507364;-515164;-650709;
2026-06-21T06:06:03.876;835351574219057185;-497968;-507308;-515108;-650709;
2026-06-21T06:06:03.883;835351574226464593;-497910;-507250;-515050;-650709;
